{
"type": "FeatureCollection",
"name": "StudyArea",
"crs": { "type": "name", "properties": { "name": "urn:ogc:def:crs:ESRI::102113" } },
"features": [
{ "type": "Feature", "properties": { "fid": 5, "Name": "MS Sound and Barrier Islands" }, "geometry": { "type": "MultiPolygon", "coordinates": [ [ [ [ -9787733.008758815005422, 3587299.149322615936399 ], [ -9787717.689756287261844, 3586192.108594157733023 ], [ -9787615.146662067621946, 3585879.552911670412868 ], [ -9787443.956347899511456, 3586485.008821049705148 ], [ -9787344.360702892765403, 3586821.311030116397887 ], [ -9787272.967239296063781, 3587076.976380869746208 ], [ -9787242.350504459813237, 3587306.277956023346633 ], [ -9787197.408728152513504, 3587589.421837970614433 ], [ -9787114.312698239460588, 3587736.762460878118873 ], [ -9786898.930020710453391, 3587746.75135365081951 ], [ -9786739.094494527205825, 3587649.501451629213989 ], [ -9786634.808707688003778, 3587445.01749309245497 ], [ -9786704.241336207836866, 3587310.977275846060365 ], [ -9786722.518526675179601, 3587013.886637699790299 ], [ -9786754.241126937791705, 3586717.023465406149626 ], [ -9786799.627599118277431, 3586406.874236744362861 ], [ -9786886.445773025974631, 3586029.8285853122361 ], [ -9787011.403353815898299, 3585788.580369797535241 ], [ -9787125.100568603724241, 3585411.991301353089511 ], [ -9787140.51653697527945, 3585290.60111089842394 ], [ -9787119.100844981148839, 3584952.360827620141208 ], [ -9787481.994933294132352, 3584524.177915924228728 ], [ -9787310.062523549422622, 3584345.674661058466882 ], [ -9786731.243759287521243, 3583552.366728631779552 ], [ -9786537.716528778895736, 3583049.188293104991317 ], [ -9786515.440254759043455, 3582765.045327071566135 ], [ -9786493.384160993620753, 3582467.399574279319495 ], [ -9786497.553889952600002, 3582210.728459656238556 ], [ -9786598.819482291117311, 3580942.280380953568965 ], [ -9786661.348121820017695, 3580402.871765196789056 ], [ -9786666.826535223051906, 3580065.202221006155014 ], [ -9786701.373082596808672, 3579592.92022377345711 ], [ -9786664.999678989872336, 3579349.152232944499701 ], [ -9786555.350226255133748, 3578463.257485835812986 ], [ -9786164.950446365401149, 3577673.386312758550048 ], [ -9785905.882107734680176, 3577074.809058926533908 ], [ -9785649.036986628547311, 3576341.229219840373844 ], [ -9785369.314423700794578, 3575364.21540373377502 ], [ -9785302.363329151645303, 3574525.820626408327371 ], [ -9785616.80697724968195, 3573369.682154783047736 ], [ -9786680.944397810846567, 3570713.803954025730491 ], [ -9788447.133678652346134, 3567799.819609700702131 ], [ -9788805.728066207841039, 3567211.757696960587054 ], [ -9789143.904396409168839, 3566218.508339849766344 ], [ -9789046.855459876358509, 3565569.170916609466076 ], [ -9788808.673429531976581, 3565349.407906051259488 ], [ -9787800.601758556440473, 3564577.402326069306582 ], [ -9787353.34569232724607, 3564003.406178056728095 ], [ -9787144.242392355576158, 3563649.18468715203926 ], [ -9786856.084334559738636, 3561539.788606183603406 ], [ -9786326.25835401006043, 3557781.325494922231883 ], [ -9785866.44578006118536, 3556344.31535692512989 ], [ -9784726.001698814332485, 3555516.531924664974213 ], [ -9782609.164445474743843, 3553701.768153140321374 ], [ -9780257.644406173378229, 3552463.223213611636311 ], [ -9780018.06427551060915, 3552351.352035139221698 ], [ -9779484.380472106859088, 3552180.602003531996161 ], [ -9778464.820056127384305, 3552190.337105617392808 ], [ -9778336.201613603159785, 3552175.152742681559175 ], [ -9778206.705485241487622, 3552098.815816308837384 ], [ -9778103.802827253937721, 3552036.409431678708643 ], [ -9778046.98388727940619, 3552025.335261824540794 ], [ -9777996.699763722717762, 3552024.481909537687898 ], [ -9777966.47267666272819, 3552027.338891151826829 ], [ -9777959.485013008117676, 3552044.070539854932576 ], [ -9777985.680465906858444, 3552081.585865875240415 ], [ -9778038.354849034920335, 3552139.771091370843351 ], [ -9778064.041346913203597, 3552207.60877148155123 ], [ -9778089.331955006346107, 3552299.030896475538611 ], [ -9778091.609038768336177, 3552363.102044368162751 ], [ -9778127.353373745456338, 3552431.11144757270813 ], [ -9778173.268436919897795, 3552492.553273702040315 ], [ -9778219.1273761857301, 3552557.36448239069432 ], [ -9778270.786837585270405, 3552676.197689647320658 ], [ -9778328.869501207023859, 3552811.991984459105879 ], [ -9778404.111624658107758, 3552924.486187635920942 ], [ -9778446.451174288988113, 3552999.35014211665839 ], [ -9778485.664654048159719, 3553060.680140615440905 ], [ -9778501.805973049253225, 3553098.027191767003387 ], [ -9778497.605923060327768, 3553148.511227963492274 ], [ -9778479.99545537866652, 3553198.768314094282687 ], [ -9778485.85308625176549, 3553249.423101721331477 ], [ -9778508.360858945176005, 3553307.10088439937681 ], [ -9778697.676050120964646, 3553617.015546681825072 ], [ -9778819.130829295143485, 3553774.113266677130014 ], [ -9778858.574048699811101, 3553821.967702767346054 ], [ -9778894.55197218619287, 3553876.504704129882157 ], [ -9778930.642994992434978, 3553924.302635657601058 ], [ -9778945.771523933857679, 3554022.30499462923035 ], [ -9778961.689748415723443, 3554073.132966218050569 ], [ -9778981.130102204158902, 3554113.908821635413915 ], [ -9779007.163524406030774, 3554161.537451763171703 ], [ -9779026.604149963706732, 3554202.313532461877912 ], [ -9779035.986257001757622, 3554242.919749084394425 ], [ -9779035.253371043130755, 3554286.72582096233964 ], [ -9779025.897736646234989, 3554444.989542160648853 ], [ -9778976.024094672873616, 3554619.42404435062781 ], [ -9778948.128563841804862, 3554682.996732114814222 ], [ -9778916.710481693968177, 3554756.62243353202939 ], [ -9778891.659536892548203, 3554850.580958847887814 ], [ -9778802.16616877913475, 3554987.27076466428116 ], [ -9778746.54070627130568, 3555104.309352839831263 ], [ -9778725.574993738904595, 3555154.517633805051446 ], [ -9778687.448071388527751, 3555228.031835785601288 ], [ -9778663.072260661050677, 3555281.553665243089199 ], [ -9778522.314440654590726, 3555474.684037015307695 ], [ -9778280.049309052526951, 3555720.030360817443579 ], [ -9778141.206472912803292, 3555798.57908829068765 ], [ -9778097.047371368855238, 3555831.539887864142656 ], [ -9778049.308086594566703, 3555877.924069514963776 ], [ -9778008.218387126922607, 3555927.792263871058822 ], [ -9777952.52449918910861, 3556048.205518493428826 ], [ -9777934.396995667368174, 3556128.80441819736734 ], [ -9777920.019563313573599, 3556185.869469643570483 ], [ -9777899.218774877488613, 3556225.969777952879667 ], [ -9777871.824501669034362, 3556259.21575623517856 ], [ -9777850.909979082643986, 3556306.056628369726241 ], [ -9777826.301472518593073, 3556373.061986082233489 ], [ -9777795.326274145394564, 3556419.732101880945265 ], [ -9777771.284736907109618, 3556453.035358111839741 ], [ -9777729.967849211767316, 3556536.442071646917611 ], [ -9777708.030443709343672, 3556643.948948838748038 ], [ -9777679.726262869313359, 3556731.120588757097721 ], [ -9777611.065628431737423, 3556824.348485543392599 ], [ -9777536.265054492279887, 3556883.758769344072789 ], [ -9777407.579305110499263, 3556955.736213335767388 ], [ -9777339.939195508137345, 3556988.29701920831576 ], [ -9777252.06345203705132, 3557027.2552245631814 ], [ -9777165.553319785743952, 3556985.323497669305652 ], [ -9777127.70152417384088, 3556843.081760219298303 ], [ -9777129.523203724995255, 3556735.231232605874538 ], [ -9777165.448728861287236, 3556594.250833726488054 ], [ -9777166.814649406820536, 3556513.364410317968577 ], [ -9777154.539165172725916, 3556445.730655599851161 ], [ -9777121.118720684200525, 3556438.418137855362147 ], [ -9777066.780642528086901, 3556477.945571719203144 ], [ -9777011.303143059834838, 3556584.878159330692142 ], [ -9776941.840952416881919, 3556725.285356824751943 ], [ -9776900.11727930419147, 3556812.226458576507866 ], [ -9776852.255949229001999, 3556865.349922557827085 ], [ -9776798.371327186003327, 3556877.914577156770974 ], [ -9776711.74977121129632, 3556842.721001952886581 ], [ -9776639.91216286085546, 3556726.868784374557436 ], [ -9776607.860892912372947, 3556638.667733610142022 ], [ -9776563.880154430866241, 3556462.611443810164928 ], [ -9776558.999631561338902, 3556354.649732232559472 ], [ -9776574.011082367971539, 3556260.513772376347333 ], [ -9776596.641891077160835, 3556112.570793696213514 ], [ -9776585.168586879968643, 3555997.757134118583053 ], [ -9776559.369346195831895, 3555936.636511932592839 ], [ -9776513.679038841277361, 3555861.691688369959593 ], [ -9776447.983985096216202, 3555779.662814085837454 ], [ -9776310.11851342394948, 3555602.010904784779996 ], [ -9776219.315145216882229, 3555418.424370156601071 ], [ -9776207.959892002865672, 3555296.876961196772754 ], [ -9776203.310952143743634, 3555175.445573756005615 ], [ -9776218.551753256469965, 3555067.839341512415558 ], [ -9776253.567602293565869, 3554980.797492215409875 ], [ -9776322.455631909891963, 3554874.111231493763626 ], [ -9776344.058274585753679, 3554786.840806576889008 ], [ -9776312.127565016970038, 3554691.913206356111914 ], [ -9776278.826532255858183, 3554677.860182890668511 ], [ -9776165.397876191884279, 3554642.210465225856751 ], [ -9775959.460876693949103, 3554524.077230862341821 ], [ -9775626.577310629189014, 3554376.797430689912289 ], [ -9775460.99846862629056, 3554252.610430486965925 ], [ -9775429.648969460278749, 3554123.988934556953609 ], [ -9775424.892720015719533, 3554009.307923591230065 ], [ -9775427.300582418218255, 3553867.786916780751199 ], [ -9775442.08722510933876, 3553787.148921256419271 ], [ -9775496.876522492617369, 3553720.680564872920513 ], [ -9775558.141403567045927, 3553667.805350092705339 ], [ -9775665.770316975191236, 3553649.430498257279396 ], [ -9775732.136663628742099, 3553691.01507966639474 ], [ -9775783.948074808344245, 3553799.75957799050957 ], [ -9775803.263118142262101, 3553847.278018780052662 ], [ -9775869.630957433953881, 3553888.86259008012712 ], [ -9775997.263455348089337, 3553877.568697541952133 ], [ -9776105.808077212423086, 3553805.277319820132107 ], [ -9776234.239209005609155, 3553746.807792007923126 ], [ -9776389.148275226354599, 3553709.013041558675468 ], [ -9776510.415592702105641, 3553677.382252297829837 ], [ -9776618.157626738771796, 3553652.260155730415136 ], [ -9776766.815004929900169, 3553587.390457058791071 ], [ -9776909.10719676502049, 3553502.188050127122551 ], [ -9777092.652833348140121, 3553357.02073948411271 ], [ -9777296.309767130762339, 3553212.194825049955398 ], [ -9777337.563240427523851, 3553152.231127548031509 ], [ -9777365.860525945201516, 3553065.08437785319984 ], [ -9777373.70152940787375, 3552997.811668347101659 ], [ -9777290.513142384588718, 3552760.476137708406895 ], [ -9777304.945536352694035, 3552700.057785293087363 ], [ -9777326.196233291178942, 3552633.015392377506942 ], [ -9777340.85547080822289, 3552559.120702674146742 ], [ -9777355.628099512308836, 3552478.488016592804343 ], [ -9777349.945595948025584, 3552417.728446436580271 ], [ -9777331.535273186862469, 3552316.310928464867175 ], [ -9777333.920589318498969, 3552174.80720779998228 ], [ -9777361.988253289833665, 3552101.143405290786177 ], [ -9777410.169160731136799, 3552027.822285503149033 ], [ -9777464.486458115279675, 3551988.306114416569471 ], [ -9777572.779710659757257, 3551929.48770989337936 ], [ -9777694.027376541867852, 3551897.8488779803738 ], [ -9777852.439136132597923, 3551869.83499450283125 ], [ -9777896.018144223839045, 3551870.575043704826385 ], [ -9777924.766949277371168, 3551855.898132524453104 ], [ -9777938.657177815213799, 3551827.488931730389595 ], [ -9777942.71719285659492, 3551785.432946513872594 ], [ -9777940.016152990981936, 3551746.632299846969545 ], [ -9777938.415167322382331, 3551588.288559869397432 ], [ -9777916.12789618037641, 3551318.318252176977694 ], [ -9777924.280683275312185, 3550833.205454668495804 ], [ -9777772.450461300089955, 3550291.481327722780406 ], [ -9777510.657136484980583, 3549909.644023434258997 ], [ -9776934.402506392449141, 3549091.182681768201292 ], [ -9776778.537240350618958, 3548792.032851660624146 ], [ -9776149.672550970688462, 3547918.809496960137039 ], [ -9774279.355844207108021, 3545946.325361528433859 ], [ -9773697.49051289819181, 3545478.182140834629536 ], [ -9773408.19002640247345, 3545149.825681783724576 ], [ -9772316.694010755047202, 3544699.762704578693956 ], [ -9771599.560291890054941, 3544310.049339883960783 ], [ -9771043.739009961485863, 3543896.188658670987934 ], [ -9770436.227346502244473, 3543373.644314460456371 ], [ -9769811.816202990710735, 3542285.05828054016456 ], [ -9769180.927738776430488, 3541573.546398934908211 ], [ -9768707.571995774284005, 3541053.3841732298024 ], [ -9768498.880329830572009, 3540726.459707699716091 ], [ -9768373.405831160023808, 3540239.402634802274406 ], [ -9768678.94928203523159, 3539625.315947416238487 ], [ -9768954.85121189057827, 3539172.322599980048835 ], [ -9769477.930493613705039, 3538373.58213411970064 ], [ -9769888.647788660600781, 3537869.12174707185477 ], [ -9770162.59683077596128, 3537523.843734611291438 ], [ -9770489.635659882798791, 3537206.42699143383652 ], [ -9771465.079952228814363, 3536577.195859516039491 ], [ -9773023.210843589156866, 3536334.986647044308484 ], [ -9774816.402398897334933, 3536446.674999417271465 ], [ -9776265.518429080024362, 3536309.90064841369167 ], [ -9776670.918700290843844, 3536101.389398794155568 ], [ -9776914.696239059790969, 3535943.975083127152175 ], [ -9777506.657803619280457, 3535792.463650403078645 ], [ -9777911.121213482692838, 3535637.755471213255078 ], [ -9779099.91388357244432, 3535038.523981681093574 ], [ -9779585.129872594028711, 3534858.203032673336565 ], [ -9780016.769131766632199, 3534676.968458333984017 ], [ -9780902.79517331533134, 3534557.153149976860732 ], [ -9783673.096300488337874, 3534562.074409920722246 ], [ -9784476.999292112886906, 3534548.351561138872057 ], [ -9785676.558800410479307, 3534917.974163880106062 ], [ -9786259.29367570579052, 3535331.338167037814856 ], [ -9786524.107256311923265, 3535524.121386529412121 ], [ -9786813.986110618337989, 3535825.0157340625301 ], [ -9787316.442137600854039, 3536237.060873898677528 ], [ -9787630.600856207311153, 3536329.03585804766044 ], [ -9787949.782259890809655, 3536475.558349102269858 ], [ -9788455.195268999785185, 3536705.857247451785952 ], [ -9788587.900325058028102, 3536785.411461065057665 ], [ -9788779.862946106120944, 3536929.873528539203107 ], [ -9788972.257567698135972, 3537047.411692116875201 ], [ -9789156.959755031391978, 3537016.711233895737678 ], [ -9789399.439019687473774, 3536933.074137960094959 ], [ -9789423.145065108314157, 3536916.622702076099813 ], [ -9789460.991378521546721, 3536853.271227264776826 ], [ -9789475.131595095619559, 3536806.371365300845355 ], [ -9789482.414891080930829, 3536769.460350997280329 ], [ -9789546.834732359275222, 3536719.998952553607523 ], [ -9789593.925927760079503, 3536707.287586205638945 ], [ -9789731.105209248140454, 3536716.212713103275746 ], [ -9789842.370907040312886, 3536683.1061981478706 ], [ -9789880.173745496198535, 3536675.294605555944145 ], [ -9789930.440065821632743, 3536673.572575862519443 ], [ -9789973.836703164502978, 3536682.680579322390258 ], [ -9790022.349097007885575, 3536685.979364815633744 ], [ -9790076.973741644993424, 3536673.386411932297051 ], [ -9790096.466364629566669, 3536658.54983843350783 ], [ -9790144.929244602099061, 3536598.272674930281937 ], [ -9790169.005602804943919, 3536558.263491928577423 ], [ -9790206.20981559343636, 3536535.294060778338462 ], [ -9790337.448026413097978, 3536521.688864531461149 ], [ -9790427.257203064858913, 3536535.449898904655129 ], [ -9790467.968437800183892, 3536502.437336513772607 ], [ -9790444.484151126816869, 3536439.007410929072648 ], [ -9790416.569417862221599, 3536363.610648866742849 ], [ -9790420.660501869395375, 3536316.551359023433179 ], [ -9790441.01578975468874, 3536300.045360882300884 ], [ -9790508.088633609935641, 3536294.381082996726036 ], [ -9790568.941863927990198, 3536258.323349130339921 ], [ -9790574.19852739199996, 3536137.231165933422744 ], [ -9790549.691730136051774, 3535992.104937294963747 ], [ -9790536.828845910727978, 3535958.240887808147818 ], [ -9790541.290376342833042, 3535887.627506033051759 ], [ -9790582.529189009219408, 3535820.96555291954428 ], [ -9790616.54125608317554, 3535787.847685171756893 ], [ -9790677.391712047159672, 3535751.790720826480538 ], [ -9790808.60677276365459, 3535713.486026499420404 ], [ -9791053.60647240281105, 3535680.352323799859732 ], [ -9791147.884186225011945, 3535648.18966719461605 ], [ -9791199.691894765943289, 3535548.036122227087617 ], [ -9791220.731701536104083, 3535487.78497732616961 ], [ -9791268.873153211548924, 3535407.768971368670464 ], [ -9791403.614649472758174, 3535306.181992339435965 ], [ -9791328.328555626794696, 3534981.879503540694714 ], [ -9790918.808607783168554, 3534799.588024739641696 ], [ -9790934.051569765433669, 3534682.033491126727313 ], [ -9791016.868897574022412, 3534313.137267254292965 ], [ -9791038.277221066877246, 3534229.339633523486555 ], [ -9791093.004548391327262, 3534156.167453246656805 ], [ -9791339.029020749032497, 3534055.738542831037194 ], [ -9791426.651114251464605, 3534020.106597748119384 ], [ -9791672.670572897419333, 3533919.671986110042781 ], [ -9791797.537041198462248, 3533857.703596863895655 ], [ -9791951.37434751726687, 3533870.23029987514019 ], [ -9791980.977878974750638, 3533904.351809123530984 ], [ -9791996.506845969706774, 3533982.001577542163432 ], [ -9792002.150445176288486, 3534049.399382911622524 ], [ -9792051.578286143019795, 3534100.661504517309368 ], [ -9792165.245408963412046, 3534112.551732000429183 ], [ -9792239.474718200042844, 3534076.702605153433979 ], [ -9792334.105326069518924, 3534020.98209015885368 ], [ -9792678.880440296605229, 3533814.391028604935855 ], [ -9793082.908988904207945, 3533672.665619348175824 ], [ -9793126.167511884123087, 3533690.171598847489804 ], [ -9793172.564735874533653, 3533721.18818251369521 ], [ -9793385.721270067617297, 3533795.204972270876169 ], [ -9793603.271574513986707, 3533801.979459982831031 ], [ -9793918.635932775214314, 3533763.164607089478523 ], [ -9794063.108783215284348, 3533731.769024882465601 ], [ -9794124.200276412069798, 3533678.877499154768884 ], [ -9794158.405655149370432, 3533632.296728239394724 ], [ -9794192.246710285544395, 3533609.267737166490406 ], [ -9794252.97312974371016, 3533579.927705965470523 ], [ -9794323.43046835437417, 3533570.931287869345397 ], [ -9794370.298057017847896, 3533571.662509870249778 ], [ -9794709.400206910446286, 3533513.006611375138164 ], [ -9794782.789820123463869, 3533530.975924367085099 ], [ -9794862.40854325145483, 3533579.329828585963696 ], [ -9794918.593922151252627, 3533627.318906708620489 ], [ -9795005.478989876806736, 3533638.766325873322785 ], [ -9795036.126286849379539, 3533605.589286048896611 ], [ -9795090.310847574844956, 3533566.047424652613699 ], [ -9795247.962996914982796, 3533548.304748599883169 ], [ -9795358.488619020208716, 3533546.655412063468248 ], [ -9795442.181010538712144, 3533547.954160531051457 ], [ -9795562.801422607153654, 3533543.094303431920707 ], [ -9795727.406300811097026, 3533508.62675530416891 ], [ -9795889.126730291172862, 3533443.824589715339243 ], [ -9796027.515002522617579, 3533371.929151140619069 ], [ -9796356.151751156896353, 3533339.989840351976454 ], [ -9797012.857592461630702, 3533313.09497737698257 ], [ -9797146.046895358711481, 3533362.258135801646858 ], [ -9797145.432183541357517, 3533402.632404670584947 ], [ -9797151.6665307469666, 3533433.016157067846507 ], [ -9797194.930485984310508, 3533450.508054166566581 ], [ -9797345.474663218483329, 3533459.552472016308457 ], [ -9797448.997778946533799, 3533477.969183823093772 ], [ -9797526.250769095495343, 3533462.328498330898583 ], [ -9797633.632933786138892, 3533447.14958170754835 ], [ -9797915.707801995798945, 3533394.263009038753808 ], [ -9798019.588394157588482, 3533389.123164925724268 ], [ -9798267.030572010204196, 3533428.201364224776626 ], [ -9798321.494528703391552, 3533264.301457255147398 ], [ -9798380.301745856180787, 3533101.92687863111496 ], [ -9798443.40996003523469, 3532941.193815210834146 ], [ -9798467.112225070595741, 3532885.257541121914983 ], [ -9798499.216039808467031, 3532805.082494099624455 ], [ -9798568.041891349479556, 3532645.717977777123451 ], [ -9798641.107568977400661, 3532488.273846187628806 ], [ -9798657.81692942045629, 3532453.496955303940922 ], [ -9798731.212934078648686, 3532305.602540166582912 ], [ -9798808.349925266578794, 3532159.645959278102964 ], [ -9798889.177264580503106, 3532015.722727383486927 ], [ -9798973.641902366653085, 3531873.927022460848093 ], [ -9799061.688412703573704, 3531734.351624383125454 ], [ -9799153.259029895067215, 3531597.087854492012411 ], [ -9799178.869747312739491, 3531559.739718964323401 ], [ -9799275.492572816088796, 3531422.684057037811726 ], [ -9799375.628629328683019, 3531288.201932936906815 ], [ -9799479.210077917203307, 3531156.384231613017619 ], [ -9799586.166755678132176, 3531027.320032148621976 ], [ -9799696.426223304122686, 3530901.096547919791192 ], [ -9799809.913814211264253, 3530777.799067995976657 ], [ -9799926.552685119211674, 3530657.510899865534157 ], [ -9800046.263868100941181, 3530540.31331348977983 ], [ -9800168.966324027627707, 3530426.285486745182425 ], [ -9800194.567243767902255, 3530403.107797386590391 ], [ -9800316.413031468167901, 3530295.563116090372205 ], [ -9800440.919537365436554, 3530191.143999097403139 ], [ -9800568.007421718910336, 3530089.916861945297569 ], [ -9800697.595706798136234, 3529991.946087214164436 ], [ -9800829.601828400045633, 3529897.293983858544379 ], [ -9800963.941688355058432, 3529806.02074786555022 ], [ -9801100.529707990586758, 3529718.184424248058349 ], [ -9801239.278882527723908, 3529633.840870401822031 ], [ -9801380.100836362689734, 3529553.04372086096555 ], [ -9801410.147252464666963, 3529536.306097216438502 ], [ -9801550.43511744402349, 3529460.426886536180973 ], [ -9801692.55100367590785, 3529388.067150408867747 ], [ -9801836.407548142597079, 3529319.271302064880729 ], [ -9801981.916322285309434, 3529254.081566331908107 ], [ -9802128.987886166200042, 3529192.537953929509968 ], [ -9802277.531843263655901, 3529134.678237101063132 ], [ -9802427.456895815208554, 3529080.537926622666419 ], [ -9802449.711074229329824, 3529072.813286430202425 ], [ -9802616.61178887821734, 3529017.436425522435457 ], [ -9802784.956584446132183, 3528966.668671964667737 ], [ -9802954.619532870128751, 3528920.547951059415936 ], [ -9802964.633522884920239, 3528917.972968085668981 ], [ -9803133.399766910821199, 3528877.010096236597747 ], [ -9803247.270352343097329, 3528852.624281232710928 ], [ -9803402.598765062168241, 3528816.019545471761376 ], [ -9803573.486981501802802, 3528780.638698231894523 ], [ -9803580.162822000682354, 3528779.351234544068575 ], [ -9803751.460537385195494, 3528748.726506025996059 ], [ -9803923.520239798352122, 3528722.774637321941555 ], [ -9804096.215818338096142, 3528701.514629410579801 ], [ -9804269.420697696506977, 3528684.96204949170351 ], [ -9804358.430572278797626, 3528678.894758293405175 ], [ -9804520.08477027527988, 3528638.543693056330085 ], [ -9804694.260599395260215, 3528600.191096147987992 ], [ -9804781.873096788302064, 3528583.445845090318471 ], [ -9804859.445721304044127, 3528566.191363064572215 ], [ -9805006.31636711396277, 3528535.29296550154686 ], [ -9805185.089130155742168, 3528500.33251694496721 ], [ -9805364.7756711486727, 3528470.478792596142739 ], [ -9805369.537604819983244, 3528469.826426439452916 ], [ -9805388.06017879396677, 3528466.367521362844855 ], [ -9805568.348190931603312, 3528437.99947796203196 ], [ -9805727.59075914695859, 3528415.265484828036278 ], [ -9805794.490728976204991, 3528405.452687223441899 ], [ -9805961.873409040272236, 3528383.154207923449576 ], [ -9806129.781138667836785, 3528365.284035441465676 ], [ -9806190.773462401703, 3528360.41788757732138 ], [ -9806223.51740668527782, 3528356.681319187395275 ], [ -9806399.737490443512797, 3528341.497341186739504 ], [ -9806576.306588876992464, 3528331.194122270680964 ], [ -9806753.090964257717133, 3528325.779463432263583 ], [ -9806826.155026905238628, 3528324.552739423699677 ], [ -9806920.473641641438007, 3528322.859027573373169 ], [ -9806961.244898866862059, 3528321.370128902141005 ], [ -9807137.515492174774408, 3528319.797527729533613 ], [ -9807313.76278393343091, 3528323.08568452578038 ], [ -9807489.854167429730296, 3528331.23213774850592 ], [ -9807664.136482445523143, 3528344.118350211065263 ], [ -9807683.677232481539249, 3528342.146500209812075 ], [ -9807866.847507461905479, 3528328.965297570452094 ], [ -9808050.317747376859188, 3528321.05073359515518 ], [ -9808233.93814236484468, 3528318.409270886797458 ], [ -9808256.190753787755966, 3528318.408786862157285 ], [ -9808419.645643783733249, 3528320.495100498199463 ], [ -9808582.994960585609078, 3528326.760097338818014 ], [ -9808746.13301495462656, 3528337.199736849404871 ], [ -9808908.954253381118178, 3528351.807281454093754 ], [ -9809071.353326054289937, 3528370.573300830088556 ], [ -9809101.394921496510506, 3528374.434496874921024 ], [ -9809263.625215996056795, 3528397.401913180947304 ], [ -9809425.220497822389007, 3528424.519204236101359 ], [ -9809586.075740430504084, 3528455.768779344856739 ], [ -9809746.086395751684904, 3528491.130365831777453 ], [ -9809905.14846183732152, 3528530.581022081431001 ], [ -9810063.158550193533301, 3528574.095152264926583 ], [ -9810080.96190239302814, 3528579.244116096291691 ], [ -9810240.141988504678011, 3528627.531064593233168 ], [ -9810398.026206023991108, 3528679.94194946018979 ], [ -9810554.508844183757901, 3528736.441742016468197 ], [ -9810709.485126135870814, 3528796.992679119110107 ], [ -9810862.85127885080874, 3528861.554288188926876 ], [ -9810919.846905941143632, 3528887.309733162168413 ], [ -9810926.644388537853956, 3528889.793051504995674 ], [ -9810949.04058606363833, 3528898.022349282633513 ], [ -9811029.158886486664414, 3528927.630385478027165 ], [ -9811197.255034685134888, 3528992.451684538740665 ], [ -9811302.968387668952346, 3529034.933575367555022 ], [ -9811469.928939860314131, 3529104.782312972471118 ], [ -9811539.958713889122009, 3529136.432509952224791 ], [ -9811560.727065347135067, 3529138.234242321923375 ], [ -9811719.944970764219761, 3529154.05628991080448 ], [ -9811878.721851002424955, 3529173.857704449445009 ], [ -9812036.959305848926306, 3529197.626239183824509 ], [ -9812194.559267561882734, 3529225.3471923135221 ], [ -9812266.693568103015423, 3529239.904561955947429 ], [ -9812300.651771117001772, 3529241.241688830312341 ], [ -9812306.290395360440016, 3529241.332160836085677 ], [ -9812511.878440625965595, 3529248.565342035144567 ], [ -9812512.458748137578368, 3529248.540622028056532 ], [ -9812596.66347037628293, 3529247.061324968002737 ], [ -9812610.900854321196675, 3529246.434243498835713 ], [ -9812758.934274509549141, 3529243.347112250048667 ], [ -9812794.458234529942274, 3529243.017698784824461 ], [ -9812888.078818755224347, 3529239.509663295466453 ], [ -9813081.396514410153031, 3529238.115811557043344 ], [ -9813243.84064713306725, 3529239.399673187639564 ], [ -9813314.517574097961187, 3529240.348548681940883 ], [ -9813439.870181500911713, 3529242.723974058404565 ], [ -9813524.88203495182097, 3529242.251500437036157 ], [ -9813545.251327414065599, 3529241.696555403061211 ], [ -9813556.421506958082318, 3529241.043062996119261 ], [ -9813704.690830292180181, 3529235.818008173257113 ], [ -9813776.864427823573351, 3529234.11254200944677 ], [ -9813855.137679245322943, 3529230.357199389487505 ], [ -9813897.386850796639919, 3529227.176332219969481 ], [ -9814185.558324238285422, 3529209.147273316979408 ], [ -9814300.496344545856118, 3529202.993116585537791 ], [ -9814358.353066066280007, 3529200.417202532757074 ], [ -9814411.700128667056561, 3529198.265092292334884 ], [ -9814831.488344119861722, 3529183.078475635498762 ], [ -9814851.28475783765316, 3529182.09446134744212 ], [ -9814872.131970267742872, 3529180.280318856239319 ], [ -9815560.711287764832377, 3529118.39781479164958 ], [ -9815918.39504786208272, 3529085.718239975627512 ], [ -9816159.328181460499763, 3529062.305524819530547 ], [ -9816204.610102731734514, 3529057.439548430498689 ], [ -9816300.832632893696427, 3529047.089739703107625 ], [ -9816465.274854816496372, 3529019.490269365720451 ], [ -9816603.865090899169445, 3528997.788705468177795 ], [ -9817014.828331109136343, 3528938.039884611032903 ], [ -9817168.796086857095361, 3528914.508459557313472 ], [ -9817403.196639861911535, 3528883.106397705152631 ], [ -9817584.301539186388254, 3528862.244022124446929 ], [ -9817609.825712518766522, 3528858.900354940444231 ], [ -9817829.843414328992367, 3528824.669570644851774 ], [ -9817879.443072482943535, 3528815.316517792642117 ], [ -9817977.521593796089292, 3528797.611701178830117 ], [ -9818156.657822974026203, 3528766.712435053661466 ], [ -9818188.675672834739089, 3528761.304786968510598 ], [ -9818283.134688155725598, 3528739.056126451119781 ], [ -9818446.859799832105637, 3528704.983968026470393 ], [ -9818611.411256451159716, 3528675.204916088841856 ], [ -9818714.633855508640409, 3528659.299663532525301 ], [ -9818760.500085361301899, 3528649.665933101437986 ], [ -9818873.058558281511068, 3528629.253306319471449 ], [ -9819012.749981701374054, 3528598.703349854797125 ], [ -9819062.819532694295049, 3528588.403879270423204 ], [ -9819244.385649673640728, 3528553.781229459214956 ], [ -9819397.488363549113274, 3528526.87181271193549 ], [ -9819432.19037546031177, 3528518.017177337780595 ], [ -9819588.135832574218512, 3528482.354180692695081 ], [ -9819744.915824567899108, 3528450.603222957346588 ], [ -9819857.376538040116429, 3528430.741655189543962 ], [ -9819859.50559382326901, 3528430.313997440040112 ], [ -9819870.858212921768427, 3528428.360600932966918 ], [ -9819902.433258410543203, 3528422.783943226095289 ], [ -9819909.224707435816526, 3528421.758964278269559 ], [ -9819951.244829766452312, 3528414.52851725416258 ], [ -9819992.157046843320131, 3528404.17360353982076 ], [ -9820161.417141353711486, 3528363.774391921237111 ], [ -9820331.703045424073935, 3528327.995620175264776 ], [ -9820469.672102427110076, 3528300.960074112284929 ], [ -9820587.944190807640553, 3528278.93645045068115 ], [ -9820647.960116727277637, 3528268.343650283291936 ], [ -9820685.737644566223025, 3528258.136854916810989 ], [ -9820755.836055645719171, 3528240.113602153025568 ], [ -9820900.902193384245038, 3528204.614327885676175 ], [ -9821046.74957781471312, 3528172.512459830846637 ], [ -9821171.860090909525752, 3528148.022178121842444 ], [ -9821292.18497752584517, 3528116.100950061809272 ], [ -9821472.020647117868066, 3528073.909185121301562 ], [ -9821536.554942602291703, 3528059.748144988436252 ], [ -9821683.417658122256398, 3528029.32210949016735 ], [ -9821777.484657237306237, 3528002.040744550526142 ], [ -9821941.903753949329257, 3527959.055063757114112 ], [ -9822107.395771633833647, 3527920.453638986218721 ], [ -9822273.845049390569329, 3527886.263413940090686 ], [ -9822394.42585720308125, 3527864.816477895714343 ], [ -9822439.827395519241691, 3527852.514447522349656 ], [ -9822598.939762124791741, 3527811.319943629205227 ], [ -9822673.644765380769968, 3527792.840675883926451 ], [ -9822681.233992297202349, 3527790.683757230639458 ], [ -9822836.952277932316065, 3527750.62811744492501 ], [ -9822993.618451476097107, 3527714.5001694499515 ], [ -9823061.639752836897969, 3527700.604899941477925 ], [ -9823110.598054913803935, 3527689.456097396090627 ], [ -9823247.464749997481704, 3527661.769584548193961 ], [ -9823358.989523760974407, 3527635.557084747124463 ], [ -9823445.813947483897209, 3527617.401518751401454 ], [ -9823551.490654639899731, 3527587.525200981646776 ], [ -9823716.460326712578535, 3527545.591304562985897 ], [ -9823848.075757674872875, 3527515.839691567234695 ], [ -9823860.878245733678341, 3527512.254034980200231 ], [ -9823928.751509286463261, 3527494.231913014315069 ], [ -9823928.804445376619697, 3527494.433286753483117 ], [ -9823988.266706688329577, 3527478.157033369876444 ], [ -9824166.981293009594083, 3527434.719982028007507 ], [ -9824240.417104391381145, 3527417.985110909212381 ], [ -9824465.356438418850303, 3527370.95787083171308 ], [ -9824471.487576907500625, 3527369.790594080928713 ], [ -9824651.149852028116584, 3527328.817346935160458 ], [ -9824831.990238301455975, 3527293.024232518393546 ], [ -9825013.777425292879343, 3527262.459483648650348 ], [ -9825029.755612928420305, 3527260.244571685791016 ], [ -9825099.381753083318472, 3527243.796617059502751 ], [ -9825234.01373128592968, 3527214.189144923351705 ], [ -9825341.36043968051672, 3527191.544772922992706 ], [ -9825411.457760954275727, 3527177.384587928187102 ], [ -9825421.261361315846443, 3527175.581008360721171 ], [ -9825559.364239227026701, 3527136.205678144004196 ], [ -9825649.491322865709662, 3527111.747826798819005 ], [ -9825796.961657598614693, 3527073.606769597157836 ], [ -9825945.289634427055717, 3527038.989186468999833 ], [ -9826094.391961930319667, 3527007.914491448551416 ], [ -9826244.184915602207184, 3526980.400111962575465 ], [ -9826274.226340631023049, 3526975.250972112175077 ], [ -9826452.909907510504127, 3526947.219262335915118 ], [ -9826632.307459251955152, 3526924.253321626689285 ], [ -9826812.27691463008523, 3526906.37131966277957 ], [ -9826843.457337504252791, 3526904.161913251504302 ], [ -9826930.702056320384145, 3526885.598337707109749 ], [ -9827093.375530071556568, 3526855.361708906013519 ], [ -9827220.217384517192841, 3526833.478114259429276 ], [ -9827371.746755335479975, 3526809.203035280574113 ], [ -9827523.809543255716562, 3526788.571966579183936 ], [ -9827676.319048497825861, 3526771.596658390015364 ], [ -9827715.261343397200108, 3526767.734591744374484 ], [ -9827867.478459810838103, 3526754.515768738929182 ], [ -9828019.968615682795644, 3526731.780344168655574 ], [ -9828116.768325379118323, 3526718.907396981026977 ], [ -9828284.060772163793445, 3526698.898736079689115 ], [ -9828451.817569939419627, 3526683.305667255073786 ], [ -9828619.923415072262287, 3526672.138898581732064 ], [ -9828649.18181424960494, 3526670.582258379552513 ], [ -9828700.432468334212899, 3526663.864916052669287 ], [ -9828855.574140388518572, 3526647.370782371610403 ], [ -9829011.068458722904325, 3526634.667547415010631 ], [ -9829037.591528944671154, 3526632.826190749648958 ], [ -9829132.866172663867474, 3526623.956144660711288 ], [ -9829273.366872116923332, 3526613.992452609352767 ], [ -9829294.577729564160109, 3526612.722933397162706 ], [ -9829416.910092499107122, 3526604.689723190385848 ], [ -9829432.275032131001353, 3526602.875686401501298 ], [ -9829490.703072668984532, 3526596.432086404878646 ], [ -9829655.109670028090477, 3526563.259048610460013 ], [ -9829822.29172214306891, 3526534.119449600111693 ], [ -9829990.180883482098579, 3526509.427388136275113 ], [ -9830158.660098720341921, 3526489.200060617178679 ], [ -9830327.61190265417099, 3526473.451555178035051 ], [ -9830496.918501723557711, 3526462.192841935902834 ], [ -9830616.622708950191736, 3526457.419495869427919 ], [ -9830695.401920050382614, 3526451.008772264234722 ], [ -9830869.489761218428612, 3526441.612833713181317 ], [ -9831043.767171053215861, 3526436.967897898051888 ], [ -9831108.429613640531898, 3526437.008788123261184 ], [ -9831169.790864394977689, 3526435.503642183262855 ], [ -9831346.353283124044538, 3526436.05143254250288 ], [ -9831522.834176383912563, 3526441.475476621184498 ], [ -9831699.100311502814293, 3526451.771693343762308 ], [ -9831734.704797880724072, 3526454.345231663901359 ], [ -9831899.958357565104961, 3526468.446777244098485 ], [ -9832057.867502374574542, 3526486.058270514942706 ], [ -9832062.753176705911756, 3526485.847032985650003 ], [ -9832217.967704642564058, 3526482.910480323247612 ], [ -9832373.207573596388102, 3526483.744024476036429 ], [ -9832520.075047379359603, 3526486.31545565277338 ], [ -9832672.580086968839169, 3526490.80574795184657 ], [ -9832824.936169978231192, 3526498.934498754329979 ], [ -9832977.057413045316935, 3526510.697137635666877 ], [ -9833128.85806436650455, 3526526.087048773653805 ], [ -9833280.252551808953285, 3526545.095574621576816 ], [ -9833326.983958750963211, 3526551.530185712967068 ], [ -9833497.504367087036371, 3526577.357193141710013 ], [ -9833667.274092568084598, 3526607.774722012225538 ], [ -9833836.170870561152697, 3526642.760906699579209 ], [ -9834004.073061915114522, 3526682.29059587744996 ], [ -9834170.859740206971765, 3526726.335370439104736 ], [ -9834336.410778464749455, 3526774.863563731312752 ], [ -9834500.606935355812311, 3526827.840284103993326 ], [ -9834663.329940723255277, 3526885.227439772803336 ], [ -9834824.462580464780331, 3526946.983765963464975 ], [ -9834983.88878065161407, 3527013.064854302443564 ], [ -9835141.49369085393846, 3527083.42318449402228 ], [ -9835163.749862119555473, 3527093.720447618514299 ], [ -9835314.864460229873657, 3527166.048807006794959 ], [ -9835464.053948557004333, 3527242.309550178702921 ], [ -9835611.217070743441582, 3527322.451011991128325 ], [ -9835739.826144881546497, 3527396.908270722720772 ], [ -9835745.34914643317461, 3527384.880506945773959 ], [ -9835819.30132457613945, 3527234.259582409635186 ], [ -9835897.126416455954313, 3527085.624921233393252 ], [ -9835978.771622758358717, 3526939.077041420619935 ], [ -9836064.181564660742879, 3526794.715043114498258 ], [ -9836153.298321569338441, 3526652.636541897431016 ], [ -9836246.061470558866858, 3526512.937603089027107 ], [ -9836342.408127462491393, 3526375.712677120696753 ], [ -9836442.272989636287093, 3526241.054536003619432 ], [ -9836545.588380314409733, 3526109.05421093525365 ], [ -9836652.284294560551643, 3525979.800931104458869 ], [ -9836762.288446765393019, 3525853.382063712924719 ], [ -9836875.526319680735469, 3525729.883055272977799 ], [ -9836991.921214917674661, 3525609.387374181766063 ], [ -9837111.394304918125272, 3525491.976454679854214 ], [ -9837233.864686334505677, 3525377.729642149060965 ], [ -9837237.894000362604856, 3525374.16244945442304 ], [ -9837272.004129616543651, 3525341.441312209703028 ], [ -9837397.004080252721906, 3525227.682709491811693 ], [ -9837524.931196384131908, 3525117.262148479931056 ], [ -9837655.697269516065717, 3525010.255621587391943 ], [ -9837789.212141949683428, 3524906.736768275033683 ], [ -9837925.383768850937486, 3524806.776824726723135 ], [ -9838064.118281599134207, 3524710.444575189147145 ], [ -9838205.320052370429039, 3524617.806304963771254 ], [ -9838348.891759911552072, 3524528.92575514735654 ], [ -9838494.734456455335021, 3524443.864079089835286 ], [ -9838642.747635742649436, 3524362.679800644051284 ], [ -9838792.829302087426186, 3524285.4287742045708 ], [ -9838865.161099622026086, 3524249.393945265095681 ], [ -9838928.868975782766938, 3524218.815569108817726 ], [ -9838925.609463065862656, 3524140.403515863697976 ], [ -9839002.711552178487182, 3524103.768681483343244 ], [ -9839043.520755721256137, 3524086.546046227216721 ], [ -9839207.515371216461062, 3524017.335967197548598 ], [ -9839398.347866520285606, 3523940.85181673662737 ], [ -9839693.906596671789885, 3523820.26335663208738 ], [ -9840033.976661156862974, 3523672.36607822496444 ], [ -9840203.965763755142689, 3523603.079419977031648 ], [ -9840378.334270991384983, 3523537.386919595766813 ], [ -9840549.020102562382817, 3523479.761537472717464 ], [ -9840661.086985802277923, 3523444.583098957780749 ], [ -9840769.116367252543569, 3523411.993252470158041 ], [ -9841033.374307068064809, 3523343.918257058598101 ], [ -9841260.532632393762469, 3523289.935098827350885 ], [ -9841503.347933020442724, 3523218.576075333636254 ], [ -9841735.584042172878981, 3523152.131071298848838 ], [ -9841853.715458018705249, 3523120.151536589488387 ], [ -9842064.573823671787977, 3523063.637453493196517 ], [ -9842248.883673192933202, 3523021.472763192374259 ], [ -9842378.866716388612986, 3522995.589045025873929 ], [ -9842418.814955243840814, 3522985.308873604051769 ], [ -9842527.856892675161362, 3522958.285466917790473 ], [ -9842705.735296769067645, 3522916.888214699923992 ], [ -9842884.712171386927366, 3522880.589389504399151 ], [ -9843064.642946353182197, 3522849.418274936266243 ], [ -9843170.76649558916688, 3522834.141625052317977 ], [ -9843216.173922149464488, 3522822.37518699420616 ], [ -9843364.705227293074131, 3522787.644692283589393 ], [ -9843514.014766070991755, 3522756.468206860590726 ], [ -9843631.956307914108038, 3522733.30536964116618 ], [ -9843764.600699109956622, 3522708.704760641790926 ], [ -9843823.571217795833945, 3522698.410097845364362 ], [ -9844015.840571107342839, 3522667.853658593259752 ], [ -9844208.942645397037268, 3522643.167206874582916 ], [ -9844214.904325176030397, 3522642.588988939765841 ], [ -9844225.416465613991022, 3522641.106045277789235 ], [ -9844252.911981925368309, 3522636.02586542442441 ], [ -9844349.712538834661245, 3522619.297068101353943 ], [ -9844508.381311783567071, 3522593.925031502731144 ], [ -9844667.631667472422123, 3522572.549751425627619 ], [ -9844827.364003252238035, 3522555.184581987094134 ], [ -9844987.478416135534644, 3522541.840372917242348 ], [ -9845147.874764991924167, 3522532.525462827179581 ], [ -9845155.32572889700532, 3522532.280521085485816 ], [ -9845264.329862222075462, 3522523.105142715387046 ], [ -9845418.974876888096333, 3522513.856646500527859 ], [ -9845462.361714279279113, 3522512.31632524728775 ], [ -9845518.225347135215998, 3522505.256286628078669 ], [ -9845673.002294082194567, 3522490.080739831086248 ], [ -9845709.972003802657127, 3522485.471239450853318 ], [ -9845898.456274401396513, 3522467.622548714280128 ], [ -9845930.722703866660595, 3522465.048582769930363 ], [ -9846099.894038477912545, 3522453.809224078431726 ], [ -9846269.301563499495387, 3522447.061526911798865 ], [ -9846438.82729434967041, 3522444.810189788229764 ], [ -9846520.049371143803, 3522444.808792067691684 ], [ -9846664.740732466802001, 3522446.444069754797965 ], [ -9846809.358810374513268, 3522451.354987248778343 ], [ -9846953.830236233770847, 3522459.539060639683157 ], [ -9847105.149097200483084, 3522469.829930765554309 ], [ -9847146.957993291318417, 3522472.810779510997236 ], [ -9847191.528142001479864, 3522476.135351858567446 ], [ -9847301.730748053640127, 3522483.505963779520243 ], [ -9847488.277608728036284, 3522498.728620355483145 ], [ -9847674.30429451353848, 3522519.407727398909628 ], [ -9847847.877602698281407, 3522541.27855557994917 ], [ -9847979.998826574534178, 3522559.327254764735699 ], [ -9848111.719033239409328, 3522580.128619748633355 ], [ -9848165.126816900447011, 3522589.134594017174095 ], [ -9848177.261764265596867, 3522591.192858248949051 ], [ -9848245.134147349745035, 3522602.772043404635042 ], [ -9848399.019692100584507, 3522630.966604485176504 ], [ -9848552.17685541883111, 3522662.919283852446824 ], [ -9848604.472835289314389, 3522674.498858647886664 ], [ -9848756.071583243086934, 3522710.007367684040219 ], [ -9848906.770104665309191, 3522749.197961166966707 ], [ -9849056.479914870113134, 3522792.047668155282736 ], [ -9849205.113106902688742, 3522838.531371995806694 ], [ -9849291.905819945037365, 3522866.838580956216902 ], [ -9849441.539216475561261, 3522917.692889854311943 ], [ -9849589.883718630298972, 3522972.230316435452551 ], [ -9849688.60386467911303, 3523011.316404615994543 ], [ -9849707.515156233683228, 3523017.761148100718856 ], [ -9849865.415988743305206, 3523076.251693178433925 ], [ -9849982.255793007090688, 3523121.287537734489888 ], [ -9850093.518332380801439, 3523165.889330384787172 ], [ -9850372.809947993606329, 3523205.664360470604151 ], [ -9850465.200284015387297, 3523218.655145600438118 ], [ -9850583.669330105185509, 3523239.237622721586376 ], [ -9850697.502672212198377, 3523259.083482805173844 ], [ -9850820.774980885908008, 3523285.714517120737582 ], [ -9850992.694979302585125, 3523323.145567847881466 ], [ -9851172.352116975933313, 3523362.590224258601665 ], [ -9851218.045703988522291, 3523372.622511782683432 ], [ -9851408.547603948041797, 3523420.31673950701952 ], [ -9851728.121464958414435, 3523515.794331773649901 ], [ -9851795.135313425213099, 3523536.989455808419734 ], [ -9851952.876563474535942, 3523591.303004941903055 ], [ -9852022.810770014300942, 3523609.622416692785919 ], [ -9852038.885589446872473, 3523613.704301299061626 ], [ -9852225.959774792194366, 3523661.208760358393192 ], [ -9852390.106983214616776, 3523704.727247091941535 ], [ -9852564.110491693019867, 3523754.711887646932155 ], [ -9852703.200518975034356, 3523795.281075537204742 ], [ -9852900.325587026774883, 3523856.23107000021264 ], [ -9852934.907573815435171, 3523866.923664904665202 ], [ -9852967.545444002375007, 3523878.290312059689313 ], [ -9853063.466150261461735, 3523911.968517748173326 ], [ -9853160.440144734457135, 3523946.016637021675706 ], [ -9853318.360946625471115, 3524007.379987037274987 ], [ -9853431.47577279061079, 3524055.256729889195412 ], [ -9853495.149786479771137, 3524082.38414419721812 ], [ -9853504.098396517336369, 3524086.455174585804343 ], [ -9853510.80834379978478, 3524089.091285803355277 ], [ -9853689.445218421518803, 3524165.606977097690105 ], [ -9853865.70035876519978, 3524247.515186762902886 ], [ -9853904.505686357617378, 3524266.269162721931934 ], [ -9853962.018475016579032, 3524293.189545948524028 ], [ -9854099.397428445518017, 3524359.497424057684839 ], [ -9854210.662835502997041, 3524416.504769336432219 ], [ -9854235.173276476562023, 3524429.062643320765346 ], [ -9854369.26959409378469, 3524501.846117445733398 ], [ -9854401.542930014431477, 3524519.863317823037505 ], [ -9854583.333270568400621, 3524625.293182590510696 ], [ -9854615.941247206181288, 3524645.659969797823578 ], [ -9854647.353620003908873, 3524662.850291820708662 ], [ -9854791.210165228694677, 3524746.496610196772963 ], [ -9854932.866372242569923, 3524833.856040509417653 ], [ -9854991.95815709233284, 3524872.448077053297311 ], [ -9855018.289461782202125, 3524886.730875867884606 ], [ -9855157.734878346323967, 3524966.960362648591399 ], [ -9855295.140977563336492, 3525050.670659799594432 ], [ -9855430.421778991818428, 3525137.809483570978045 ], [ -9855489.584033133462071, 3525178.051066462881863 ], [ -9855592.290247168391943, 3525242.710372458212078 ], [ -9855648.425661193206906, 3525279.064145391341299 ], [ -9855667.656699191778898, 3525291.242991683073342 ], [ -9855815.167911536991596, 3525387.520857021678239 ], [ -9855960.002277029678226, 3525487.822395571507514 ], [ -9856102.051187003031373, 3525592.07253698585555 ], [ -9856156.58914246968925, 3525633.260226508136839 ], [ -9856292.419329693540931, 3525738.72311159549281 ], [ -9856425.398592842742801, 3525847.796636729035527 ], [ -9856555.431948233395815, 3525960.403050964698195 ], [ -9856682.426507234573364, 3526076.462080503348261 ], [ -9856806.291542574763298, 3526195.890985512640327 ], [ -9856862.141087966039777, 3526252.697488017845899 ], [ -9856953.92798887565732, 3526307.25299078784883 ], [ -9856971.557580400258303, 3526317.731413122266531 ], [ -9857037.276785688474774, 3526359.171289724297822 ], [ -9857155.573752231895924, 3526299.754947820678353 ], [ -9857317.188344562426209, 3526224.139309936668724 ], [ -9857356.566394470632076, 3526207.03498423518613 ], [ -9857480.827313866466284, 3526153.059801178984344 ], [ -9857646.364695154130459, 3526086.571053551044315 ], [ -9857723.143354361876845, 3526056.967172227799892 ], [ -9857766.560604684054852, 3526040.226526365615427 ], [ -9857919.941050248220563, 3525983.32586129475385 ], [ -9858074.711892660707235, 3525930.366497801151127 ], [ -9858230.772930681705475, 3525881.382673229090869 ], [ -9858260.815672321245074, 3525872.37297019502148 ], [ -9858368.616490766406059, 3525841.675408189650625 ], [ -9858432.429106378927827, 3525823.503535710275173 ], [ -9858605.325710546225309, 3525779.44124903390184 ], [ -9858779.372266696766019, 3525740.220014345832169 ], [ -9858800.325402531772852, 3525736.108812514692545 ], [ -9858915.427343811839819, 3525709.10790139157325 ], [ -9858929.600628281012177, 3525706.1790936072357 ], [ -9859025.830010436475277, 3525682.229557642713189 ], [ -9859189.621821854263544, 3525645.998297043610364 ], [ -9859239.512996012344956, 3525636.327342025004327 ], [ -9859354.298450350761414, 3525614.076433436013758 ], [ -9859519.747723404318094, 3525586.485683084465563 ], [ -9859593.578009689226747, 3525576.156130416784436 ], [ -9859598.303128335624933, 3525575.28850953001529 ], [ -9859779.471093853935599, 3525544.706049584317952 ], [ -9859961.434698006138206, 3525519.342142886016518 ], [ -9860144.045228673145175, 3525499.217494014184922 ], [ -9860327.153447041288018, 3525484.348532045725733 ], [ -9860510.609709003940225, 3525474.747397256083786 ], [ -9860596.261888733133674, 3525471.497830255888402 ], [ -9860675.434656819328666, 3525461.405006149783731 ], [ -9860676.15916370600462, 3525461.331465352326632 ], [ -9860838.434110004454851, 3525444.858746560756117 ], [ -9861001.800237921997905, 3525432.495096904225647 ], [ -9861054.183249091729522, 3525429.878841653466225 ], [ -9861211.365624144673347, 3525417.587463679723442 ], [ -9861344.935383696109056, 3525410.889140005223453 ], [ -9861429.741881879046559, 3525402.047995335888118 ], [ -9861561.997906919568777, 3525391.942413613200188 ], [ -9861605.726966941729188, 3525388.600802282802761 ], [ -9861646.894348075613379, 3525386.026164176408201 ], [ -9861809.744839873164892, 3525377.92462870804593 ], [ -9861972.747436976060271, 3525373.979278307873756 ], [ -9862135.79719808138907, 3525374.192654029000551 ], [ -9862298.789151409640908, 3525378.564623549114913 ], [ -9862461.618361985310912, 3525387.092381232883781 ], [ -9862624.179998889565468, 3525399.770449926611036 ], [ -9862786.369402440264821, 3525416.590684418566525 ], [ -9862948.082151286303997, 3525437.542276611085981 ], [ -9863056.744384938850999, 3525454.448563329409808 ], [ -9863099.510728273540735, 3525458.349736358039081 ], [ -9863265.628450995311141, 3525477.897668039891869 ], [ -9863431.183914897963405, 3525501.785104380454868 ], [ -9863531.394939802587032, 3525518.931255165953189 ], [ -9863682.69523786008358, 3525534.415285988710821 ], [ -9863850.845049295574427, 3525556.142962140031159 ], [ -9864018.366253931075335, 3525582.322343490086496 ], [ -9864164.849749373272061, 3525609.210532166063786 ], [ -9864181.054402405396104, 3525611.645352512598038 ], [ -9864210.765929780900478, 3525615.082496429793537 ], [ -9864392.255307404324412, 3525641.373013207688928 ], [ -9864454.016667315736413, 3525651.225770575925708 ], [ -9864645.958397019654512, 3525681.671251167543232 ], [ -9864795.005270702764392, 3525707.121562475338578 ], [ -9864943.415391260758042, 3525736.089690134860575 ], [ -9865089.175618404522538, 3525766.332601575180888 ], [ -9865251.974087696522474, 3525802.328903249464929 ], [ -9865413.789105426520109, 3525842.5581009327434 ], [ -9865574.511780755594373, 3525886.993169990833849 ], [ -9865734.033954381942749, 3525935.604259234387428 ], [ -9865760.490939974784851, 3525944.42613979941234 ], [ -9865775.820892732590437, 3525948.048104131128639 ], [ -9865871.058617064729333, 3525973.15457515232265 ], [ -9865898.791346503421664, 3525979.323104492854327 ], [ -9865968.938834067434072, 3525995.340311707928777 ], [ -9866056.840800540521741, 3526015.931968865450472 ], [ -9866207.746789608150721, 3526053.221711352001876 ], [ -9866319.151732450351119, 3526083.640461037866771 ], [ -9866479.60139300301671, 3526110.539612350985408 ], [ -9866642.085386017337441, 3526142.123085531871766 ], [ -9866661.574668105691671, 3526146.173762744292617 ], [ -9866717.083384042605758, 3526151.915091711562127 ], [ -9866884.372506055980921, 3526173.693091555964202 ], [ -9867051.035471439361572, 3526199.877617300488055 ], [ -9867063.986007638275623, 3526202.087694911751896 ], [ -9867185.823089318349957, 3526220.699664141982794 ], [ -9867267.49356728605926, 3526234.39286134345457 ], [ -9867331.117121413350105, 3526238.719775076955557 ], [ -9867411.227190857753158, 3526245.153933060355484 ], [ -9867652.572407452389598, 3526269.152177219744772 ], [ -9867695.965617885813117, 3526274.299793258309364 ], [ -9867859.259452283382416, 3526295.806704766117036 ], [ -9868021.951523881405592, 3526321.51304943067953 ], [ -9868183.934984197840095, 3526351.401974984444678 ], [ -9868345.103447798639536, 3526385.453886113129556 ], [ -9868505.351061869412661, 3526423.646457180846483 ], [ -9868520.195170713588595, 3526427.590909912250936 ], [ -9868619.213617039844394, 3526441.381029991433024 ], [ -9868779.481150016188622, 3526452.358995733316988 ], [ -9868856.700340418145061, 3526459.832039141096175 ], [ -9868953.323058420792222, 3526461.068217623047531 ], [ -9869116.992455562576652, 3526467.358978539239615 ], [ -9869280.449291573837399, 3526477.840665167663246 ], [ -9869443.587396435439587, 3526492.506484233774245 ], [ -9869463.090582212433219, 3526494.76485296105966 ], [ -9869549.264216791838408, 3526496.777953865006566 ], [ -9869698.482491785660386, 3526504.285780716687441 ], [ -9869846.953985579311848, 3526515.157145087607205 ], [ -9869935.007451150566339, 3526516.651575373485684 ], [ -9869991.548380484804511, 3526518.300180227961391 ], [ -9870189.658640401437879, 3526527.170677298214287 ], [ -9870386.792557334527373, 3526542.001538137439638 ], [ -9870604.73173494450748, 3526565.352422002702951 ], [ -9870671.477118644863367, 3526573.761032735928893 ], [ -9870765.147997817024589, 3526587.48748471448198 ], [ -9870848.059413561597466, 3526597.289428865071386 ], [ -9870989.55865921638906, 3526617.05667934846133 ], [ -9871070.361161526292562, 3526629.392691984772682 ], [ -9871114.143732560798526, 3526634.745658586733043 ], [ -9871230.310033204033971, 3526648.5200498662889 ], [ -9871351.406894203275442, 3526664.822127606719732 ], [ -9871510.499114520847797, 3526688.344341282732785 ], [ -9871688.25416324660182, 3526719.775790511630476 ], [ -9871865.061211699619889, 3526756.212803339120001 ], [ -9871913.19626746699214, 3526766.905266457237303 ], [ -9871957.11906835064292, 3526777.570660293567926 ], [ -9872117.793170012533665, 3526810.703613851219416 ], [ -9872337.410568282008171, 3526848.402254743967205 ], [ -9872542.021262656897306, 3526890.319033821113408 ], [ -9872645.059438601136208, 3526912.295407735276967 ], [ -9872664.389431536197662, 3526919.33721597166732 ], [ -9872706.865564865991473, 3526929.455221129115671 ], [ -9872784.908084964379668, 3526950.179264808539301 ], [ -9872851.281550837680697, 3526962.756471826229244 ], [ -9873013.59882215783, 3526997.902889411896467 ], [ -9873083.926444450393319, 3527015.053649789188057 ], [ -9873122.368910018354654, 3527023.062277532182634 ], [ -9873285.500091601163149, 3527061.532559529412538 ], [ -9873447.578245282173157, 3527104.265164903830737 ], [ -9873608.49318559281528, 3527151.23109273519367 ], [ -9873768.135514078661799, 3527202.398467904422432 ], [ -9873926.39669338427484, 3527257.73256253125146 ], [ -9874083.169120760634542, 3527317.195819323416799 ], [ -9874107.649897467344999, 3527326.849629666190594 ], [ -9874145.450048623606563, 3527342.308041628450155 ], [ -9874217.646285379305482, 3527371.832406118977815 ], [ -9874283.459229711443186, 3527399.537354813888669 ], [ -9874373.143928434699774, 3527438.874099083710462 ], [ -9874503.304911823943257, 3527498.964115498121828 ], [ -9874628.915635628625751, 3527557.849273076746613 ], [ -9874772.660954911261797, 3527606.091518534347415 ], [ -9874786.867066031321883, 3527613.124773693736643 ], [ -9874843.8231719173491, 3527633.736238026060164 ], [ -9874929.505097888410091, 3527665.916352216619998 ], [ -9875050.640491796657443, 3527712.818403588607907 ], [ -9875115.180831283330917, 3527738.562849571462721 ], [ -9875285.714181903749704, 3527809.451806682161987 ], [ -9875319.79222459346056, 3527824.784068942535669 ], [ -9875375.781754096969962, 3527849.974425923079252 ], [ -9875485.303635699674487, 3527900.343042581807822 ], [ -9875599.034332962706685, 3527955.504863849841058 ], [ -9875663.785364326089621, 3527987.688518136739731 ], [ -9875729.461693342775106, 3528021.669546388089657 ], [ -9875863.924949517473578, 3528091.544976196717471 ], [ -9876299.707728048786521, 3528235.11231476161629 ], [ -9876388.569817336276174, 3528218.266688504256308 ], [ -9876934.285961501300335, 3528093.031938404776156 ], [ -9876973.935271767899394, 3528082.914320793468505 ], [ -9877094.42714942805469, 3528046.261405345518142 ], [ -9877341.782251426950097, 3527999.876837186515331 ], [ -9877759.649933274835348, 3527923.429492979310453 ], [ -9877819.827404847368598, 3527911.691895879339427 ], [ -9877977.707024162635207, 3527885.039944930933416 ], [ -9878104.870671780779958, 3527861.752797222696245 ], [ -9878278.592741429805756, 3527834.85119318543002 ], [ -9878452.981651017442346, 3527812.735114484094083 ], [ -9878544.217983193695545, 3527802.43614894291386 ], [ -9878687.330595400184393, 3527787.908933046273887 ], [ -9878773.00346926599741, 3527780.184569322504103 ], [ -9878962.606422340497375, 3527765.927503216546029 ], [ -9879103.630244720727205, 3527759.532835131045431 ], [ -9879165.323247374966741, 3527755.974602483212948 ], [ -9879193.656112276017666, 3527754.997462308034301 ], [ -9879259.44583966396749, 3527750.476458350662142 ], [ -9879410.841946573927999, 3527743.673400009050965 ], [ -9879449.784097194671631, 3527742.385682784486562 ], [ -9879661.024047477170825, 3527738.892589505296201 ], [ -9879686.614570509642363, 3527738.892250454053283 ], [ -9879846.192787300795317, 3527740.881716347765177 ], [ -9880005.672733291983604, 3527746.853444176260382 ], [ -9880164.956089297309518, 3527756.803761821705848 ], [ -9880323.944656580686569, 3527770.726548020262271 ], [ -9880333.127530975267291, 3527771.762262446340173 ], [ -9880423.334331698715687, 3527779.408316974528134 ], [ -9880447.931702619418502, 3527781.808037085458636 ], [ -9880464.616166558116674, 3527783.077653306070715 ], [ -9880614.673516277223825, 3527796.275730262044817 ], [ -9880764.382051520049572, 3527813.005207110196352 ], [ -9880913.659547811374068, 3527833.256912677083164 ], [ -9880965.954276764765382, 3527840.979633966460824 ], [ -9881116.937900118529797, 3527865.123554626014084 ], [ -9881267.307637326419353, 3527892.870695149991661 ], [ -9881416.978409433737397, 3527924.205383652355522 ], [ -9881579.429303538054228, 3527960.24627969134599 ], [ -9881760.640723656862974, 3528003.224333997815847 ], [ -9881883.614023227244616, 3528036.198012882377952 ], [ -9882629.89015094935894, 3528240.825406462419778 ], [ -9882917.895102405920625, 3528333.851459736470133 ], [ -9883048.282499765977263, 3528347.995885257143527 ], [ -9883425.853362100198865, 3528406.230302270501852 ], [ -9883696.306596355512738, 3528468.885529202409089 ], [ -9884062.286591099575162, 3528562.601057747378945 ], [ -9884594.178071903064847, 3528739.810792986303568 ], [ -9884900.018280040472746, 3528853.691826086957008 ], [ -9885080.143289180472493, 3528930.68902427656576 ], [ -9885351.560208037495613, 3529051.948600817006081 ], [ -9885647.559816151857376, 3529201.378200117032975 ], [ -9885807.712727619335055, 3529288.172654595691711 ], [ -9885965.357650633901358, 3529379.489918448962271 ], [ -9885997.631691709160805, 3529398.80173889733851 ], [ -9886146.375514695420861, 3529490.577711886260659 ], [ -9886292.585671151056886, 3529586.380407624877989 ], [ -9886436.154290420934558, 3529686.139277023728937 ], [ -9886576.975442143157125, 3529789.780853995587677 ], [ -9886714.945214265957475, 3529897.228809133637697 ], [ -9886886.385350881144404, 3530039.656205158680677 ], [ -9887082.510702442377806, 3530213.963819837197661 ], [ -9887157.678411493077874, 3530285.597001395188272 ], [ -9887232.841759914532304, 3530357.869887372013181 ], [ -9887363.516394237056375, 3530492.657470264006406 ], [ -9887465.131038999184966, 3530600.335656576324254 ], [ -9887603.284792112186551, 3530756.072670897468925 ], [ -9887714.564527926966548, 3530890.143876430112869 ], [ -9887779.781655682250857, 3530971.436516831163317 ], [ -9887909.510973190888762, 3531145.885839877650142 ], [ -9887925.244968576356769, 3531166.625578050035983 ], [ -9887932.187418188899755, 3531175.776739168912172 ], [ -9887981.162722550332546, 3531122.23439013119787 ], [ -9888047.956858521327376, 3531049.210877265315503 ], [ -9888168.932975932955742, 3530923.9247708003968 ], [ -9888293.232850629836321, 3530801.971626471262425 ], [ -9888420.765614222735167, 3530683.440413536969572 ], [ -9888461.760797733440995, 3530647.355167440604419 ], [ -9888486.50514167919755, 3530621.500158686190844 ], [ -9888603.899847602471709, 3530504.977910397574306 ], [ -9888724.231158109381795, 3530391.523954375181347 ], [ -9888847.4197121784091, 3530281.212964881211519 ], [ -9888973.384272459894419, 3530174.117543930653483 ], [ -9889102.041778802871704, 3530070.308173809666187 ], [ -9889134.875003783032298, 3530045.181758745573461 ], [ -9889148.197031024843454, 3530032.929182592779398 ], [ -9889272.054297478869557, 3529924.724670568946749 ], [ -9889591.982972772791982, 3529660.383228457998484 ], [ -9889750.700131237506866, 3529523.572042983025312 ], [ -9889852.666697455570102, 3529429.299563446547836 ], [ -9889971.346846036612988, 3529324.862301383633167 ], [ -9890092.540912078693509, 3529223.385024404153228 ], [ -9890216.175839364528656, 3529124.928786641918123 ], [ -9890230.859616594389081, 3529113.527427803259343 ], [ -9890245.801601514220238, 3529101.284406228456646 ], [ -9890388.880922339856625, 3528987.537821935489774 ], [ -9890449.997489860281348, 3528937.697698747273535 ], [ -9890578.780524315312505, 3528837.998634295538068 ], [ -9890608.107565304264426, 3528816.460511981043965 ], [ -9890729.404373487457633, 3528722.239408824127167 ], [ -9890770.277009071782231, 3528692.277837689965963 ], [ -9890823.100414916872978, 3528650.894580965396017 ], [ -9890942.224730350077152, 3528561.937373740598559 ], [ -9890996.328161573037505, 3528523.451978539116681 ], [ -9891085.476818488910794, 3528456.602166281547397 ], [ -9891119.248665913939476, 3528432.673045595642179 ], [ -9891209.218928504735231, 3528360.855093827005476 ], [ -9891344.572340827435255, 3528258.539737081155181 ], [ -9891482.560694329440594, 3528159.845862806774676 ], [ -9891596.344231493771076, 3528082.922373818233609 ], [ -9891673.547421595081687, 3528025.157403040677309 ], [ -9891811.00310186855495, 3527927.823527725879103 ], [ -9891899.484727537259459, 3527868.589033877942711 ], [ -9891919.010332958772779, 3527853.850899320095778 ], [ -9892053.939820688217878, 3527757.369240739848465 ], [ -9892191.297318186610937, 3527664.414823587518185 ], [ -9892330.991586687043309, 3527575.049283880274743 ], [ -9892749.097513174638152, 3527333.525525780860335 ], [ -9892934.833437884226441, 3527212.283977665472776 ], [ -9893159.461451595649123, 3527059.182926219888031 ], [ -9893432.235798561945558, 3526890.65975442295894 ], [ -9893571.670323066413403, 3526811.57408724585548 ], [ -9893773.703766405582428, 3526705.488077816553414 ], [ -9893856.201252082362771, 3526663.999675001017749 ], [ -9894001.121006073430181, 3526595.602402957621962 ], [ -9894147.690690156072378, 3526530.855691247619689 ], [ -9894196.946587422862649, 3526510.553502506110817 ], [ -9894320.387030016630888, 3526450.716680755373091 ], [ -9894430.990821860730648, 3526400.635494530200958 ], [ -9894513.155962219461799, 3526356.623049396090209 ], [ -9894676.289896439760923, 3526275.121941016986966 ], [ -9894682.966682627797127, 3526271.904065228533 ], [ -9894810.522264020517468, 3526212.146585679613054 ], [ -9894939.348962273448706, 3526155.211536923423409 ], [ -9895069.384982995688915, 3526101.126186456996948 ], [ -9895104.275682436302304, 3526087.061994570307434 ], [ -9895106.10558508336544, 3526086.324370753020048 ], [ -9895252.824264422059059, 3526029.268442201893777 ], [ -9895400.888284476473927, 3525975.840103134512901 ], [ -9895406.451896708458662, 3525973.909441697411239 ], [ -9895455.512761306017637, 3525957.474861074704677 ], [ -9895545.504607193171978, 3525923.155559487175196 ], [ -9895668.341613512486219, 3525879.587823856156319 ], [ -9895686.175794012844563, 3525872.729409470688552 ], [ -9895855.879665873944759, 3525812.885124111082405 ], [ -9896027.182927580550313, 3525757.83830362604931 ], [ -9896199.95140241086483, 3525707.632001269608736 ], [ -9896211.634553015232086, 3525704.414264660794288 ], [ -9896388.614319438114762, 3525658.38120719185099 ], [ -9896566.824983239173889, 3525617.427395988255739 ], [ -9896746.122329974547029, 3525581.585926245898008 ], [ -9896760.030578086152673, 3525579.011832105461508 ], [ -9896949.038958778604865, 3525546.952673855703324 ], [ -9897007.452894443646073, 3525537.943027596920729 ], [ -9897178.183853380382061, 3525513.961027631536126 ], [ -9897349.493302902206779, 3525494.591296191792935 ], [ -9897521.257973700761795, 3525479.847754254937172 ], [ -9897633.488879274576902, 3525473.257000584620982 ], [ -9897660.090381223708391, 3525455.752754040528089 ], [ -9897823.99040967784822, 3525351.422470085322857 ], [ -9897826.069037901237607, 3525350.186105746310204 ], [ -9897920.301204208284616, 3525294.136489420197904 ], [ -9897995.992858892306685, 3525243.93432148033753 ], [ -9898129.35823735781014, 3525160.117797565180808 ], [ -9898264.724514868110418, 3525079.608393439091742 ], [ -9898286.981641240417957, 3525066.737997120711952 ], [ -9898443.302980637177825, 3524979.232837436720729 ], [ -9898601.987426746636629, 3524896.137544802390039 ], [ -9898691.012106509879231, 3524851.092266904190183 ], [ -9898696.210519339889288, 3524848.557879028376192 ], [ -9898713.909798588603735, 3524838.686515097972006 ], [ -9898845.732091369107366, 3524769.132172101177275 ], [ -9898929.047538328915834, 3524727.618215664755553 ], [ -9898969.578836273401976, 3524706.196757678873837 ], [ -9899120.478961013257504, 3524631.446635735686868 ], [ -9899273.274028738960624, 3524560.693743263371289 ], [ -9899427.859277278184891, 3524493.986514607444406 ], [ -9899495.02596921287477, 3524467.073642417788506 ], [ -9899584.128722349181771, 3524431.37061345204711 ], [ -9899614.172668933868408, 3524419.788067106623203 ], [ -9899712.950202254578471, 3524382.639104002621025 ], [ -9899804.193904934450984, 3524349.178693074267358 ], [ -9899997.947198398411274, 3524281.627729722764343 ], [ -9900047.240089680999517, 3524266.195429189130664 ], [ -9900153.555890902876854, 3524229.147657961584628 ], [ -9900306.300462124869227, 3524180.177175987046212 ], [ -9900415.345072887837887, 3524146.717410252429545 ], [ -9900585.292479354888201, 3524097.130423850379884 ], [ -9900756.533794533461332, 3524052.267004246357828 ], [ -9900928.939130974933505, 3524012.161132085137069 ], [ -9901102.377722073346376, 3523976.843184428755194 ], [ -9901163.573813758790493, 3523965.260956557933241 ], [ -9901226.056862315163016, 3523953.756187650375068 ], [ -9901289.602703288197517, 3523942.381628409959376 ], [ -9901368.777687208727002, 3523927.430619569960982 ], [ -9901573.642023347318172, 3523892.182720199692994 ], [ -9901592.231876263394952, 3523889.294510141015053 ], [ -9901594.971071880310774, 3523888.868932998273522 ], [ -9901743.297707358375192, 3523864.232322475407273 ], [ -9901811.16918190382421, 3523853.936999594327062 ], [ -9901975.671015448868275, 3523831.164889016188681 ], [ -9902140.703296696767211, 3523812.673607342410833 ], [ -9902306.155813911929727, 3523798.475488272961229 ], [ -9902471.918075809255242, 3523788.580002723727375 ], [ -9902637.879385014995933, 3523782.993752552662045 ], [ -9902700.186730399727821, 3523781.706292822491378 ], [ -9902774.2514106053859, 3523781.600174315273762 ], [ -9902799.534035792574286, 3523780.562883176840842 ], [ -9902964.259404128417373, 3523775.930375674273819 ], [ -9903048.819450570270419, 3523774.642610397189856 ], [ -9903146.131664616987109, 3523773.901194118894637 ], [ -9903248.493738021701574, 3523773.900123346596956 ], [ -9903409.076440570876002, 3523775.915239942260087 ], [ -9903411.324665820226073, 3523775.999992035795003 ], [ -9903506.634720547124743, 3523776.333892141003162 ], [ -9903561.321038324385881, 3523777.370245397090912 ], [ -9903634.921093340963125, 3523778.460741579998285 ], [ -9903799.576307849958539, 3523783.967414983548224 ], [ -9903895.511499036103487, 3523785.271207153331488 ], [ -9904069.27324290573597, 3523792.36463227076456 ], [ -9904242.780454240739346, 3523804.182550920173526 ], [ -9904415.906047783792019, 3523820.716324058827013 ], [ -9904441.381528386846185, 3523823.850789010990411 ], [ -9904532.898240096867085, 3523827.376408650074154 ], [ -9904582.966830486431718, 3523829.94950875453651 ], [ -9904711.494447279721498, 3523838.333040327765048 ], [ -9904834.953509986400604, 3523844.132759524974972 ], [ -9904853.68611129745841, 3523845.234233628027141 ], [ -9904923.56453718431294, 3523848.312142644543201 ], [ -9904972.839972315356135, 3523850.672967681661248 ], [ -9905047.38654069416225, 3523854.532704363111407 ], [ -9905211.556682098656893, 3523865.152110582683235 ], [ -9905375.40264687128365, 3523879.992930427659303 ], [ -9905524.496833005920053, 3523895.433263760991395 ], [ -9905685.203403566032648, 3523914.133375265169889 ], [ -9905777.681950991973281, 3523927.274090532679111 ], [ -9905843.493719832971692, 3523933.294302438851446 ], [ -9905914.10639700293541, 3523941.575802585110068 ], [ -9905967.621383229270577, 3523945.783380331471562 ], [ -9906126.384976195171475, 3523962.263977348804474 ], [ -9906284.692467594519258, 3523982.703519568778574 ], [ -9906442.446186762303114, 3524007.089418528135866 ], [ -9906599.548803001642227, 3524035.406654482707381 ], [ -9906755.903385382145643, 3524067.63778559025377 ], [ -9906911.413462277501822, 3524103.762958521954715 ], [ -9907065.983080647885799, 3524143.759920610114932 ], [ -9907160.562330340966582, 3524169.496436196379364 ], [ -9907319.768407618626952, 3524215.03874671086669 ], [ -9907477.754786001518369, 3524264.688615176826715 ], [ -9907501.451097400858998, 3524272.815003788564354 ], [ -9907634.416611891239882, 3524318.41314475890249 ], [ -9907789.64990671724081, 3524376.176737665664405 ], [ -9907869.85917473398149, 3524408.408757124096155 ], [ -9907943.351635674014688, 3524437.941118525341153 ], [ -9908095.419775882735848, 3524503.665359526872635 ], [ -9908175.272059800103307, 3524540.65640360256657 ], [ -9908218.980585407465696, 3524559.746401767246425 ], [ -9908355.988060096278787, 3524623.971259323880076 ], [ -9908373.102705467492342, 3524631.993948363233358 ], [ -9908525.268974114209414, 3524708.31672987062484 ], [ -9908675.372769251465797, 3524788.661360744386911 ], [ -9908823.308907484635711, 3524872.971639959141612 ], [ -9908968.97371762804687, 3524961.188589997589588 ], [ -9909063.883395411074162, 3525022.16644793888554 ], [ -9909112.265113165602088, 3525053.250497773755342 ], [ -9909253.082663619890809, 3525149.092957472894341 ], [ -9909291.32455718331039, 3525176.632757593411952 ], [ -9909320.593467993661761, 3525195.975265657994896 ], [ -9909456.517075553536415, 3525290.931970738340169 ], [ -9909589.962319441139698, 3525389.377601005602628 ], [ -9909720.840575555339456, 3525491.246901801787317 ], [ -9909738.639329856261611, 3525505.473013228736818 ], [ -9909796.527784496545792, 3525551.741567042190582 ], [ -9909926.881887612864375, 3525658.760697259102017 ], [ -9910054.40275802090764, 3525769.1762301241979 ], [ -9910169.434989996254444, 3525874.178953090682626 ], [ -9910179.002816515043378, 3525882.912488326430321 ], [ -9910300.596481235697865, 3525999.891514311544597 ], [ -9910419.100226433947682, 3526120.033123345579952 ], [ -9910534.432639835402369, 3526243.254958122968674 ], [ -9910646.51447856426239, 3526369.472544867545366 ], [ -9910664.327769281342626, 3526390.069343438837677 ], [ -9910730.867073852568865, 3526469.071117390412837 ], [ -9910772.972632652148604, 3526519.062403714284301 ], [ -9910878.222204143181443, 3526650.870472677052021 ], [ -9910980.004288479685783, 3526785.403358816634864 ], [ -9911078.249058689922094, 3526922.56900024600327 ], [ -9911172.889104122295976, 3527062.27352736890316 ], [ -9911263.859476806595922, 3527204.421326759271324 ], [ -9911351.097736174240708, 3527348.915106278378516 ], [ -9911360.485426664352417, 3527365.423538167960942 ], [ -9911402.666669860482216, 3527310.081616180948913 ], [ -9911499.800981489941478, 3527188.813395564910024 ], [ -9911590.079986646771431, 3527081.506281259004027 ], [ -9911619.389355326071382, 3527045.020533149130642 ], [ -9911719.963300462812185, 3526925.841971488669515 ], [ -9911754.461407167837024, 3526885.950901535805315 ], [ -9911764.753272350877523, 3526872.811235120985657 ], [ -9911874.624058607965708, 3526736.394828755874187 ], [ -9911924.724282462149858, 3526675.890078790485859 ], [ -9912027.170166935771704, 3526555.214525719638914 ], [ -9912132.533770881593227, 3526437.10578100848943 ], [ -9912240.751445041969419, 3526321.635034502018243 ], [ -9912245.153804205358028, 3526317.1630425946787 ], [ -9912271.003218369558454, 3526289.24593440303579 ], [ -9912316.0430250428617, 3526239.270686014089733 ], [ -9912336.081506172195077, 3526217.387247676029801 ], [ -9912352.123603681102395, 3526199.932679241523147 ], [ -9912405.55921764113009, 3526142.00613573892042 ], [ -9912498.77244551666081, 3526043.0729362629354 ], [ -9912512.410131143406034, 3526029.197021453175694 ], [ -9912540.398068925365806, 3525998.508181737735868 ], [ -9912568.228776931762695, 3525968.901798689272255 ], [ -9912673.239698590710759, 3525859.789149788673967 ], [ -9912780.77299128100276, 3525753.188682218082249 ], [ -9912890.769176431000233, 3525649.159235992003232 ], [ -9913003.167419051751494, 3525547.758229283150285 ], [ -9913073.291719635948539, 3525485.975152776110917 ], [ -9913209.780806025490165, 3525369.066021328326315 ], [ -9913243.324092915281653, 3525341.922186369076371 ], [ -9913326.868006462231278, 3525264.234961462207139 ], [ -9913453.145606948062778, 3525152.827308531384915 ], [ -9913582.277987837791443, 3525044.777861675713211 ], [ -9913714.176774652674794, 3524940.160424988251179 ], [ -9913848.75170780159533, 3524839.046454925555736 ], [ -9913985.910704258829355, 3524741.505011850968003 ], [ -9914125.559920459985733, 3524647.602713213302195 ], [ -9914267.603816380724311, 3524557.403688373509794 ], [ -9914334.376935916021466, 3524516.219952518120408 ], [ -9914476.942628337070346, 3524430.817105750087649 ], [ -9914621.654958948493004, 3524349.144695226568729 ], [ -9914768.417345006018877, 3524271.257139041088521 ], [ -9914917.131841460242867, 3524197.206331719644368 ], [ -9914930.485444160178304, 3524190.77159774210304 ], [ -9915097.141800682991743, 3524113.388053538743407 ], [ -9915265.929217910394073, 3524040.822517890483141 ], [ -9915281.507749589160085, 3524034.388010561466217 ], [ -9915324.94129247777164, 3524017.145044927485287 ], [ -9915445.524606622755527, 3523969.272975452244282 ], [ -9915611.257220843806863, 3523908.707410917151719 ], [ -9915778.580742733553052, 3523852.73687276430428 ], [ -9915947.369129518046975, 3523801.403459718916565 ], [ -9915965.172196308150887, 3523796.256007312331349 ], [ -9916117.710325609892607, 3523754.188607318326831 ], [ -9916271.232281275093555, 3523715.908510542474687 ], [ -9916425.645029542967677, 3523681.438881249167025 ], [ -9916450.123639818280935, 3523676.291457983199507 ], [ -9916515.516659166663885, 3523662.89632527064532 ], [ -9916547.783852754160762, 3523656.461919413879514 ], [ -9916727.265318270772696, 3523623.326909015886486 ], [ -9916907.610400773584843, 3523595.328827000688761 ], [ -9916989.946118405088782, 3523583.746987313497812 ], [ -9917167.202415969222784, 3523561.333454562351108 ], [ -9917345.010062882676721, 3523543.882400983478874 ], [ -9917523.231614930555224, 3523531.407299433834851 ], [ -9917701.72930920124054, 3523523.917782116681337 ], [ -9917880.36517009884119, 3523521.419633223675191 ], [ -9917888.153626013547182, 3523521.419565448537469 ], [ -9918062.580433674156666, 3523523.798353692982346 ], [ -9918236.878776190802455, 3523530.936113439034671 ], [ -9918410.920199001207948, 3523542.827595546841621 ], [ -9918584.576435849070549, 3523559.464052675291896 ], [ -9918757.71950289234519, 3523580.833245658781379 ], [ -9918930.221792597323656, 3523606.919452417176217 ], [ -9918953.587597737088799, 3523610.779619104228914 ], [ -9919119.623699653893709, 3523640.464141549076885 ], [ -9919284.827755603939295, 3523674.518779763486236 ], [ -9919449.085966290906072, 3523712.920114462729543 ], [ -9919612.285180877894163, 3523755.641736291348934 ], [ -9919774.312974605709314, 3523802.654263807460666 ], [ -9919935.057725938037038, 3523853.925363515969366 ], [ -9920094.408693134784698, 3523909.419771901797503 ], [ -9920252.256090270355344, 3523969.099319476168603 ], [ -9920408.491162581369281, 3524032.922956792637706 ], [ -9920563.006261125206947, 3524100.846782444510609 ], [ -9920715.694916697219014, 3524172.824073002208024 ], [ -9920866.451912954449654, 3524248.805314894765615 ], [ -9921015.173358688130975, 3524328.738238164223731 ], [ -9921161.756759203970432, 3524412.567852155305445 ], [ -9921306.101086765527725, 3524500.23648302257061 ], [ -9921448.106850035488605, 3524591.68381310487166 ], [ -9921587.676162492483854, 3524686.846922098658979 ], [ -9921724.712809760123491, 3524785.660330015234649 ], [ -9921852.261938087642193, 3524882.829730086028576 ], [ -9922013.322320194914937, 3524939.618471724446863 ], [ -9922174.769718907773495, 3525001.49268117453903 ], [ -9922207.039816150441766, 3525014.362209380604327 ], [ -9922362.655123928561807, 3525078.806145581882447 ], [ -9922516.538228312507272, 3525147.325187820475549 ], [ -9922668.583539376035333, 3525219.872400579042733 ], [ -9922818.686722571030259, 3525296.398087183944881 ], [ -9922967.807423673570156, 3525374.906772243324667 ], [ -9922967.691765835508704, 3525375.128676606342196 ], [ -9923041.226396480575204, 3525413.544497148133814 ], [ -9923186.960544964298606, 3525494.569029850419611 ], [ -9923330.557011699303985, 3525579.363439402543008 ], [ -9923471.919297797605395, 3525667.870844949968159 ], [ -9923610.952399166300893, 3525760.031872338149697 ], [ -9923747.562870215624571, 3525855.784693636465818 ], [ -9923881.658886531367898, 3525955.065068307332695 ], [ -9924013.150306481868029, 3526057.806385967414826 ], [ -9924141.94873171299696, 3526163.939710772130638 ], [ -9924174.865193288773298, 3526192.529633076395839 ], [ -9925679.875231370329857, 3525094.08053099969402 ], [ -9927683.384852627292275, 3523960.902333192992955 ], [ -9928154.781943917274475, 3524019.025516711175442 ], [ -9928486.090596521273255, 3524355.303912695031613 ], [ -9928762.330366337671876, 3524607.649532728362828 ], [ -9929207.08913773111999, 3524442.508141438476741 ], [ -9929430.539558323100209, 3524136.845442465506494 ], [ -9929710.272229965776205, 3523664.146199968177825 ], [ -9930075.608450571075082, 3522689.963949880097061 ], [ -9931968.683423915877938, 3521276.973467650357634 ], [ -9939867.207357607781887, 3516210.250581156462431 ], [ -9941257.015974014997482, 3515351.860013334546238 ], [ -9941897.306325769051909, 3514685.553033658768982 ], [ -9943098.476366262882948, 3512293.88443016866222 ], [ -9943543.038321763277054, 3512016.948685705661774 ], [ -9946900.52630184404552, 3511053.984219670761377 ], [ -9948898.699226707220078, 3510308.615427069365978 ], [ -9951393.01678447984159, 3510372.355954869184643 ], [ -9952113.989536985754967, 3510263.157325416337699 ], [ -9952419.290040977299213, 3510124.805876185651869 ], [ -9953432.638298070058227, 3509386.247461000923067 ], [ -9953570.192317973822355, 3509203.918961844407022 ], [ -9953849.109125073999166, 3508591.954522336833179 ], [ -9954127.118800181895494, 3508286.383696465287358 ], [ -9954682.152593273669481, 3508009.460664005950093 ], [ -9955541.676927188411355, 3507844.778152607847005 ], [ -9956233.027511728927493, 3508375.878926572855562 ], [ -9956398.701876325532794, 3508599.154682747088373 ], [ -9956536.369301030412316, 3508933.771325055975467 ], [ -9956479.443166375160217, 3509490.70669859694317 ], [ -9956146.182984504848719, 3509740.494867677334696 ], [ -9955813.139037361368537, 3509906.711401546373963 ], [ -9955729.072533048689365, 3510240.754332398064435 ], [ -9956254.177865331992507, 3510799.348122506402433 ], [ -9956807.270814295858145, 3511274.442836250178516 ], [ -9957389.438898369669914, 3511248.138279454316944 ], [ -9958248.720882203429937, 3511250.383631849661469 ], [ -9958580.994319697842002, 3511390.531574087683111 ], [ -9958857.207939058542252, 3511781.268677403219044 ], [ -9959520.914226857945323, 3512423.728904324583709 ], [ -9960767.128096040338278, 3512956.136251709423959 ], [ -9961015.979499295353889, 3513235.355561717879027 ], [ -9961126.158073743805289, 3513542.114341178443283 ], [ -9961814.114020001143217, 3512984.988066491205245 ], [ -9962082.228052794933319, 3512716.744893639814109 ], [ -9962297.312737179920077, 3512233.304984205868095 ], [ -9962351.95182223431766, 3511722.635211463086307 ], [ -9962353.392307249829173, 3511077.454916331917048 ], [ -9962247.489257842302322, 3510593.349154431372881 ], [ -9962035.46422260440886, 3509732.705222914926708 ], [ -9962037.222947729751468, 3508953.236551950220019 ], [ -9962305.78791462443769, 3508443.182133522350341 ], [ -9962681.173831703141332, 3507987.131440472323447 ], [ -9963564.811529191210866, 3507424.694370611105114 ], [ -9964796.404898775741458, 3506647.957322321366519 ], [ -9968383.454991763457656, 3504263.378049534279853 ], [ -9968999.088012140244246, 3503807.710722625721246 ], [ -9970016.12129389680922, 3503057.174375898670405 ], [ -9970658.11306437663734, 3502762.699672003276646 ], [ -9970978.993477405980229, 3502682.613798339385539 ], [ -9971487.178340999409556, 3502468.486897207796574 ], [ -9971567.851855777204037, 3502146.244079791940749 ], [ -9971327.871695574373007, 3501769.792357486207038 ], [ -9971061.137258717790246, 3501420.167228401172906 ], [ -9970794.459493706002831, 3501043.684822911862284 ], [ -9970528.565939305350184, 3500183.730295639485121 ], [ -9970610.099214529618621, 3499324.387639011256397 ], [ -9971120.062989858910441, 3497874.960508391726762 ], [ -9971601.6995486356318, 3497419.180778562091291 ], [ -9971896.756721021607518, 3496640.891567072831094 ], [ -9971897.353475723415613, 3496238.117178444750607 ], [ -9971898.387627610936761, 3495540.004522603005171 ], [ -9971979.085707062855363, 3495164.232906569261104 ], [ -9972300.857645060867071, 3494332.414331145118922 ], [ -9972702.490329157561064, 3493661.830094979610294 ], [ -9972997.131560875102878, 3493071.651322823483497 ], [ -9973104.750893084332347, 3492508.075488012749702 ], [ -9973052.08074782602489, 3491971.14151140069589 ], [ -9972972.821290750056505, 3491353.668282093014568 ], [ -9973134.022056678310037, 3490656.042788850609213 ], [ -9973776.824905218556523, 3489234.496524010319263 ], [ -9973991.567054908722639, 3488376.034536899998784 ], [ -9974339.631655192002654, 3487625.133281798101962 ], [ -9975141.39900547452271, 3486955.331898976117373 ], [ -9976076.343291077762842, 3486473.486664439085871 ], [ -9977277.938152456656098, 3486206.521613381337374 ], [ -9978773.049201786518097, 3486020.222191916313022 ], [ -9979840.936373624950647, 3485913.875278078019619 ], [ -9980454.869795979931951, 3485968.054458167869598 ], [ -9981736.123203467577696, 3486103.193744127172977 ], [ -9982536.782715693116188, 3486398.883333194069564 ], [ -9983230.790147067978978, 3486533.476854471489787 ], [ -9984191.746497798711061, 3486721.84102967241779 ], [ -9984939.132149692624807, 3486963.70116690127179 ], [ -9986246.976027024909854, 3487796.07195839099586 ], [ -9987608.216896075755358, 3489299.283154896926135 ], [ -9988889.742085872218013, 3490292.558729822747409 ], [ -9989984.532225059345365, 3491178.404983403626829 ], [ -9990304.973773498088121, 3491715.253017567563802 ], [ -9990572.024180030450225, 3492332.643315083812922 ], [ -9990625.422733433544636, 3493084.277469776570797 ], [ -9990625.403378328308463, 3493916.49309988040477 ], [ -9990411.690434696152806, 3494480.275570994243026 ], [ -9990144.539578659459949, 3494909.832177869044244 ], [ -9989610.22271634824574, 3495393.071636345237494 ], [ -9988995.77595104649663, 3495500.392059497535229 ], [ -9987526.28842063061893, 3496198.197865830268711 ], [ -9987178.901501858606935, 3496466.61549327801913 ], [ -9987125.34119376540184, 3496896.235507665667683 ], [ -9987472.582062730565667, 3497218.570813248865306 ], [ -9988033.554825436323881, 3497702.080208342522383 ], [ -9988995.425082810223103, 3497836.535076432861388 ], [ -9989262.650956194847822, 3497594.883337985258549 ], [ -9989984.108016725629568, 3496977.326723278965801 ], [ -9991239.820795334875584, 3496252.350640118587762 ], [ -9993964.640558926388621, 3495285.378210373688489 ], [ -9996849.495770037174225, 3494693.689025400672108 ], [ -9998452.474683161824942, 3495041.871511114761233 ], [ -9999868.782775709405541, 3495739.042833855375648 ], [ -10001098.590442383661866, 3496892.731556524988264 ], [ -10001606.914765084162354, 3497724.773842480964959 ], [ -10001901.744427893310785, 3498798.742537355050445 ], [ -10002465.309901654720306, 3501484.182125560473651 ], [ -10002618.093893809244037, 3503020.104007381945848 ], [ -10002618.780017422512174, 3503772.355221598409116 ], [ -10002352.228656718507409, 3504632.36798707023263 ], [ -10001604.71846560947597, 3505869.03871847409755 ], [ -9999307.271838905289769, 3508719.434548741672188 ], [ -9998398.353223145008087, 3509257.558249488007277 ], [ -9997435.787334466353059, 3509634.391288909129798 ], [ -9996312.55989770963788, 3509688.676920880563557 ], [ -9995082.310773782432079, 3509635.381912333890796 ], [ -9993156.663508644327521, 3509205.808693166356534 ], [ -9992247.37371027097106, 3508990.912235208321363 ], [ -9989466.357657307758927, 3507002.094983662944287 ], [ -9988931.678361658006907, 3506410.815601026639342 ], [ -9988076.095828535035253, 3506356.907613124232739 ], [ -9987594.756143277511001, 3506625.516203558072448 ], [ -9987327.242587767541409, 3507109.163667191751301 ], [ -9987968.688133329153061, 3508345.586237357463688 ], [ -9988717.21475775539875, 3509689.63014597678557 ], [ -9988770.603618392720819, 3510280.995833266992122 ], [ -9988716.992272466421127, 3510979.897341627627611 ], [ -9988449.419602617621422, 3511517.49724643304944 ], [ -9987807.336814081296325, 3512055.027228735387325 ], [ -9986723.422919452190399, 3512532.336535935290158 ], [ -9986335.522212663665414, 3512599.414947683922946 ], [ -9984984.553588051348925, 3512773.608864177018404 ], [ -9984181.907828558236361, 3513015.179940256755799 ], [ -9983807.18285552598536, 3513391.386245369445533 ], [ -9983780.303313503041863, 3513619.91192344063893 ], [ -9983740.031274531036615, 3513875.321889211889356 ], [ -9983726.526194440200925, 3514103.863592481706291 ], [ -9983699.567736899480224, 3514466.846728134900331 ], [ -9983538.654588120058179, 3515139.000223410781473 ], [ -9983498.38069674000144, 3515380.9939093622379 ], [ -9983417.923058742657304, 3515703.643165942747146 ], [ -9983270.181344976648688, 3516671.693193717859685 ], [ -9983296.731449274346232, 3517021.332643302157521 ], [ -9983269.810873731970787, 3517290.263917003758252 ], [ -9982948.522387215867639, 3517559.018570627085865 ], [ -9982787.907329035922885, 3517639.603316348046064 ], [ -9982520.219914931803942, 3517760.459796722512692 ], [ -9982292.714796870946884, 3517814.098739428445697 ], [ -9982105.368224063888192, 3517840.865666282828897 ], [ -9981917.992435153573751, 3517907.974263987503946 ], [ -9981784.128020949661732, 3517988.567446633242071 ], [ -9981636.851755976676941, 3518109.494913558941334 ], [ -9981476.181753354147077, 3518243.860297616105527 ], [ -9981141.481207869946957, 3518472.232498958241194 ], [ -9980284.576754737645388, 3519076.748299540020525 ], [ -9979949.509546518325806, 3519681.697920420672745 ], [ -9979869.016501815989614, 3519910.279882656410336 ], [ -9979801.92699465341866, 3520111.976244117133319 ], [ -9979761.61348364315927, 3520300.248414375819266 ], [ -9979694.579359861090779, 3520434.696229525376111 ], [ -9979520.464211827144027, 3520582.499881087802351 ], [ -9979292.79831144399941, 3520743.704763726796955 ], [ -9978837.220062904059887, 3521308.236286624334753 ], [ -9978756.632686980068684, 3521604.099699553102255 ], [ -9978649.401225721463561, 3521765.421086999587715 ], [ -9978461.831572916358709, 3521953.569320555776358 ], [ -9978180.533879581838846, 3522168.528492067474872 ], [ -9977792.17164259031415, 3522356.468549690209329 ], [ -9977417.140798782929778, 3522584.772660164628178 ], [ -9977309.841114144772291, 3522786.454471847508103 ], [ -9977430.156536249443889, 3522934.569992721546441 ], [ -9977831.609984535723925, 3523056.073474540840834 ], [ -9977978.706422116607428, 3523204.214612140320241 ], [ -9977041.042770951986313, 3523781.73984648194164 ], [ -9976719.684514619410038, 3523848.654119129292667 ], [ -9976585.921583581715822, 3523754.322938773781061 ], [ -9976344.990354774519801, 3523727.138712358660996 ], [ -9976184.349392184987664, 3523726.952292716130614 ], [ -9975892.049420230090618, 3523716.280689620878547 ], [ -9975758.270036408677697, 3523642.122884511481971 ], [ -9975303.272036321461201, 3523520.481901766266674 ], [ -9975082.46954027749598, 3523459.664102503098547 ], [ -9974868.320040578022599, 3523432.485910894814879 ], [ -9974761.211556332185864, 3523445.803241264540702 ], [ -9974647.435364356264472, 3523438.930205847602338 ], [ -9974446.673573717474937, 3523411.762155388947576 ], [ -9974326.222165198996663, 3523391.423670993652195 ], [ -9974125.470680536702275, 3523357.523719616699964 ], [ -9973938.205078480765224, 3523249.643185321707278 ], [ -9973851.33855034597218, 3523141.896857989020646 ], [ -9973704.290915872901678, 3522993.70856452267617 ], [ -9973624.048081008717418, 3522939.785284608136863 ], [ -9973389.80396294593811, 3522932.735681139864028 ], [ -9973142.080506950616837, 3522992.929805365856737 ], [ -9972954.658132759854198, 3523006.11807995615527 ], [ -9972827.472318669781089, 3523019.390009031165391 ], [ -9972686.89063367061317, 3523039.368083644658327 ], [ -9972345.20475522056222, 3523274.308416327927262 ], [ -9971695.292578892782331, 3523724.04375356901437 ], [ -9971447.299450540915132, 3523945.660012229345739 ], [ -9971319.958059653639793, 3524053.098908144980669 ], [ -9971232.755279490724206, 3524174.054708659648895 ], [ -9971232.506084343418479, 3524335.511346265207976 ], [ -9971245.685907712206244, 3524470.080954888835549 ], [ -9971285.661994129419327, 3524591.238540093880147 ], [ -9971305.546859869733453, 3524719.093563223723322 ], [ -9971278.595211576670408, 3524833.421689986716956 ], [ -9971224.721622038632631, 3525041.897479104343802 ], [ -9971211.156772680580616, 3525156.249197453260422 ], [ -9971164.058295354247093, 3525310.916986983269453 ], [ -9971110.358460228890181, 3525405.02416737889871 ], [ -9970969.505770981311798, 3525579.730933318380266 ], [ -9970707.96833056025207, 3525868.625028068199754 ], [ -9970017.609669661149383, 3526372.126876566559076 ], [ -9969535.057791892439127, 3526687.560904144309461 ], [ -9969434.543469922617078, 3526741.219454650301486 ], [ -9969200.094664832577109, 3526814.833754763007164 ], [ -9968811.657938875257969, 3526888.175302337855101 ], [ -9968717.892648287117481, 3526908.196956626139581 ], [ -9968557.129551764577627, 3526955.014504553750157 ], [ -9968483.436699032783508, 3526981.798863116186112 ], [ -9968329.414606425911188, 3527001.710504511371255 ], [ -9968101.758236024528742, 3527014.758562427014112 ], [ -9967914.308329716324806, 3527007.689443097449839 ], [ -9967740.236540775746107, 3527007.370928687043488 ], [ -9967472.433830982074142, 3527006.876219233497977 ], [ -9967365.337627429515123, 3526993.219185565132648 ], [ -9967204.731314128264785, 3526952.545682687312365 ], [ -9967084.35903394408524, 3526878.302581627853215 ], [ -9966816.978946916759014, 3526655.748344713356346 ], [ -9966683.349966550245881, 3526514.192174949217588 ], [ -9966623.01978344656527, 3526554.447533229831606 ], [ -9966649.645381018519402, 3526635.24183563888073 ], [ -9966662.804675402119756, 3526756.382697478868067 ], [ -9966655.91764578782022, 3526857.299965943675488 ], [ -9966622.23752479813993, 3526964.895247667096555 ], [ -9966588.569673866033554, 3527065.762522511184216 ], [ -9966453.996227944269776, 3527415.40653690462932 ], [ -9966406.779885882511735, 3527596.999670625198632 ], [ -9966393.233758877962828, 3527677.722954841330647 ], [ -9966426.36168566532433, 3527859.475769700016826 ], [ -9966466.328174917027354, 3527967.22173927584663 ], [ -9966519.673700312152505, 3528081.723731220699847 ], [ -9966746.737915340811014, 3528391.715401743538678 ], [ -9966786.810714703053236, 3528445.628461560234427 ], [ -9966833.605139948427677, 3528486.095292067620903 ], [ -9966853.540156431496143, 3528566.888528836891055 ], [ -9966786.466615499928594, 3528627.327125343028456 ], [ -9966719.45634102076292, 3528654.117394643370062 ], [ -9966645.788301412016153, 3528660.70553072122857 ], [ -9966565.501422252506018, 3528626.902492529712617 ], [ -9966505.354232899844646, 3528566.219518612604588 ], [ -9966425.249415954574943, 3528438.202113382518291 ], [ -9966340.946960713714361, 3528324.424891920760274 ], [ -9966247.427877189591527, 3528209.841493314597756 ], [ -9966190.658113397657871, 3528135.706807562150061 ], [ -9966133.856291016563773, 3528078.395631302613765 ], [ -9966023.641395101323724, 3527943.592074614018202 ], [ -9965966.91363874822855, 3527849.270260775927454 ], [ -9965920.177104974165559, 3527781.885490286629647 ], [ -9965886.805496590211987, 3527727.985775531735271 ], [ -9965866.811765108257532, 3527680.841920597013086 ], [ -9965843.510201660916209, 3527613.504257562104613 ], [ -9965803.556709000840783, 3527502.394794197753072 ], [ -9965773.520691439509392, 3527455.231628562323749 ], [ -9965726.819864438846707, 3527371.025790399871767 ], [ -9965703.459697943180799, 3527333.969723845366389 ], [ -9965673.431108701974154, 3527283.442480510100722 ], [ -9965643.409428017213941, 3527229.550918690860271 ], [ -9965578.822295105084777, 3527098.387472233269364 ], [ -9965542.502556165680289, 3527099.182911104522645 ], [ -9965506.181089261546731, 3527100.84731036843732 ], [ -9965494.913907302543521, 3527113.860264702234417 ], [ -9965483.6484280154109, 3527126.004153851885349 ], [ -9965480.16368655115366, 3527139.032901061233133 ], [ -9965478.404917908832431, 3527153.803347987122834 ], [ -9965474.072690742090344, 3527158.139835388399661 ], [ -9965468.884393114596605, 3527158.129284184891731 ], [ -9965462.843450449407101, 3527152.033589362632483 ], [ -9965452.510015102103353, 3527130.286110436543822 ], [ -9965437.854727631434798, 3527107.660826395731419 ], [ -9965374.765192294493318, 3527090.151141074020416 ], [ -9965309.922055581584573, 3527084.80428407760337 ], [ -9965251.128451399505138, 3527081.207639399450272 ], [ -9965217.404604187235236, 3527081.138429535087198 ], [ -9965177.638273220509291, 3527075.842404404189438 ], [ -9965115.394725359976292, 3527067.892739288974553 ], [ -9965069.563187476247549, 3527068.667232106905431 ], [ -9965044.468961523845792, 3527077.305902909953147 ], [ -9964998.61798226647079, 3527087.639657068066299 ], [ -9964966.597277047112584, 3527100.609069988597184 ], [ -9964938.017638569697738, 3527122.276106309145689 ], [ -9964905.979043839499354, 3527143.935921011026949 ], [ -9964871.349708549678326, 3527163.852218339219689 ], [ -9964851.436429874971509, 3527175.977558391168714 ], [ -9964835.848489657044411, 3527187.242819948587567 ], [ -9964835.823723176494241, 3527199.409593485295773 ], [ -9964842.711407272145152, 3527214.197975523769855 ], [ -9964857.358664702624083, 3527240.300324259325862 ], [ -9964864.219886712729931, 3527268.124624301213771 ], [ -9964861.572711510583758, 3527294.191090168897063 ], [ -9964849.431161856278777, 3527311.547145823016763 ], [ -9964833.393857648596168, 3527331.067678824532777 ], [ -9964825.591857824474573, 3527340.611154387239367 ], [ -9964814.350341061130166, 3527340.587703671772033 ], [ -9964807.443142103031278, 3527335.358891907148063 ], [ -9964803.163736920803785, 3527313.623241394292563 ], [ -9964810.113490860909224, 3527297.994558146689087 ], [ -9964811.004761565476656, 3527284.96042028721422 ], [ -9964807.556489922106266, 3527279.738815839868039 ], [ -9964793.726152926683426, 3527277.102776318322867 ], [ -9964767.764857437461615, 3527286.608246230985969 ], [ -9964748.740850297734141, 3527286.568470551632345 ], [ -9964700.34637245722115, 3527271.693052421789616 ], [ -9964648.484208026900887, 3527261.155509423930198 ], [ -9964607.018422979861498, 3527241.079958462156355 ], [ -9964553.448373211547732, 3527220.109770355280489 ], [ -9964503.305261163040996, 3527214.789647455792874 ], [ -9964441.929734624922276, 3527205.100303702522069 ], [ -9964381.413637658581138, 3527198.019643561448902 ], [ -9964360.678404256701469, 3527189.28508825134486 ], [ -9964339.054899713024497, 3527191.846363889519125 ], [ -9964302.742056950926781, 3527189.16200726153329 ], [ -9964266.431053649634123, 3527185.608546897768974 ], [ -9964231.845852771773934, 3527183.796738223172724 ], [ -9964208.49843174777925, 3527183.746931833680719 ], [ -9964180.840064829215407, 3527177.604479056317359 ], [ -9964164.441231241449714, 3527162.7954809688963 ], [ -9964147.163214819505811, 3527154.937047678977251 ], [ -9964098.742651926353574, 3527153.095246369484812 ], [ -9964040.81929812207818, 3527146.887616667430848 ], [ -9964007.970983397215605, 3527141.60269339196384 ], [ -9963951.780878078192472, 3527133.660289138089865 ], [ -9963925.833835031837225, 3527136.21152758365497 ], [ -9963888.643714066594839, 3527139.607471654657274 ], [ -9963856.641794333234429, 3527143.014524062164128 ], [ -9963806.497441098093987, 3527138.560775703750551 ], [ -9963764.141020942479372, 3527131.516528798267245 ], [ -9963726.123044921085238, 3527117.52918222732842 ], [ -9963682.028048150241375, 3527114.826154126785696 ], [ -9963659.532552197575569, 3527120.860540968365967 ], [ -9963634.448393752798438, 3527124.282118485309184 ], [ -9963623.22005781903863, 3527118.17428477620706 ], [ -9963611.986112236976624, 3527114.673558428417891 ], [ -9963588.627774445340037, 3527119.836903461720794 ], [ -9963574.764497516676784, 3527132.842372379731387 ], [ -9963541.901496471837163, 3527134.508640012238175 ], [ -9963509.062775468453765, 3527124.877226139418781 ], [ -9963487.448581196367741, 3527123.091784125193954 ], [ -9963442.485198061913252, 3527122.124108395539224 ], [ -9963406.165288405492902, 3527122.91340103931725 ], [ -9963378.470104210078716, 3527134.150143884588033 ], [ -9963361.158984620124102, 3527141.933501895982772 ], [ -9963343.864666175097227, 3527141.89541727816686 ], [ -9963335.215620560571551, 3527142.745427676010877 ], [ -9963246.191030049696565, 3527123.429853373672813 ], [ -9963234.113161344081163, 3527110.367394566070288 ], [ -9963227.221740670502186, 3527098.185474441386759 ], [ -9963229.834658009931445, 3527089.50073334062472 ], [ -9963237.6527508366853, 3527073.006160811055452 ], [ -9963238.538080152124166, 3527063.448622224386781 ], [ -9963234.2407534904778, 3527051.272487449925393 ], [ -9963204.883809620514512, 3527031.219530034810305 ], [ -9963184.151455469429493, 3527021.614125097170472 ], [ -9963155.629239680245519, 3527015.46761579439044 ], [ -9963126.225377760827541, 3527017.140460771974176 ], [ -9963102.899005910381675, 3527007.529177637305111 ], [ -9963077.841339275240898, 3526998.783116196747869 ], [ -9963059.684347376227379, 3526997.873675445094705 ], [ -9963044.136633289977908, 3526990.017698040232062 ], [ -9963027.73562497831881, 3526976.945568578783423 ], [ -9962998.36393179744482, 3526963.844551912974566 ], [ -9962975.902468858286738, 3526954.235043956898153 ], [ -9962947.395730953663588, 3526941.135832625906914 ], [ -9962918.8794303573668, 3526932.381733723450452 ], [ -9962890.351840548217297, 3526928.841782779432833 ], [ -9962874.800511257722974, 3526922.72372043505311 ], [ -9962854.929487792775035, 3526914.85789892449975 ], [ -9962835.907914534211159, 3526913.946225755382329 ], [ -9962818.60441867634654, 3526918.25257013598457 ], [ -9962786.579904397949576, 3526932.085221953690052 ], [ -9962751.10231064632535, 3526943.30297074560076 ], [ -9962732.909170283004642, 3526958.904698466416448 ], [ -9962708.645847173407674, 3526982.314083897508681 ], [ -9962667.097842663526535, 3527001.339272126089782 ], [ -9962644.573344821110368, 3527020.407334805931896 ], [ -9962625.520961022004485, 3527033.399901340715587 ], [ -9962594.370343467220664, 3527042.888961788266897 ], [ -9962567.548966307193041, 3527049.780581628903747 ], [ -9962537.243695637211204, 3527067.961837675888091 ], [ -9962506.94607356749475, 3527082.666890255175531 ], [ -9962485.297451509162784, 3527096.522502521052957 ], [ -9962464.505766307935119, 3527113.85618338547647 ], [ -9962449.790214776992798, 3527120.775090147741139 ], [ -9962416.923318218439817, 3527124.17652613343671 ], [ -9962388.393517319113016, 3527121.50439321110025 ], [ -9962333.09626679122448, 3527101.390195013023913 ], [ -9962301.985989715903997, 3527092.628663782961667 ], [ -9962290.756374122574925, 3527087.388737390283495 ], [ -9962287.32074380479753, 3527076.952309863176197 ], [ -9962277.814778130501509, 3527074.323427794501185 ], [ -9962264.840206783264875, 3527076.031859484966844 ], [ -9962244.106541894376278, 3527067.293948870617896 ], [ -9962221.641577949747443, 3527059.421100604813546 ], [ -9962208.657289572060108, 3527065.474635979626328 ], [ -9962199.99460537545383, 3527072.407097439281642 ], [ -9962193.034119322896004, 3527091.510150998830795 ], [ -9962190.373831374570727, 3527121.051592901814729 ], [ -9962198.962615111842752, 3527147.142727876082063 ], [ -9962217.920243222266436, 3527176.733915020246059 ], [ -9962230.86569862999022, 3527188.061238505877554 ], [ -9962235.173818677663803, 3527195.023573717102408 ], [ -9962234.219614150002599, 3527234.997844011988491 ], [ -9962229.826083833351731, 3527266.273810050915927 ], [ -9962230.581894904375076, 3527314.942874543834478 ], [ -9962236.539784450083971, 3527357.540470794308931 ], [ -9962242.493755443021655, 3527401.876499932259321 ], [ -9962239.860708143562078, 3527419.251832770183682 ], [ -9962210.329459004104137, 3527477.411786151584238 ], [ -9962197.321383632719517, 3527493.894304818473756 ], [ -9962173.920830383896828, 3527517.305590754840523 ], [ -9962155.739779463037848, 3527526.823637032415718 ], [ -9962144.478649821132421, 3527535.488514308352023 ], [ -9962139.24336407519877, 3527556.33428983669728 ], [ -9962125.384051900357008, 3527566.731378560885787 ], [ -9962121.872386379167438, 3527590.188446117565036 ], [ -9962111.438807692378759, 3527615.367747222539037 ], [ -9962086.298610541969538, 3527643.120469490997493 ], [ -9962057.724706241860986, 3527659.567226228304207 ], [ -9962029.978290850296617, 3527692.528421464841813 ], [ -9962006.52412124350667, 3527739.405051914043725 ], [ -9961979.642104996368289, 3527772.368371126241982 ], [ -9961958.821191158145666, 3527801.869313499890268 ], [ -9961935.411779506132007, 3527828.757095456123352 ], [ -9961925.860067889094353, 3527846.11688181059435 ], [ -9961915.902550600469112, 3527851.742927218787372 ], [ -9961897.70514202490449, 3527868.213579933624715 ], [ -9961881.23324234969914, 3527886.426427450496703 ], [ -9961866.506614215672016, 3527897.690560126211494 ], [ -9961844.808625189587474, 3527932.404234272893518 ], [ -9961821.382986549288034, 3527966.244826938025653 ], [ -9961792.766489874571562, 3528000.94253595918417 ], [ -9961763.269334323704243, 3528042.591052461415529 ], [ -9961726.879471752792597, 3528072.925126228947192 ], [ -9961700.534937554970384, 3528085.495422012172639 ], [ -9961660.132396280765533, 3528103.750894742552191 ], [ -9961643.738557724282146, 3528128.823033460881561 ], [ -9961611.993399100378156, 3528143.235541978850961 ], [ -9961568.70096741989255, 3528164.381392624229193 ], [ -9961521.562306720763445, 3528186.48393405880779 ], [ -9961466.740109659731388, 3528206.63658601930365 ], [ -9961388.836480634287, 3528234.460938944481313 ], [ -9961327.291452622041106, 3528252.66562597732991 ], [ -9961274.388454189524055, 3528273.787892112974077 ], [ -9961249.362645473331213, 3528291.112975484225899 ], [ -9961223.335528882220387, 3528325.820089986547828 ], [ -9961181.925779467448592, 3528363.388071758672595 ], [ -9961150.170536961406469, 3528381.662899573333561 ], [ -9961094.385981641709805, 3528401.811930551659316 ], [ -9961008.801343539729714, 3528425.752780708484352 ], [ -9960962.637620229274035, 3528441.095269507262856 ], [ -9960932.769928021356463, 3528473.861364032607526 ], [ -9960906.746066553518176, 3528506.636697806883603 ], [ -9960878.7911292091012, 3528543.270618561189622 ], [ -9960852.850901402533054, 3528540.310849331319332 ], [ -9960840.366893328726292, 3528536.417562971822917 ], [ -9960834.625880543142557, 3528525.779719393700361 ], [ -9960836.584111783653498, 3528510.33138678688556 ], [ -9960843.32920041680336, 3528502.621095078997314 ], [ -9960851.03990139439702, 3528492.98138712067157 ], [ -9960857.784971861168742, 3528485.271173112094402 ], [ -9960852.991383811458945, 3528480.430569360964 ], [ -9960837.624470122158527, 3528476.530294762458652 ], [ -9960824.163714611902833, 3528479.395403643138707 ], [ -9960793.44126751087606, 3528466.765870006289333 ], [ -9960731.040317136794329, 3528439.572620437946171 ], [ -9960678.265358302742243, 3528405.641779025550932 ], [ -9960633.192365789785981, 3528365.934649001341313 ], [ -9960580.456855151802301, 3528315.585026156157255 ], [ -9960533.428101316094398, 3528290.360062354244292 ], [ -9960507.504537811502814, 3528280.639103627763689 ], [ -9960481.613002585247159, 3528257.39701743517071 ], [ -9960461.457660892978311, 3528246.724176437593997 ], [ -9960446.093513876199722, 3528241.857777131255716 ], [ -9960404.810409976169467, 3528225.338666155468673 ], [ -9960363.502243150025606, 3528219.443058470729738 ], [ -9960286.644281726330519, 3528211.519124568905681 ], [ -9960239.556397097185254, 3528211.403747427742928 ], [ -9960172.244059897959232, 3528229.588602834381163 ], [ -9960101.059781171381474, 3528259.353157168254256 ], [ -9960049.09716173261404, 3528288.199004929512739 ], [ -9960044.264347763732076, 3528299.776679198257625 ], [ -9960063.411926874890924, 3528329.76378599088639 ], [ -9960064.333429034799337, 3528346.184680190868676 ], [ -9960062.365025004372001, 3528365.495933697093278 ], [ -9960061.352897046133876, 3528386.741146695800126 ], [ -9960037.265339849516749, 3528412.758554254192859 ], [ -9960026.703788690268993, 3528408.869185599964112 ], [ -9960000.747656425461173, 3528412.668378470931202 ], [ -9959971.899238143116236, 3528420.323481957893819 ], [ -9959944.016459224745631, 3528426.049413750879467 ], [ -9959888.274215491488576, 3528427.842937320005149 ], [ -9959831.56630265712738, 3528431.565438026096672 ], [ -9959765.250743858516216, 3528434.297993907704949 ], [ -9959715.241501709446311, 3528449.626394892577082 ], [ -9959655.643404854461551, 3528456.238373187370598 ], [ -9959560.500206988304853, 3528457.932070990558714 ], [ -9959462.459813199937344, 3528465.412613010033965 ], [ -9959404.816651379689574, 3528458.506986934691668 ], [ -9959292.475537030026317, 3528419.591372138820589 ], [ -9959214.730746755376458, 3528380.762541298288852 ], [ -9959145.651884198188782, 3528335.194752924144268 ], [ -9959093.859337449073792, 3528294.499680682551116 ], [ -9959015.200518928468227, 3528237.317696461919695 ], [ -9958915.474369388073683, 3528150.625228872988373 ], [ -9958833.031209032982588, 3528070.254483608528972 ], [ -9958753.86498986184597, 3527994.188402028754354 ], [ -9958753.569249806925654, 3527993.690186752006412 ], [ -9958747.964663153514266, 3527988.02891652751714 ], [ -9958745.219810128211975, 3527978.528562183026224 ], [ -9958736.936015404760838, 3527969.66871102200821 ], [ -9958730.918743759393692, 3527966.216035795398057 ], [ -9958723.443527717143297, 3527959.64974409295246 ], [ -9958719.720299514010549, 3527950.637928349897265 ], [ -9958712.896131144836545, 3527944.236991539597511 ], [ -9958706.064973957836628, 3527940.618548303376883 ], [ -9958702.984984006732702, 3527934.881931809708476 ], [ -9958700.893259815871716, 3527924.728587603196502 ], [ -9958693.108790563419461, 3527911.614441710524261 ], [ -9958681.923993896692991, 3527890.635089948307723 ], [ -9958676.732183212414384, 3527882.765271342359483 ], [ -9958672.680813839659095, 3527874.734718299470842 ], [ -9958665.216774957254529, 3527863.749224527738988 ], [ -9958652.88545192219317, 3527845.385793902445585 ], [ -9958647.209214340895414, 3527835.877997723408043 ], [ -9958639.419087490066886, 3527825.055361860897392 ], [ -9958632.425574025139213, 3527821.272818953730166 ], [ -9958628.034534370526671, 3527818.806381403002888 ], [ -9958626.74564353376627, 3527813.238099203445017 ], [ -9958627.249874537810683, 3527807.019738500472158 ], [ -9958626.126317400485277, 3527800.469838055316359 ], [ -9958623.21460790373385, 3527792.605936163570732 ], [ -9958620.45588206499815, 3527788.670631003566086 ], [ -9958617.21434267796576, 3527782.442635614424944 ], [ -9958613.816533282399178, 3527773.595449048560113 ], [ -9958613.017067970708013, 3527767.701072482392192 ], [ -9958609.456821206957102, 3527758.689800215885043 ], [ -9958605.734129322692752, 3527749.514431896619499 ], [ -9958604.937121085822582, 3527742.638061847072095 ], [ -9958601.694782057777047, 3527736.737430270761251 ], [ -9958601.872885473072529, 3527730.681945659220219 ], [ -9958600.262409623712301, 3527723.476136414334178 ], [ -9958600.273944368585944, 3527718.893287729471922 ], [ -9958598.822649331763387, 3527713.160959782078862 ], [ -9958596.552505042403936, 3527709.226940563879907 ], [ -9958592.648444643244147, 3527707.416464020032436 ], [ -9958588.100770566612482, 3527702.494528113398701 ], [ -9958584.702168926596642, 3527693.974729351233691 ], [ -9958582.432868985459208, 3527689.713366985786706 ], [ -9958580.503300044685602, 3527679.887991529889405 ], [ -9958579.719922350719571, 3527667.610470710787922 ], [ -9958576.974419072270393, 3527658.437677611131221 ], [ -9958576.330409370362759, 3527655.489900563377887 ], [ -9958573.252200586721301, 3527649.098696989938617 ], [ -9958571.649600595235825, 3527638.783169119153172 ], [ -9958570.533090747892857, 3527629.450937483459711 ], [ -9958569.576150305569172, 3527621.428511482197791 ], [ -9958569.924532759934664, 3527612.427415947429836 ], [ -9958569.307736277580261, 3527598.677342045586556 ], [ -9958568.358631134033203, 3527587.545182513538748 ], [ -9958565.600774750113487, 3527583.282591966446489 ], [ -9958564.674116713926196, 3527575.967566795647144 ], [ -9958565.4509556889534, 3527570.348681434988976 ], [ -9958567.2446498721838, 3527564.732431462034583 ], [ -9958567.258808137848973, 3527559.111593895126134 ], [ -9958566.253517163917422, 3527554.510094138793647 ], [ -9958582.98231515660882, 3527430.390888891648501 ], [ -9958591.226839441806078, 3527429.893851767294109 ], [ -9958598.361064152792096, 3527423.524948219768703 ], [ -9958602.188488399609923, 3527417.913992166053504 ], [ -9958608.565824046730995, 3527409.243708960711956 ], [ -9958609.095465591177344, 3527400.813862928189337 ], [ -9958606.063493341207504, 3527393.396821832749993 ], [ -9958609.896707251667976, 3527385.486466788221151 ], [ -9958611.952285096049309, 3527376.805092688184232 ], [ -9958613.762008875608444, 3527364.80170125560835 ], [ -9958614.813568944111466, 3527351.007938920985907 ], [ -9958613.325526459142566, 3527336.185676667373627 ], [ -9958611.578135266900063, 3527323.406714066397399 ], [ -9958607.532494522631168, 3527314.709651519078761 ], [ -9958607.311683531850576, 3527301.423647305928171 ], [ -9958608.87681357562542, 3527285.587368674110621 ], [ -9958611.432482862845063, 3527280.228691061027348 ], [ -9958613.739048352465034, 3527272.825472654774785 ], [ -9958615.164540160447359, 3527261.970887032803148 ], [ -9958615.3105981759727, 3527254.434370080009103 ], [ -9958613.1622813064605, 3527249.446820803452283 ], [ -9958607.321741223335266, 3527246.87690114043653 ], [ -9958600.586633702740073, 3527246.220836420077831 ], [ -9958598.813568627461791, 3527243.661378784570843 ], [ -9958598.828991193324327, 3527237.529712533112615 ], [ -9958601.635641522705555, 3527233.449153588153422 ], [ -9958602.676906967535615, 3527223.743302796967328 ], [ -9958602.689114645123482, 3527218.889085566159338 ], [ -9958605.754476001486182, 3527213.020779082551599 ], [ -9958607.039686493575573, 3527207.403371327091008 ], [ -9958605.784028043970466, 3527201.268450005911291 ], [ -9958599.942225590348244, 3527199.209514379967004 ], [ -9958595.8683718778193, 3527201.753880103584379 ], [ -9958591.806698348373175, 3527199.444035845808685 ], [ -9958587.247545007616282, 3527192.789633071050048 ], [ -9958587.269399596378207, 3527184.103142690379173 ], [ -9958585.251758521422744, 3527177.710797475185245 ], [ -9958582.475963551551104, 3527169.528078952804208 ], [ -9958578.929178386926651, 3527164.664701344445348 ], [ -9958578.819116406142712, 3527157.894034985918552 ], [ -9958583.160686725750566, 3527149.98517334042117 ], [ -9958586.489888563752174, 3527140.285288456827402 ], [ -9958591.347595138475299, 3527129.3119409205392 ], [ -9958593.140584645792842, 3527123.95137173961848 ], [ -9958592.132720487192273, 3527120.371974129229784 ], [ -9958589.983166659250855, 3527115.895448537543416 ], [ -9958589.990235831588507, 3527113.08513557119295 ], [ -9958591.523222431540489, 3527110.023265676107258 ], [ -9958594.574424469843507, 3527109.775637425016612 ], [ -9958597.371408969163895, 3527109.527373378165066 ], [ -9958600.411046780645847, 3527113.878448420669883 ], [ -9958607.654510920867324, 3527114.535801826044917 ], [ -9958609.697845306247473, 3527110.70879602432251 ], [ -9958611.486980803310871, 3527106.881126693915576 ], [ -9958611.50239403359592, 3527100.749530892353505 ], [ -9958607.956257756799459, 3527095.630712467245758 ], [ -9958604.410114346072078, 3527090.511885446030647 ], [ -9958600.867847792804241, 3527083.860173281747848 ], [ -9958597.061720952391624, 3527081.040045918431133 ], [ -9958592.501951178535819, 3527074.641194369178265 ], [ -9958592.006379025056958, 3527069.530236947350204 ], [ -9958591.259823219850659, 3527063.141219562850893 ], [ -9958592.037231735885143, 3527057.267097712494433 ], [ -9958598.148604767397046, 3527053.195093858521432 ], [ -9958603.738714817911386, 3527054.231432906817645 ], [ -9958611.359276575967669, 3527056.550402611028403 ], [ -9958617.210006380453706, 3527055.032567690126598 ], [ -9958620.273392783477902, 3527049.930778270121664 ], [ -9958623.691141780465841, 3527040.441144511569291 ], [ -9958628.193760670721531, 3527034.111190805211663 ], [ -9958627.066827284172177, 3527027.337989185936749 ], [ -9958629.864882078021765, 3527015.887049375567585 ], [ -9958642.13107730820775, 3526999.026824567466974 ], [ -9958648.249783720821142, 3526994.179725315887481 ], [ -9958650.548583120107651, 3526989.842444776557386 ], [ -9958648.782566165551543, 3526984.472767016850412 ], [ -9958645.486820863559842, 3526980.887541536707431 ], [ -9958642.322334645316005, 3526975.642028205096722 ], [ -9958641.58280367217958, 3526966.442765084095299 ], [ -9958641.851130729541183, 3526960.822863597422838 ], [ -9958644.660920260474086, 3526955.464967387262732 ], [ -9958645.953118344768882, 3526947.037402045447379 ], [ -9958645.462027009576559, 3526940.13814912410453 ], [ -9958644.971577415242791, 3526932.98341652425006 ], [ -9958643.455293301492929, 3526929.402782861609012 ], [ -9958643.468121448531747, 3526924.293192068114877 ], [ -9958647.04627513885498, 3526916.63797257700935 ], [ -9958652.659414436668158, 3526908.477039609570056 ], [ -9958658.77903014048934, 3526901.083825763780624 ], [ -9958666.930371897295117, 3526894.46229838905856 ], [ -9958673.312515567988157, 3526883.74853434599936 ], [ -9958682.503751013427973, 3526867.932382713537663 ], [ -9958685.707310494035482, 3526857.593685965519398 ], [ -9958692.339769443497062, 3526848.413458764087409 ], [ -9958697.569949636235833, 3526840.890246514696628 ], [ -9958698.606645293533802, 3526832.973046231083572 ], [ -9958702.433839187026024, 3526827.362342286389321 ], [ -9958709.31345135346055, 3526820.993035405874252 ], [ -9958713.658658759668469, 3526811.551481089554727 ], [ -9958718.263819297775626, 3526799.811286855489016 ], [ -9958723.373535323888063, 3526789.605270301457494 ], [ -9958726.071146965026855, 3526778.2434336906299 ], [ -9958727.879365360364318, 3526766.751580137759447 ], [ -9958732.997392350807786, 3526753.224408566951752 ], [ -9958739.117524191737175, 3526745.575784267857671 ], [ -9958746.247438253834844, 3526740.740003746468574 ], [ -9958755.667754290625453, 3526734.888176443986595 ], [ -9958761.515774827450514, 3526734.392212186474353 ], [ -9958766.229161538183689, 3526730.188903038389981 ], [ -9958770.569174576550722, 3526722.7911979239434 ], [ -9958776.18788399733603, 3526712.331049848347902 ], [ -9958780.782718114554882, 3526704.678520472254604 ], [ -9958787.41504630073905, 3526695.498367290943861 ], [ -9958793.401331203058362, 3526690.531906677875668 ], [ -9958796.465831689536572, 3526684.919287071563303 ], [ -9958796.226938249543309, 3526678.78725504130125 ], [ -9958798.786217123270035, 3526671.895958185195923 ], [ -9958803.631418017670512, 3526665.7769431816414 ], [ -9958807.715274088084698, 3526659.145032360684127 ], [ -9958811.538548998534679, 3526655.067211521789432 ], [ -9958817.64965788833797, 3526650.995242662262172 ], [ -9958824.53101896494627, 3526643.859540701843798 ], [ -9958831.160086270421743, 3526635.956766916904598 ], [ -9958835.754236338660121, 3526628.55974093824625 ], [ -9958839.585777126252651, 3526621.160778478719294 ], [ -9958839.859101850539446, 3526613.497241985984147 ], [ -9958843.696359902620316, 3526603.799021530896425 ], [ -9958847.909498058259487, 3526596.273312645964324 ], [ -9958851.733387816697359, 3526591.940011474303901 ], [ -9958854.552547380328178, 3526582.750164408236742 ], [ -9958855.8445800896734, 3526574.322836013045162 ], [ -9958858.677134796977043, 3526559.768088093958795 ], [ -9958861.487367061898112, 3526554.154853318352252 ], [ -9958862.25889096967876, 3526550.580201701726764 ], [ -9958861.509652817621827, 3526545.213362003676593 ], [ -9958858.471961483359337, 3526540.096136869397014 ], [ -9958856.446629457175732, 3526536.769827638287097 ], [ -9958857.982030685991049, 3526532.686183996964246 ], [ -9958861.302564216777682, 3526526.307850000448525 ], [ -9958863.850319691002369, 3526524.01510619558394 ], [ -9958866.650355553254485, 3526522.489421465899795 ], [ -9958867.932187341153622, 3526518.149662293493748 ], [ -9958863.373751021921635, 3526511.240271851420403 ], [ -9958859.640385797247291, 3526506.053876944817603 ], [ -9958839.830304546281695, 3526447.11905340384692 ], [ -9958850.838963748887181, 3526440.953508881386369 ], [ -9958863.314503135159612, 3526433.065782278776169 ], [ -9958879.092711605131626, 3526425.952891725115478 ], [ -9958893.852844744920731, 3526419.348327304236591 ], [ -9958913.686780599877238, 3526416.844216049648821 ], [ -9958927.174606388434768, 3526410.747312393505126 ], [ -9958935.060510901734233, 3526408.468178737908602 ], [ -9958939.768667779862881, 3526406.30860039871186 ], [ -9958952.486232226714492, 3526403.275352136231959 ], [ -9958974.857063818722963, 3526402.821372416801751 ], [ -9958988.838045209646225, 3526402.856943758204579 ], [ -9959003.076360017061234, 3526401.615803452208638 ], [ -9959017.074445711448789, 3526394.753697089850903 ], [ -9959028.2750528678298, 3526388.395409726072103 ], [ -9959042.267393937334418, 3526383.83251202153042 ], [ -9959054.231834471225739, 3526376.965209574904293 ], [ -9959064.156964914873242, 3526372.391956266947091 ], [ -9959076.112540293484926, 3526369.101185626816005 ], [ -9959088.327359469607472, 3526363.767314463853836 ], [ -9959105.882854968309402, 3526357.425087972078472 ], [ -9959116.570565162226558, 3526352.853733450639993 ], [ -9959129.296267863363028, 3526346.499251714441925 ], [ -9959141.505359686911106, 3526343.464541335124522 ], [ -9959150.914478555321693, 3526341.955551375169307 ], [ -9959157.791709329932928, 3526336.352641224861145 ], [ -9959174.075517136603594, 3526330.262588800862432 ], [ -9959188.06964236497879, 3526324.93313798122108 ], [ -9959196.725609913468361, 3526319.590173452626914 ], [ -9959201.816499466076493, 3526316.792891355697066 ], [ -9959208.171430252492428, 3526316.80894882325083 ], [ -9959222.408391935750842, 3526316.07851342856884 ], [ -9959226.225767513737082, 3526314.29986603744328 ], [ -9959231.067461099475622, 3526309.458195015788078 ], [ -9959235.904137531295419, 3526306.660259643103927 ], [ -9959240.482226496562362, 3526305.649936389178038 ], [ -9959250.90494972653687, 3526305.420776727609336 ], [ -9959273.0201471503824, 3526305.476558717433363 ], [ -9959283.700212635099888, 3526303.970680030528456 ], [ -9959295.907350083813071, 3526301.702233724761754 ], [ -9959307.348739733919501, 3526300.709178641904145 ], [ -9959310.917546631768346, 3526296.630682075861841 ], [ -9959313.974182609468699, 3526294.083698626141995 ], [ -9959319.576557777822018, 3526290.010322695598006 ], [ -9959323.650015795603395, 3526287.465898384805769 ], [ -9959332.302114667370915, 3526283.655658237636089 ], [ -9959339.943703733384609, 3526277.288212539162487 ], [ -9959351.134021554142237, 3526275.017149342689663 ], [ -9959359.525645881891251, 3526273.760915933176875 ], [ -9959375.808659953996539, 3526267.926104399375618 ], [ -9959392.345234356820583, 3526262.347373181488365 ], [ -9959411.174563018605113, 3526254.730648377444595 ], [ -9959416.517074661329389, 3526252.955796084366739 ], [ -9959433.811188282445073, 3526249.422653820831329 ], [ -9959440.936815226450562, 3526246.11946332314983 ], [ -9959451.869759226217866, 3526245.125007424503565 ], [ -9959464.836276730522513, 3526244.135649477131665 ], [ -9959479.200558705255389, 3526243.277506181970239 ], [ -9959504.103067697957158, 3526246.916409178171307 ], [ -9959520.872552659362555, 3526250.023985617328435 ], [ -9959532.312020840123296, 3526249.797142690513283 ], [ -9959541.210772208869457, 3526249.052993990015239 ], [ -9959540.967792486771941, 3526244.453983227256685 ], [ -9959537.929897874593735, 3526239.337042816448957 ], [ -9959531.084044916555285, 3526232.166851603426039 ], [ -9959518.635292867198586, 3526229.325567224528641 ], [ -9959511.524039197713137, 3526226.753112296573818 ], [ -9959503.652069043368101, 3526223.412347543053329 ], [ -9959494.258051766082644, 3526218.79042457183823 ], [ -9959488.168582079932094, 3526214.176783685106784 ], [ -9959480.041196661069989, 3526211.346299921162426 ], [ -9959469.881474424153566, 3526207.999778354074806 ], [ -9959459.97846569865942, 3526203.632037190720439 ], [ -9959448.038155989721417, 3526200.791973024606705 ], [ -9959440.166207861155272, 3526197.451173405628651 ], [ -9959432.040083857253194, 3526194.109732427634299 ], [ -9959415.275696232914925, 3526188.958347594365478 ], [ -9959402.323002267628908, 3526184.327450522221625 ], [ -9959388.609597651287913, 3526178.92823257483542 ], [ -9959373.874416755512357, 3526175.570151996798813 ], [ -9959358.380425428971648, 3526170.677363254595548 ], [ -9959345.177332082763314, 3526164.512994443066418 ], [ -9959327.029084693640471, 3526153.610066270455718 ], [ -9959310.774443220347166, 3526147.948917644098401 ], [ -9959293.508044466376305, 3526140.241492372471839 ], [ -9959279.039693238213658, 3526131.774706669151783 ], [ -9959262.031323177739978, 3526122.535116469021887 ], [ -9959249.098848363384604, 3526109.72930078394711 ], [ -9959231.585277466103435, 3526099.211095970589668 ], [ -9959216.226395480334759, 3526091.12521928595379 ], [ -9959193.636574415490031, 3526077.528598976321518 ], [ -9959176.354959962889552, 3526064.018325312528759 ], [ -9959162.656229013577104, 3526052.743411136325449 ], [ -9959139.817317321896553, 3526037.102546671871096 ], [ -9959122.054728856310248, 3526024.540033544879407 ], [ -9959103.018665151670575, 3526012.996133447624743 ], [ -9959090.075693590566516, 3526004.533167879097164 ], [ -9959070.779822204262018, 3525995.287738204933703 ], [ -9959066.733009900897741, 3525987.102730326820165 ], [ -9959059.374716091901064, 3525981.719418040942401 ], [ -9959054.546964714303613, 3525980.940813694149256 ], [ -9959033.589732887223363, 3525975.395322358701378 ], [ -9959024.190967302769423, 3525972.816895409021527 ], [ -9959014.033437255769968, 3525968.703777385409921 ], [ -9959007.385546054691076, 3525968.408517904113978 ], [ -9959001.833496976643801, 3525968.161926476750523 ], [ -9958988.101430146023631, 3525970.426244862843305 ], [ -9958977.41333101503551, 3525975.252886714413762 ], [ -9958967.739452105015516, 3525981.103937212843448 ], [ -9958965.186767200008035, 3525985.440299778245389 ], [ -9958963.892951756715775, 3525994.63361587561667 ], [ -9958962.085072059184313, 3526006.124794907402247 ], [ -9958955.455755867063999, 3526014.28274102974683 ], [ -9958945.011652201414108, 3526023.197376114316285 ], [ -9958928.201275328174233, 3526036.69414202356711 ], [ -9958914.196535577997565, 3526046.366093367803842 ], [ -9958894.598861757665873, 3526056.279277205932885 ], [ -9958876.043670820072293, 3526068.164189219940454 ], [ -9958855.686595370993018, 3526076.797973418608308 ], [ -9958836.586470985785127, 3526091.055122348014265 ], [ -9958812.651507787406445, 3526107.343611255288124 ], [ -9958791.266725588589907, 3526120.317565595731139 ], [ -9958774.46823743917048, 3526128.960356808733195 ], [ -9958760.978714859113097, 3526135.823346495628357 ], [ -9958753.089765636250377, 3526139.379651132505387 ], [ -9958749.269824661314487, 3526142.179969542194158 ], [ -9958746.201621433719993, 3526149.32510750554502 ], [ -9958742.607114378362894, 3526163.621906126383692 ], [ -9958740.011529939249158, 3526185.074298516847193 ], [ -9958740.756862016394734, 3526191.973761508706957 ], [ -9958744.434082509949803, 3526195.431960866320878 ], [ -9958751.288421263918281, 3526199.026033243630081 ], [ -9958754.833099806681275, 3526204.655354898422956 ], [ -9958755.059206075966358, 3526215.896417863667011 ], [ -9958748.685786804184318, 3526223.28859469294548 ], [ -9958741.567674580961466, 3526223.52582862181589 ], [ -9958738.01467253267765, 3526221.217533603310585 ], [ -9958733.462152186781168, 3526212.009097871370614 ], [ -9958726.8728849850595, 3526204.072785674594343 ], [ -9958720.778582839295268, 3526201.502506143413484 ], [ -9958713.157187459990382, 3526199.694707260001451 ], [ -9958707.560399485751987, 3526201.468611361458898 ], [ -9958696.622337330132723, 3526204.506139080040157 ], [ -9958688.970893543213606, 3526214.705127832945436 ], [ -9958685.369263492524624, 3526231.812100204639137 ], [ -9958671.611321164295077, 3526244.294611329678446 ], [ -9958646.152609316632152, 3526259.812667458318174 ], [ -9958630.110655440017581, 3526270.756505142431706 ], [ -9958620.695118522271514, 3526274.819752384442836 ], [ -9958610.777607036754489, 3526276.32705048378557 ], [ -9958603.913694314658642, 3526276.564872423186898 ], [ -9958594.763245308771729, 3526276.285853897687048 ], [ -9958592.47034115344286, 3526278.323686798568815 ], [ -9958586.3612688947469, 3526281.629032167140394 ], [ -9958582.539965150877833, 3526284.940270890947431 ], [ -9958581.76710969209671, 3526289.025743113365024 ], [ -9958581.242667289450765, 3526295.411079861223698 ], [ -9958579.958839528262615, 3526300.517116412520409 ], [ -9958574.09946002997458, 3526305.611381779890507 ], [ -9958571.293006345629692, 3526309.691632703877985 ], [ -9958562.638090876862407, 3526314.523224024102092 ], [ -9958560.852283706888556, 3526317.073302856180817 ], [ -9958557.783278927206993, 3526324.473965658340603 ], [ -9958549.386386683210731, 3526327.773405029904097 ], [ -9958541.752106387168169, 3526331.074805696494877 ], [ -9958539.204338880255818, 3526333.367448208387941 ], [ -9958534.104943316429853, 3526339.485547543037683 ], [ -9958531.798514872789383, 3526346.888183777686208 ], [ -9958518.806103592738509, 3526358.095272936392576 ], [ -9958494.879904728382826, 3526370.551500722765923 ], [ -9958478.586076280102134, 3526380.472719162236899 ], [ -9958463.301283301785588, 3526393.462134880479425 ], [ -9958446.717736210674047, 3526417.43339106766507 ], [ -9958433.223220631480217, 3526426.084469405934215 ], [ -9958422.782323321327567, 3526433.46609372831881 ], [ -9958420.226770307868719, 3526438.824354793410748 ], [ -9958421.230016456916928, 3526444.191822093445808 ], [ -9958423.758470136672258, 3526449.56324325222522 ], [ -9958421.194525083526969, 3526458.242613691836596 ], [ -9958409.725165383890271, 3526470.220057507045567 ], [ -9958394.937624396756291, 3526487.553805015049875 ], [ -9958380.668106663972139, 3526501.056833519600332 ], [ -9958368.941261915490031, 3526514.31097511947155 ], [ -9958363.075880955904722, 3526521.704450950026512 ], [ -9958355.165224775671959, 3526533.691131719853729 ], [ -9958349.294652190059423, 3526543.128392794635147 ], [ -9958340.864577235653996, 3526559.456767860334367 ], [ -9958338.287610394880176, 3526573.245612126775086 ], [ -9958333.430578814819455, 3526583.96288399817422 ], [ -9958316.593629343435168, 3526607.422734706196934 ], [ -9958302.301876476034522, 3526629.611865963321179 ], [ -9958291.346487121656537, 3526639.291434900835156 ], [ -9958284.209342053160071, 3526646.93712392821908 ], [ -9958280.376190382987261, 3526654.846880660858005 ], [ -9958273.228625353425741, 3526666.580154632683843 ], [ -9958266.599861580878496, 3526674.227172371000051 ], [ -9958258.696821020916104, 3526683.148255524225533 ], [ -9958256.892075516283512, 3526693.107103156857193 ], [ -9958250.256778802722692, 3526703.308882593177259 ], [ -9958239.798669446259737, 3526717.332844662014395 ], [ -9958230.369694240391254, 3526726.505440900567919 ], [ -9958227.806205328553915, 3526734.929490047506988 ], [ -9958226.016383785754442, 3526739.012463319115341 ], [ -9958208.697275536134839, 3526751.996671030763537 ], [ -9958191.644665781408548, 3526760.127502592280507 ], [ -9958188.317221488803625, 3526769.060523722320795 ], [ -9958184.22846014238894, 3526777.480617509689182 ], [ -9958179.128712872043252, 3526783.59878353215754 ], [ -9958172.756633868440986, 3526790.224586487282068 ], [ -9958169.94538770802319, 3526796.09324093721807 ], [ -9958163.560282716527581, 3526807.828567171469331 ], [ -9958156.934632409363985, 3526814.198241300415248 ], [ -9958150.311569711193442, 3526819.546001826412976 ], [ -9958147.241536978632212, 3526827.20234883017838 ], [ -9958144.161101594567299, 3526838.946319719776511 ], [ -9958140.066435802727938, 3526849.665740879252553 ], [ -9958134.705260237678885, 3526858.593509673140943 ], [ -9958122.226894870400429, 3526867.247201745864004 ], [ -9958110.256937958300114, 3526875.902255625929683 ], [ -9958098.042533759027719, 3526880.724427483510226 ], [ -9958089.394237011671066, 3526882.7456702622585 ], [ -9958083.542220434173942, 3526884.774200151208788 ], [ -9958077.944395257160068, 3526886.803392487578094 ], [ -9958074.36850574426353, 3526893.436524386517704 ], [ -9958069.516344560310245, 3526902.110134535934776 ], [ -9958062.135821331292391, 3526905.412055667024106 ], [ -9958051.711289094761014, 3526906.151217122096568 ], [ -9958040.772449560463428, 3526909.18834321713075 ], [ -9958030.087169766426086, 3526912.481604304630309 ], [ -9958015.337162459269166, 3526914.742284069303423 ], [ -9958006.944985756650567, 3526915.997694140765816 ], [ -9957997.030162556096911, 3526916.227188720367849 ], [ -9957989.893972540274262, 3526923.361927213147283 ], [ -9957982.244140798225999, 3526932.539167515933514 ], [ -9957968.744825826957822, 3526942.72297318931669 ], [ -9957952.692279869690537, 3526957.243261443916708 ], [ -9957945.052209237590432, 3526962.588306982535869 ], [ -9957934.86218100041151, 3526970.992430630140007 ], [ -9957927.727901654317975, 3526977.360733458772302 ], [ -9957921.360829936340451, 3526981.942670072894543 ], [ -9957905.844143770635128, 3526985.734106917399913 ], [ -9957887.791902398690581, 3526986.96405650023371 ], [ -9957883.710737660527229, 3526992.318428669590503 ], [ -9957880.890796896070242, 3527001.508374061435461 ], [ -9957877.5808060541749, 3527003.543516273610294 ], [ -9957866.130809601396322, 3527007.601087291259319 ], [ -9957862.306452251970768, 3527011.934231149032712 ], [ -9957861.274500984698534, 3527017.807606518734246 ], [ -9957860.984187735244632, 3527031.858362399041653 ], [ -9957860.7102629262954, 3527039.522127815987915 ], [ -9957859.680936062708497, 3527044.373594580218196 ], [ -9957856.621851444244385, 3527047.686825320590287 ], [ -9957850.009056007489562, 3527048.946819733828306 ], [ -9957840.094133457168937, 3527049.176193510647863 ], [ -9957835.513720132410526, 3527050.952508684247732 ], [ -9957830.935268428176641, 3527051.962375484872609 ], [ -9957824.83483699709177, 3527051.690812983550131 ], [ -9957818.481525016948581, 3527050.907626222353429 ], [ -9957810.849895583465695, 3527052.931377419270575 ], [ -9957803.981570536270738, 3527054.701639886014163 ], [ -9957796.598228503018618, 3527059.025385400746018 ], [ -9957789.218831926584244, 3527061.816242945380509 ], [ -9957779.803764641284943, 3527065.368158333469182 ], [ -9957772.167509315535426, 3527069.18026054603979 ], [ -9957766.035454630851746, 3527081.171812915243208 ], [ -9957758.12849260866642, 3527091.370280299801379 ], [ -9957747.672153603285551, 3527104.37235047435388 ], [ -9957734.678274864330888, 3527115.5793397128582 ], [ -9957724.749439876526594, 3527121.173762456979603 ], [ -9957713.280150333419442, 3527132.640244172420353 ], [ -9957706.917544500902295, 3527135.433759080246091 ], [ -9957701.835908681154251, 3527134.398362840991467 ], [ -9957693.709682956337929, 3527131.055588371120393 ], [ -9957688.878304770216346, 3527131.553763630799949 ], [ -9957685.569550909101963, 3527133.077902657911181 ], [ -9957682.765287857502699, 3527136.13631056016311 ], [ -9957681.22810953296721, 3527140.730967537965626 ], [ -9957681.206308502703905, 3527149.161937050055712 ], [ -9957680.433744536712766, 3527152.992154242936522 ], [ -9957676.611301241442561, 3527156.558830177411437 ], [ -9957670.250658068805933, 3527158.585888521745801 ], [ -9957657.525399083271623, 3527164.172864711843431 ], [ -9957651.162790102884173, 3527166.96632927749306 ], [ -9957635.902660837396979, 3527169.736239145044237 ], [ -9957618.346655091270804, 3527175.565868131350726 ], [ -9957603.837234953418374, 3527182.936473217792809 ], [ -9957590.343996183946729, 3527190.565253158565611 ], [ -9957576.325071211904287, 3527204.835265621077269 ], [ -9957559.262172002345324, 3527216.542331042233855 ], [ -9957545.754266116768122, 3527229.791753217577934 ], [ -9957536.322417590767145, 3527239.730683041736484 ], [ -9957524.61258115619421, 3527245.831235433463007 ], [ -9957517.231005899608135, 3527249.388426582794636 ], [ -9957510.111635968089104, 3527249.880463654641062 ], [ -9957504.001819001510739, 3527253.185549633111805 ], [ -9957497.63910754211247, 3527255.9789774492383 ], [ -9957494.311713313683867, 3527264.656710961367935 ], [ -9957493.019367691129446, 3527272.828862464986742 ], [ -9957488.687065390869975, 3527276.905124259181321 ], [ -9957482.832779789343476, 3527279.699923140928149 ], [ -9957480.777117568999529, 3527288.125543777830899 ], [ -9957478.19439541362226, 3527303.703448667190969 ], [ -9957474.109649473801255, 3527310.335282454267144 ], [ -9957470.547267267480493, 3527311.603239480871707 ], [ -9957458.854618899524212, 3527311.061108296271414 ], [ -9957453.505407225340605, 3527315.134661678690463 ], [ -9957449.914428757503629, 3527327.388557617086917 ], [ -9957446.829224368557334, 3527340.665786613244563 ], [ -9957436.093553099781275, 3527363.120203958358616 ], [ -9957426.626213049516082, 3527386.600029135122895 ], [ -9957421.004771837964654, 3527397.571126912720501 ], [ -9957409.025175886228681, 3527409.547213728073984 ], [ -9957392.984718557447195, 3527418.957569834310561 ], [ -9957381.532852552831173, 3527423.525827284902334 ], [ -9957374.13714586943388, 3527432.448261481244117 ], [ -9957365.977432776242495, 3527441.879647979047149 ], [ -9957358.331494266167283, 3527449.268463459331542 ], [ -9957347.643585912883282, 3527453.327761554624885 ], [ -9957335.691248327493668, 3527454.828762073535472 ], [ -9957326.276433013379574, 3527458.124980456195772 ], [ -9957311.01321935467422, 3527461.916506772395223 ], [ -9957301.715142723172903, 3527469.173151122871786 ], [ -9957294.3307203669101, 3527473.752235578373075 ], [ -9957288.731853473931551, 3527476.036671692505479 ], [ -9957276.530625583603978, 3527475.493003233335912 ], [ -9957263.303810274228454, 3527478.267987045925111 ], [ -9957247.526748221367598, 3527484.102018586359918 ], [ -9957236.582541631534696, 3527488.92702820058912 ], [ -9957228.946549536660314, 3527492.483441090676934 ], [ -9957209.623102245852351, 3527493.453572711907327 ], [ -9957187.253038721159101, 3527492.882524708285928 ], [ -9957173.271584736183286, 3527492.589483767747879 ], [ -9957155.716924387961626, 3527497.652153603732586 ], [ -9957140.698434228077531, 3527505.02106316620484 ], [ -9957126.439894249662757, 3527513.413972094655037 ], [ -9957113.940051743760705, 3527529.731880327686667 ], [ -9957101.682276239618659, 3527550.649359985720366 ], [ -9957079.965756939724088, 3527591.469880274496973 ], [ -9957065.941095573827624, 3527607.528250682167709 ], [ -9957052.177361836656928, 3527621.032386812381446 ], [ -9957033.824775386601686, 3527639.378549315035343 ], [ -9957013.178052665665746, 3527660.017992482054979 ], [ -9956997.37095089815557, 3527677.093549829907715 ], [ -9956988.709794951602817, 3527683.713063579052687 ], [ -9956984.623296650126576, 3527690.855925897601992 ], [ -9956975.957378162071109, 3527699.263902646489441 ], [ -9956960.18801729567349, 3527702.031752984505147 ], [ -9956946.202982919290662, 3527703.015922804828733 ], [ -9956937.809492189437151, 3527704.526206714101136 ], [ -9956926.376150745898485, 3527701.940302404109389 ], [ -9956915.188229216262698, 3527702.676506425254047 ], [ -9956904.75960979424417, 3527704.692242181394249 ], [ -9956893.57779623195529, 3527703.128994209691882 ], [ -9956885.963921617716551, 3527698.253920690622181 ], [ -9956880.634008651599288, 3527694.918018536176533 ], [ -9956869.452196698635817, 3527693.354736533947289 ], [ -9956854.95258929207921, 3527696.636885643936694 ], [ -9956846.534032955765724, 3527707.600410051178187 ], [ -9956841.163450798019767, 3527719.594212574884295 ], [ -9956838.328322963789105, 3527734.149870374239981 ], [ -9956836.997536770999432, 3527756.630062497220933 ], [ -9956839.255733653903008, 3527767.878091345541179 ], [ -9956842.791845781728625, 3527776.574630328919739 ], [ -9956845.822890976443887, 3527783.992310928180814 ], [ -9956846.54557566344738, 3527799.068686492741108 ], [ -9956849.832224138081074, 3527805.97606735676527 ], [ -9956855.907912800088525, 3527815.701512839645147 ], [ -9956861.220248565077782, 3527825.680397817865014 ], [ -9956879.673176178708673, 3527865.588375755120069 ], [ -9956893.070061802864075, 3527894.75174503820017 ], [ -9956910.780102372169495, 3527927.248390520457178 ], [ -9956925.194050751626492, 3527956.414627212565392 ], [ -9956937.077233657240868, 3527981.230542085599154 ], [ -9956941.364660067483783, 3527994.272813898511231 ], [ -9956944.883990032598376, 3528009.357023450080305 ], [ -9956947.324892420321703, 3528047.689175087958574 ], [ -9956953.107299020513892, 3528072.233257763553411 ], [ -9956963.745838122442365, 3528087.081326929386705 ], [ -9956974.629853248596191, 3528105.251628288067877 ], [ -9956980.696306746453047, 3528118.554335843306035 ], [ -9956986.508534710854292, 3528131.856359087862074 ], [ -9956990.542500963434577, 3528144.642559217754751 ], [ -9956994.58591022901237, 3528153.851723761763424 ], [ -9957004.726906467229128, 3528164.610411361325532 ], [ -9957016.395334092900157, 3528174.606701112352312 ], [ -9957053.217551430687308, 3528227.541947092860937 ], [ -9957054.782709911465645, 3528243.704385527409613 ], [ -9957056.335016263648868, 3528264.714381536003202 ], [ -9957046.620066732168198, 3528290.541478500701487 ], [ -9957038.512886006385088, 3528316.373025701846927 ], [ -9957043.263729780912399, 3528343.855066292453557 ], [ -9957062.478305108845234, 3528373.799990849103779 ], [ -9957086.50997750274837, 3528406.181699906010181 ], [ -9957112.200692700222135, 3528419.177742307074368 ], [ -9957137.874438742175698, 3528438.637101363856345 ], [ -9957152.276446165516973, 3528464.529539810493588 ], [ -9957155.381519550457597, 3528506.550283560529351 ], [ -9957169.728480758145452, 3528553.449036918580532 ], [ -9957193.7734828684479, 3528580.983480454422534 ], [ -9957214.653849747031927, 3528589.118919681292027 ], [ -9957246.755100067704916, 3528610.211517941206694 ], [ -9957270.855484558269382, 3528616.739621077198535 ], [ -9957294.926235923543572, 3528634.578833198640496 ], [ -9957294.883867230266333, 3528650.73756565246731 ], [ -9957257.814673764631152, 3528684.571803389117122 ], [ -9957238.461341457441449, 3528707.142340024467558 ], [ -9957238.338247556239367, 3528754.002986086066812 ], [ -9957236.564817788079381, 3528817.018401392735541 ], [ -9957239.640471445396543, 3528870.351708395872265 ], [ -9957252.316524298861623, 3528941.486212617717683 ], [ -9957258.595180844888091, 3528999.676363326143473 ], [ -9957268.062230758368969, 3529068.379156420473009 ], [ -9957285.608977243304253, 3529121.752338602207601 ], [ -9957325.573007557541132, 3529210.736996944993734 ], [ -9957330.218834703788161, 3529278.619999301154166 ], [ -9957321.988454636186361, 3529351.316874765790999 ], [ -9957328.263413781300187, 3529411.125099199358374 ], [ -9957339.484908301383257, 3529424.083022678736597 ], [ -9957355.564282989129424, 3529424.126053797081113 ], [ -9957379.687265267595649, 3529422.574618969112635 ], [ -9957407.026140917092562, 3529421.031668820884079 ], [ -9957426.291705120354891, 3529432.395061011426151 ], [ -9957426.22408832795918, 3529458.250830785837024 ], [ -9957421.341174798086286, 3529480.861685341224074 ], [ -9957418.091441627591848, 3529493.781027734279633 ], [ -9957400.277250306680799, 3529542.213533762842417 ], [ -9957367.9279700871557, 3529614.84758298844099 ], [ -9957340.465702384710312, 3529663.254709038417786 ], [ -9957301.696638554334641, 3529731.024064614903182 ], [ -9957288.692811097949743, 3529784.318419134709984 ], [ -9957291.802599396556616, 3529824.727810231037438 ], [ -9957306.189534338191152, 3529857.087333264295012 ], [ -9957312.540801314637065, 3529887.809384386520833 ], [ -9957306.066448573023081, 3529903.95257780328393 ], [ -9957277.071721341460943, 3529923.267519293352962 ], [ -9957259.311632167547941, 3529950.692931439261883 ], [ -9957222.302413756027818, 3529960.289986507501453 ], [ -9957188.53022631444037, 3529961.815251069143414 ], [ -9957146.620153032243252, 3530000.488122794777155 ], [ -9957090.118117790669203, 3530084.37183710327372 ], [ -9957048.070335244759917, 3530174.759289966430515 ], [ -9957017.282408202067018, 3530263.561663248110563 ], [ -9956972.068732768297195, 3530334.548279482405633 ], [ -9956922.069279683753848, 3530390.977086301427335 ], [ -9956893.055558929219842, 3530416.756387965288013 ], [ -9956831.837694857269526, 3530458.609618819784373 ], [ -9956773.865773869678378, 3530489.158577107358724 ], [ -9956711.06933849863708, 3530519.694205117877573 ], [ -9956664.353295797482133, 3530550.273479218129069 ], [ -9956641.775385627523065, 3530574.454067542683333 ], [ -9956636.873209752142429, 3530603.531407624017447 ], [ -9956630.310817960649729, 3530651.998159850947559 ], [ -9956633.479339648038149, 3530669.784568556118757 ], [ -9956659.108908722177148, 3530707.026373368687928 ], [ -9956671.899989947676659, 3530734.536181050352752 ], [ -9956660.617378767579794, 3530744.20245197834447 ], [ -9956642.93702045828104, 3530740.921776201110333 ], [ -9956618.828734654933214, 3530736.007374880369753 ], [ -9956577.131358180195093, 3530693.872929167468101 ], [ -9956561.120022600516677, 3530667.970497467555106 ], [ -9956543.426816623657942, 3530669.538206755649298 ], [ -9956527.311209233477712, 3530682.423387960996479 ], [ -9956501.460050093010068, 3530727.60517008183524 ], [ -9956488.516950184479356, 3530756.660751984454691 ], [ -9956480.428639715537429, 3530774.416535726748407 ], [ -9956478.768251156434417, 3530793.806124286726117 ], [ -9956485.14835518412292, 3530813.217806103639305 ], [ -9956486.721640296280384, 3530826.151549592148513 ], [ -9956480.254412084817886, 3530839.063310532364994 ], [ -9956448.026948031038046, 3530863.217679179273546 ], [ -9956415.795056913048029, 3530888.988162216264755 ], [ -9956388.444105478003621, 3530893.761484311893582 ], [ -9956375.570473436266184, 3530896.958503924775869 ], [ -9956365.891251988708973, 3530908.245161963626742 ], [ -9956344.920242039486766, 3530932.430398364085704 ], [ -9956330.438419232144952, 3530935.622891610488296 ], [ -9956287.023699754849076, 3530933.887030291836709 ], [ -9956213.063740402460098, 3530928.834168146364391 ], [ -9956163.203436810523272, 3530931.928622511681169 ], [ -9956134.160604435950518, 3530967.404637691564858 ], [ -9956077.71773330308497, 3531025.43163052527234 ], [ -9956043.814785975962877, 3531073.824006592854857 ], [ -9956016.357227250933647, 3531117.385596436914057 ], [ -9955977.527559291571379, 3531202.937787785660475 ], [ -9955935.556311214342713, 3531261.00561697781086 ], [ -9955895.152885708957911, 3531333.624214138835669 ], [ -9955883.775978727266192, 3531377.231433087028563 ], [ -9955878.858349036425352, 3531411.159231562633067 ], [ -9955878.663125412538648, 3531482.27456407668069 ], [ -9955883.345652017742395, 3531534.008560750633478 ], [ -9955872.004058018326759, 3531564.686357331927866 ], [ -9955859.085140202194452, 3531584.045759907457978 ], [ -9955857.379345284774899, 3531619.599442763254046 ], [ -9955863.749902587383986, 3531642.245306327473372 ], [ -9955850.791094208136201, 3531676.151482480578125 ], [ -9955824.908573117107153, 3531731.033554576802999 ], [ -9955811.998295150697231, 3531747.160597198177129 ], [ -9955795.907341089099646, 3531750.348220550455153 ], [ -9955766.941647291183472, 3531756.732412402052432 ], [ -9955747.642967790365219, 3531756.678381388541311 ], [ -9955733.191309293732047, 3531748.5563287967816 ], [ -9955702.648575203493237, 3531743.621770778670907 ], [ -9955676.890406085178256, 3531753.247429728973657 ], [ -9955644.632055766880512, 3531787.0994957331568 ], [ -9955594.701280763372779, 3531814.436622740700841 ], [ -9955557.613423034548759, 3531849.891359449829906 ], [ -9955528.553199242800474, 3531890.217794639524072 ], [ -9955493.086781803518534, 3531920.828119789250195 ], [ -9955462.431388821452856, 3531956.301113049499691 ], [ -9955431.807303972542286, 3531980.459812463261187 ], [ -9955430.127060756087303, 3532006.316664821002632 ], [ -9955431.636375896632671, 3532041.880611883942038 ], [ -9955438.006405171006918, 3532064.527574022766203 ], [ -9955450.813969980925322, 3532085.576430876273662 ], [ -9955453.963102689012885, 3532109.830640303436667 ], [ -9955453.846201334148645, 3532151.855891552288085 ], [ -9955440.885512344539165, 3532185.763024614658207 ], [ -9955423.081961780786514, 3532226.12218353850767 ], [ -9955390.812897533178329, 3532263.207720195408911 ], [ -9955361.674430040642619, 3532331.013653934001923 ], [ -9955339.063606318086386, 3532364.893958782311529 ], [ -9955300.306432178243995, 3532421.358227219898254 ], [ -9955274.537414573132992, 3532434.216400619596243 ], [ -9955255.269465491175652, 3532422.846870547160506 ], [ -9955207.047571057453752, 3532413.011461713816971 ], [ -9955179.710978716611862, 3532411.317303320858628 ], [ -9955144.273954182863235, 3532430.613345857709646 ], [ -9955113.634438330307603, 3532459.62149854330346 ], [ -9955060.410393293946981, 3532506.390255984384567 ], [ -9954997.549396723508835, 3532554.70364951249212 ], [ -9954944.378988364711404, 3532588.496732355095446 ], [ -9954894.402152674272656, 3532630.381004027090967 ], [ -9954846.042375916615129, 3532669.036983858793974 ], [ -9954797.696052893996239, 3532702.843525352887809 ], [ -9954750.994678422808647, 3532723.723224499728531 ], [ -9954683.350900633260608, 3532755.859806347172707 ], [ -9954594.762897420674562, 3532800.86504710977897 ], [ -9954539.995849831029773, 3532829.803035255521536 ], [ -9954486.809199059382081, 3532868.444226207677275 ], [ -9954444.853062815964222, 3532916.816632105503231 ], [ -9954375.521751943975687, 3532976.42507861321792 ], [ -9954335.191745886579156, 3533018.336261100601405 ], [ -9954272.274345966055989, 3533084.429103693924844 ], [ -9954227.104490922763944, 3533131.175758971832693 ], [ -9954215.738545585423708, 3533168.322048634290695 ], [ -9954213.999808410182595, 3533213.579024069476873 ], [ -9954209.006912495940924, 3533271.758751277811825 ], [ -9954200.904144993051887, 3533292.749792744871229 ], [ -9954160.567943815141916, 3533336.278036447241902 ], [ -9954131.467019299045205, 3533387.921776763629168 ], [ -9954112.030368555337191, 3533434.744272449985147 ], [ -9954107.102323411032557, 3533470.293646062258631 ], [ -9954116.724814476445317, 3533480.021041078492999 ], [ -9954126.380136869847775, 3533478.432763540651649 ], [ -9954152.119832400232553, 3533476.891342890448868 ], [ -9954174.577174527570605, 3533497.971956138964742 ], [ -9954197.034840663895011, 3533519.052502306643873 ], [ -9954213.100632794201374, 3533525.565577627159655 ], [ -9954233.982412252575159, 3533535.325752460863441 ], [ -9954248.41184451431036, 3533551.533209803514183 ], [ -9954251.530919544398785, 3533585.489823029376566 ], [ -9954246.64044264703989, 3533608.107310506049544 ], [ -9954240.113529078662395, 3533640.419447126798332 ], [ -9954243.288594346493483, 3533654.977719047572464 ], [ -9954257.750687528401613, 3533659.869546272326261 ], [ -9954277.038251470774412, 3533664.775344055145979 ], [ -9954278.590860392898321, 3533684.178618716076016 ], [ -9954272.110508125275373, 3533700.325415513943881 ], [ -9954265.565059028565884, 3533739.104003756772727 ], [ -9954268.698240172117949, 3533768.211406841874123 ], [ -9954284.708575332537293, 3533794.123213360086083 ], [ -9954313.586775429546833, 3533820.072479942813516 ], [ -9954326.347729034721851, 3533857.290978720411658 ], [ -9954327.877143785357475, 3533884.777418522164226 ], [ -9954337.495720943436027, 3533896.121501175686717 ], [ -9954342.274707682430744, 3533912.301316952332854 ], [ -9954337.407480236142874, 3533926.836499327793717 ], [ -9954319.639667300507426, 3533952.650397364515811 ], [ -9954311.504223829135299, 3533984.958693672902882 ], [ -9954317.822034385055304, 3534025.392139152623713 ], [ -9954298.436206666752696, 3534054.434741280972958 ], [ -9954296.743975453078747, 3534083.528808977454901 ], [ -9954307.943198887631297, 3534104.577416267711669 ], [ -9954340.090324345976114, 3534112.753910073079169 ], [ -9954369.001840282231569, 3534127.387451527174562 ], [ -9954389.819918308407068, 3534159.780343088787049 ], [ -9954413.892164742574096, 3534179.249683866277337 ], [ -9954468.461601030081511, 3534221.440178655553609 ], [ -9954502.231558324769139, 3534224.77118821721524 ], [ -9954573.034544818103313, 3534215.276100041344762 ], [ -9954600.22739534266293, 3534268.703448765911162 ], [ -9954613.063447186723351, 3534280.056946475990117 ], [ -9954654.871574303135276, 3534285.027481332886964 ], [ -9954688.637215871363878, 3534289.974605130031705 ], [ -9954704.671924391761422, 3534307.803784863557667 ], [ -9954706.197727361693978, 3534336.907802992966026 ], [ -9954717.35182161256671, 3534374.122781288810074 ], [ -9954729.852627892047167, 3534503.491403273772448 ], [ -9954742.514463543891907, 3534576.277982539497316 ], [ -9954756.708343729376793, 3534676.555168990977108 ], [ -9954775.662625726312399, 3534799.478819199372083 ], [ -9954778.608948804438114, 3534894.873405871912837 ], [ -9954757.467313444241881, 3534975.648901918437332 ], [ -9954744.431620119139552, 3535033.810738411732018 ], [ -9954715.076145743951201, 3535174.382890704553574 ], [ -9954686.116141906008124, 3535256.67269036732614 ], [ -9954668.436218725517392, 3535316.951854480896145 ], [ -9954636.906440738588572, 3535409.870388329960406 ], [ -9954606.680610546842217, 3535483.939841574989259 ], [ -9954547.56477814540267, 3535601.917844423092902 ], [ -9954491.031735058873892, 3535690.995010669808835 ], [ -9954426.950979292392731, 3535795.133782608434558 ], [ -9954379.192393841221929, 3535876.695663480088115 ], [ -9954297.528281047940254, 3536005.9230298679322 ], [ -9954242.245957044884562, 3536093.748599123675376 ], [ -9954203.294174563139677, 3536156.482865013647825 ], [ -9954148.025064654648304, 3536239.28116849809885 ], [ -9954114.158563543111086, 3536273.120433793403208 ], [ -9954074.0750239379704, 3536294.37168130883947 ], [ -9954044.015038531273603, 3536309.367329549510032 ], [ -9954023.956668308004737, 3536325.649204200133681 ], [ -9954015.139952572062612, 3536346.991994390729815 ], [ -9954015.092548349872231, 3536363.332625382114202 ], [ -9953987.515354735776782, 3536384.620372757781297 ], [ -9953953.673750942572951, 3536409.660711823031306 ], [ -9953938.68377960473299, 3536403.33173401420936 ], [ -9953919.956317691132426, 3536391.963831319008023 ], [ -9953906.213435549288988, 3536386.895495512988418 ], [ -9953883.693649535998702, 3536389.3431954421103 ], [ -9953853.603965440765023, 3536414.394222926348448 ], [ -9953834.806940652430058, 3536426.908768379129469 ], [ -9953798.500176347792149, 3536439.37156184297055 ], [ -9953728.453921576961875, 3536441.678716015536338 ], [ -9953707.155401034280658, 3536454.185706995427608 ], [ -9953687.096421038731933, 3536470.467230875510722 ], [ -9953670.708567090332508, 3536514.413547287229449 ], [ -9953669.380642857402563, 3536540.806497029028833 ], [ -9953640.485451366752386, 3536584.71588742826134 ], [ -9953587.804495653137565, 3536636.096990204881877 ], [ -9953567.719332057982683, 3536661.177587773650885 ], [ -9953530.127648631110787, 3536684.949073248542845 ], [ -9953507.622152827680111, 3536682.368224122561514 ], [ -9953485.109267773106694, 3536682.301281334366649 ], [ -9953437.530166545882821, 3536699.757797240279615 ], [ -9953416.201228881254792, 3536722.320550236850977 ], [ -9953391.172005860134959, 3536727.273992280475795 ], [ -9953369.939472645521164, 3536717.154570696409792 ], [ -9953337.398367727175355, 3536724.599516968242824 ], [ -9953327.344334060326219, 3536740.910682970657945 ], [ -9953307.262111939489841, 3536764.734040021896362 ], [ -9953292.179085768759251, 3536789.829397508408874 ], [ -9953253.328342782333493, 3536816.11083631310612 ], [ -9953086.805550096556544, 3536874.691710495855659 ], [ -9953007.930510282516479, 3536900.852012824267149 ], [ -9952999.17914367094636, 3536899.568698283750564 ], [ -9952976.722038894891739, 3536880.645493309479207 ], [ -9952957.961082581430674, 3536880.588933416176587 ], [ -9952942.952298436313868, 3536880.543665814213455 ], [ -9952925.441905200481415, 3536880.490831044036895 ], [ -9952892.866450477391481, 3536899.248012978583574 ], [ -9952862.728383304551244, 3536939.381948487833142 ], [ -9952822.62184314802289, 3536966.915483959019184 ], [ -9952683.64938604645431, 3537013.004739208612591 ], [ -9952622.302090020850301, 3537032.931031564250588 ], [ -9952505.860825443640351, 3537072.801859640516341 ], [ -9952474.557769553735852, 3537084.019760446622968 ], [ -9952463.331415181979537, 3537073.929067335557193 ], [ -9952452.124040825292468, 3537057.553235791623592 ], [ -9952438.411397388204932, 3537042.42677730275318 ], [ -9952410.955807417631149, 3537022.230093624442816 ], [ -9952397.231804037466645, 3537010.874787434469908 ], [ -9952379.725195063278079, 3537009.564183277543634 ], [ -9952362.229926001280546, 3537004.482426015660167 ], [ -9952354.710218086838722, 3537009.487603339366615 ], [ -9952345.893984461203218, 3537029.57326273759827 ], [ -9952333.256804089993238, 3537072.274149527773261 ], [ -9952304.336805891245604, 3537122.467541750520468 ], [ -9952267.904328528791666, 3537175.152067428454757 ], [ -9952250.332480866461992, 3537195.21111363498494 ], [ -9952145.126317357644439, 3537241.39894801704213 ], [ -9952013.63010555319488, 3537295.047352090943605 ], [ -9951884.726955115795135, 3537318.532898200675845 ], [ -9951768.33888852596283, 3537339.541912763379514 ], [ -9951671.986167961731553, 3537353.069961357861757 ], [ -9951631.937857894226909, 3537360.487570479046553 ], [ -9951614.402481511235237, 3537358.845881116110831 ], [ -9951602.814685083925724, 3537347.127346725203097 ], [ -9951597.832993172109127, 3537347.111799788661301 ], [ -9951586.203926414251328, 3537348.744378386065364 ], [ -9951576.214724356308579, 3537357.057809833902866 ], [ -9951572.857468418776989, 3537368.729713086038828 ], [ -9951564.51856554672122, 3537380.386130915023386 ], [ -9951509.688910141587257, 3537390.228273993358016 ], [ -9951506.393655896186829, 3537381.873357084579766 ], [ -9951501.479203224182129, 3537360.162042898591608 ], [ -9951493.207507381215692, 3537350.122661338187754 ], [ -9951464.967646367847919, 3537353.37208757083863 ], [ -9951453.297121291980147, 3537368.355781140737236 ], [ -9951441.585119128227234, 3537396.69077619863674 ], [ -9951341.888903500512242, 3537416.405117397196591 ], [ -9951277.043650211766362, 3537442.90409169299528 ], [ -9951248.860739631578326, 3537427.795074878260493 ], [ -9951220.646635012701154, 3537422.699465464334935 ], [ -9951177.43543479591608, 3537434.245718427933753 ], [ -9951145.780220817774534, 3537467.52446157624945 ], [ -9951134.041397035121918, 3537504.203896802384406 ], [ -9951062.5371413230896, 3537535.687790745403618 ], [ -9950954.457639571279287, 3537580.407046719454229 ], [ -9950879.631278062239289, 3537611.879651543218642 ], [ -9950803.128259206190705, 3537648.353315775282681 ], [ -9950773.221614858135581, 3537653.264988561160862 ], [ -9950703.381548378616571, 3537683.083646493498236 ], [ -9950653.531904732808471, 3537692.938253649510443 ], [ -9950601.958049234002829, 3537722.814720858354121 ], [ -9950555.365605041384697, 3537752.707065895199776 ], [ -9950503.77005828730762, 3537789.25908057205379 ], [ -9950443.844548938795924, 3537834.129152941983193 ], [ -9950383.929260164499283, 3537875.661244362592697 ], [ -9950274.066634517163038, 3537957.088044945150614 ], [ -9950189.224509598687291, 3538003.546252062544227 ], [ -9950119.375821674242616, 3538035.031487458851188 ], [ -9950021.188390262424946, 3538099.804771198425442 ], [ -9949894.671722177416086, 3538194.527986470144242 ], [ -9949808.085022918879986, 3538266.014367904979736 ], [ -9949674.911637356504798, 3538364.053057007025927 ], [ -9949571.672087093815207, 3538448.836834469344467 ], [ -9949473.397116594016552, 3538538.643754249904305 ], [ -9949412.862888401374221, 3538601.282530225347728 ], [ -9949243.153534451499581, 3538873.290649977978319 ], [ -9949167.192768322303891, 3538973.313592370133847 ], [ -9949034.605196695774794, 3539166.943665655795485 ], [ -9948931.090885605663061, 3539326.709207919891924 ], [ -9948876.133058041334152, 3539400.921248534694314 ], [ -9948848.825210535898805, 3539386.2747927675955 ], [ -9948835.898231662809849, 3539402.404585504904389 ], [ -9948831.001057863235474, 3539423.413020350039005 ], [ -9948821.292497728019953, 3539439.553506153170019 ], [ -9948772.775638369843364, 3539512.169969074428082 ], [ -9948729.099289132282138, 3539580.759546233806759 ], [ -9948664.430146731436253, 3539671.112936899531633 ], [ -9948588.506283422932029, 3539758.19428819231689 ], [ -9948533.57150405459106, 3539824.320837281178683 ], [ -9948512.613746587187052, 3539835.571875963825732 ], [ -9948502.952917953953147, 3539837.156744891777635 ], [ -9948482.054525431245565, 3539830.617273638024926 ], [ -9948459.557705128565431, 3539820.837603848427534 ], [ -9948451.489985190331936, 3539827.279821133706719 ], [ -9948456.252779817208648, 3539846.703929480165243 ], [ -9948469.088794186711311, 3539858.068470515776426 ], [ -9948470.649368548765779, 3539872.62980441050604 ], [ -9948470.573728362098336, 3539895.272403638344258 ], [ -9948454.39495494402945, 3539921.095613757148385 ], [ -9948412.435527136549354, 3539956.536298570688814 ], [ -9948383.442012334242463, 3539964.525492623914033 ], [ -9948367.360400533303618, 3539961.236624867189676 ], [ -9948320.860255492851138, 3539910.941918353550136 ], [ -9948266.330575106665492, 3539855.768075882457197 ], [ -9948242.246341839432716, 3539839.513284699525684 ], [ -9948234.167569546028972, 3539849.190073126461357 ], [ -9948229.307309212163091, 3539858.877742077223957 ], [ -9948237.282870978116989, 3539879.930154088884592 ], [ -9948285.418978443369269, 3539922.143803509417921 ], [ -9948349.566506775096059, 3539988.671720452141017 ], [ -9948364.001076631247997, 3540003.27666181512177 ], [ -9948359.100161461159587, 3540025.094520770013332 ], [ -9948344.503052953630686, 3540059.010055475402623 ], [ -9948318.592139068990946, 3540107.443861186504364 ], [ -9948294.409759465605021, 3540120.301320751663297 ], [ -9948278.376762889325619, 3540102.456057933624834 ], [ -9948249.393688268959522, 3540107.210297846235335 ], [ -9948215.479482781141996, 3540142.678028418216854 ], [ -9948144.470059044659138, 3540202.28096191259101 ], [ -9948087.932624446228147, 3540265.167642491869628 ], [ -9948024.962791508063674, 3540326.415173398796469 ], [ -9947934.585101455450058, 3540402.126179996877909 ], [ -9947831.315311951562762, 3540482.645211984403431 ], [ -9947776.450235869735479, 3540526.128481085412204 ], [ -9947760.346019463613629, 3540529.308311108034104 ], [ -9947739.468732979148626, 3540516.297553333453834 ], [ -9947709.001821644604206, 3540483.84478989103809 ], [ -9947696.182371629402041, 3540467.62667304975912 ], [ -9947684.922621136531234, 3540465.970746780745685 ], [ -9947683.280249265953898, 3540475.669633509591222 ], [ -9947686.460271831601858, 3540487.00248762499541 ], [ -9947689.612901439890265, 3540506.422399797011167 ], [ -9947683.104074513539672, 3540527.426726355683059 ], [ -9947665.324514769017696, 3540550.00982350576669 ], [ -9947644.315037174150348, 3540575.816857181023806 ], [ -9947566.88511909916997, 3540628.926815129350871 ], [ -9947481.39135948382318, 3540686.861087563913316 ], [ -9947363.720766592770815, 3540741.449193352367729 ], [ -9947281.521082809194922, 3540776.750276331789792 ], [ -9947210.637179858982563, 3540797.532103205099702 ], [ -9947117.155128682032228, 3540837.644832063931972 ], [ -9947057.536131892353296, 3540858.465005352627486 ], [ -9947025.320954736322165, 3540866.440349344629794 ], [ -9947007.67949372716248, 3540848.586824346333742 ], [ -9946990.010107716545463, 3540838.820556571241468 ], [ -9946969.077197546139359, 3540841.982627477031201 ], [ -9946933.620887083932757, 3540856.416427279356867 ], [ -9946898.091546051204205, 3540891.876971796154976 ], [ -9946881.896902106702328, 3540920.935075223911554 ], [ -9946831.922179209068418, 3540945.022876560222358 ], [ -9946740.103544224053621, 3540968.964119471609592 ], [ -9946609.591670889407396, 3541012.178747324738652 ], [ -9946472.635669846087694, 3541056.986942989751697 ], [ -9946424.30313416570425, 3541071.374071393162012 ], [ -9946346.933370858430862, 3541105.068757904693484 ], [ -9946261.49907436594367, 3541143.586668120697141 ], [ -9946163.223234316334128, 3541172.353530197869986 ], [ -9946098.755841992795467, 3541198.004841254092753 ], [ -9945968.090647373348475, 3541283.268339471425861 ], [ -9945832.635619407519698, 3541357.19113984471187 ], [ -9945735.868707120418549, 3541413.458600157871842 ], [ -9945703.697418812662363, 3541408.490651176311076 ], [ -9945676.348633769899607, 3541405.157399632036686 ], [ -9945639.302935086190701, 3541413.112141343764961 ], [ -9945565.101601283997297, 3541459.754179510753602 ], [ -9945518.202326115220785, 3541522.669826928991824 ], [ -9945503.624749332666397, 3541548.498274522367865 ], [ -9945282.636160295456648, 3541685.193250479642302 ], [ -9945147.085370171815157, 3541783.374103163369 ], [ -9945056.697521008551121, 3541854.219407952390611 ], [ -9945022.810607479885221, 3541878.359990724362433 ], [ -9945001.881414143368602, 3541879.901333965361118 ], [ -9944982.631999148055911, 3541862.03754898859188 ], [ -9944940.978786235675216, 3541808.504952126182616 ], [ -9944921.665038626641035, 3541808.43444245075807 ], [ -9944913.582453077659011, 3541818.110481452662498 ], [ -9944913.529674028977752, 3541832.668620485812426 ], [ -9944924.713961081579328, 3541855.355820107739419 ], [ -9944929.507225602865219, 3541865.078912807628512 ], [ -9944921.383594769984484, 3541886.078037526924163 ], [ -9944913.295092903077602, 3541897.371727128978819 ], [ -9944853.520809978246689, 3541958.622324349824339 ], [ -9944758.213289361447096, 3542053.712749403435737 ], [ -9944654.850784964859486, 3542150.391125007532537 ], [ -9944575.706537557765841, 3542226.129135386552662 ], [ -9944491.750462781637907, 3542296.996407365426421 ], [ -9944393.224523035809398, 3542390.456859269179404 ], [ -9944299.567261477932334, 3542472.611478130333126 ], [ -9944202.719630295410752, 3542546.665668967179954 ], [ -9944155.952615035697818, 3542570.757220441009849 ], [ -9944122.175400560721755, 3542564.160984100773931 ], [ -9944065.968870909884572, 3542529.171520647127181 ], [ -9944038.642086932435632, 3542519.363674819469452 ], [ -9943979.213883841410279, 3542485.170846151188016 ], [ -9943966.415212841704488, 3542464.093314299825579 ], [ -9943947.184430751949549, 3542441.374126910697669 ], [ -9943908.590989084914327, 3542431.523958821315318 ], [ -9943900.555264038965106, 3542428.258585700299591 ], [ -9943903.840317282825708, 3542410.476521520875394 ], [ -9943903.906270831823349, 3542392.682452327571809 ], [ -9943899.095656530931592, 3542387.811465357895941 ], [ -9943884.591670488938689, 3542392.610260400921106 ], [ -9943879.673084352165461, 3542416.856850994285196 ], [ -9943876.363935306668282, 3542441.109519628342241 ], [ -9943869.877729341387749, 3542454.026612697169185 ], [ -9943865.019098084419966, 3542462.09681228781119 ], [ -9943848.827451100572944, 3542487.919024327769876 ], [ -9943847.121808102354407, 3542513.795510183554143 ], [ -9943855.103611756116152, 3542531.619843359105289 ], [ -9943872.784889601171017, 3542538.15672172466293 ], [ -9943895.324834644794464, 3542536.623315504286438 ], [ -9943926.008454980328679, 3542509.237374294083565 ], [ -9943950.175906194373965, 3542502.856924059335142 ], [ -9943975.875029284507036, 3542517.511941823642701 ], [ -9944052.966843411326408, 3542563.094496284611523 ], [ -9944107.548954037949443, 3542602.122195718809962 ], [ -9944125.134908093139529, 3542634.541480785235763 ], [ -9944123.4059848934412, 3542666.889007674064487 ], [ -9944100.674659617245197, 3542720.188657043036073 ], [ -9944068.237825190648437, 3542786.39405560772866 ], [ -9944026.136914920061827, 3542854.181408552918583 ], [ -9943996.936514871194959, 3542915.546186580788344 ], [ -9943966.180088059976697, 3542962.345744766760617 ], [ -9943907.861871847882867, 3543062.427990674041212 ], [ -9943797.844584433361888, 3543213.276789472438395 ], [ -9943744.362541632726789, 3543310.145165642723441 ], [ -9943689.34469691850245, 3543387.592291633132845 ], [ -9943640.86137668415904, 3543439.179483195301145 ], [ -9943608.525259172543883, 3543477.876010945998132 ], [ -9943581.118313446640968, 3543489.097374445293099 ], [ -9943561.802127990871668, 3543489.02461853204295 ], [ -9943550.540365867316723, 3543487.364421100355685 ], [ -9943547.296762611716986, 3543493.823386004660279 ], [ -9943556.870256127789617, 3543516.508706485386938 ], [ -9943566.465055463835597, 3543533.531814537011087 ], [ -9943585.739033190533519, 3543544.929058681707829 ], [ -9943604.964875712990761, 3543569.268581865355372 ], [ -9943600.099480468779802, 3543578.957143113482744 ], [ -9943595.185898365452886, 3543601.588039075024426 ], [ -9943566.024008760228753, 3543651.630597562994808 ], [ -9943515.808513706550002, 3543735.568308522924781 ], [ -9943480.073921239003539, 3543821.178813186008483 ], [ -9943458.941670380532742, 3543876.10580843873322 ], [ -9943439.334082029759884, 3543953.68874908098951 ], [ -9943426.141090976074338, 3544037.76774724572897 ], [ -9943395.088827731087804, 3544162.226878251414746 ], [ -9943373.876754513010383, 3544238.187402041628957 ], [ -9943359.302115378901362, 3544320.768881173338741 ], [ -9943359.831044729799032, 3544321.197447353508323 ], [ -9943357.400382919237018, 3544342.453155218157917 ], [ -9943338.056655906140804, 3544485.328505348414183 ], [ -9943311.961170604452491, 3544547.843968012370169 ], [ -9943283.576487494632602, 3544593.811297424603254 ], [ -9943263.468911660835147, 3544626.814545345958322 ], [ -9943270.286570426076651, 3544689.45540605019778 ], [ -9943278.342034373432398, 3544735.561338603962213 ], [ -9943312.232026223093271, 3544788.853911329526454 ], [ -9943356.719610504806042, 3544837.460978141054511 ], [ -9943409.467067765071988, 3544877.829307838343084 ], [ -9943478.698662381619215, 3544911.171143906656653 ], [ -9943544.364343713968992, 3544955.13220567535609 ], [ -9943600.648347157984972, 3544993.150552979204804 ], [ -9943633.411180080845952, 3545033.451949382666498 ], [ -9943667.312266638502479, 3545084.381842263508588 ], [ -9943687.142357911914587, 3545125.80731764016673 ], [ -9943705.797022301703691, 3545167.228484659921378 ], [ -9943725.592311730608344, 3545218.105759352445602 ], [ -9943740.694271432235837, 3545266.602597356773913 ], [ -9943742.895964719355106, 3545306.78087493032217 ], [ -9943733.408079272136092, 3545329.19327285559848 ], [ -9943716.893157631158829, 3545344.490395062603056 ], [ -9943688.613801013678312, 3545362.106259990483522 ], [ -9943666.23417678847909, 3545373.836872357409447 ], [ -9943657.931825222447515, 3545393.885352668818086 ], [ -9943662.573354752734303, 3545410.442444428801537 ], [ -9943673.091834608465433, 3545427.022762317676097 ], [ -9943683.614740563556552, 3545442.421604998409748 ], [ -9943695.344040118157864, 3545449.554591693449765 ], [ -9943704.766139905899763, 3545444.864077850244939 ], [ -9943724.794784916564822, 3545433.124520918820053 ], [ -9943770.785862443968654, 3545394.309391780756414 ], [ -9943794.392214665189385, 3545368.410855757538229 ], [ -9943798.015388585627079, 3545342.431954220402986 ], [ -9943803.954601660370827, 3545325.913574893027544 ], [ -9943812.244947934523225, 3545309.404027450364083 ], [ -9943849.976636847481132, 3545278.82715447479859 ], [ -9943878.246748106554151, 3545263.573905269615352 ], [ -9943884.111459711566567, 3545267.140254789963365 ], [ -9943919.242270655930042, 3545303.897303028963506 ], [ -9943921.52777699008584, 3545321.627947110682726 ], [ -9943899.069616155698895, 3545354.625253204721957 ], [ -9943862.491400485858321, 3545391.114181287121028 ], [ -9943837.644733719527721, 3545434.729372513946146 ], [ -9943798.776442002505064, 3545454.668923847842962 ], [ -9943757.578900055959821, 3545468.692191695328802 ], [ -9943744.625639747828245, 3545474.551004263106734 ], [ -9943746.950373999774456, 3545481.648642121814191 ], [ -9943758.679747385904193, 3545488.781590017024428 ], [ -9943801.009161740541458, 3545486.5774389449507 ], [ -9943852.747401556000113, 3545483.226925294846296 ], [ -9943886.777678599581122, 3545499.895205792039633 ], [ -9943909.06542138941586, 3545512.974998146761209 ], [ -9943926.725307358428836, 3545505.952128745615482 ], [ -9943946.736359724774957, 3545498.937980491667986 ], [ -9943953.846582153812051, 3545483.605213013477623 ], [ -9943971.471433293074369, 3545486.034045271575451 ], [ -9944012.594568073749542, 3545492.095068406779319 ], [ -9944050.278431540355086, 3545474.513317328412086 ], [ -9944070.276194119825959, 3545471.043451528064907 ], [ -9944091.323090272024274, 3545501.840575548354536 ], [ -9944104.136693719774485, 3545533.788630114868283 ], [ -9944127.460907718166709, 3545584.679844087455422 ], [ -9944156.645784888416529, 3545640.319027027580887 ], [ -9944178.764330236241221, 3545699.476599988993257 ], [ -9944188.060258287936449, 3545729.04895813157782 ], [ -9944208.981828473508358, 3545794.110056333709508 ], [ -9944222.845504410564899, 3545860.326771820429713 ], [ -9944235.420667076483369, 3545957.258831846527755 ], [ -9944243.137150993570685, 3546096.709165652748197 ], [ -9944250.606086997315288, 3546303.509133967570961 ], [ -9944252.713972581550479, 3546369.684765540529042 ], [ -9944261.867224954068661, 3546438.250005620531738 ], [ -9944264.854020657017827, 3546467.345591081306338 ], [ -9944279.324873048812151, 3546492.681688897777349 ], [ -9944301.661643594503403, 3546539.337494530715048 ], [ -9944318.761140737682581, 3546570.006093757692724 ], [ -9944335.75324098393321, 3546629.948943725321442 ], [ -9944350.136611711233854, 3546679.237061734776944 ], [ -9944360.552868995815516, 3546727.179902884177864 ], [ -9944378.815726082772017, 3546801.765724684577435 ], [ -9944394.513747721910477, 3546853.72064650291577 ], [ -9944407.553929528221488, 3546908.327304104343057 ], [ -9944423.227817038074136, 3546966.936099874321371 ], [ -9944432.364500997588038, 3547002.89893296174705 ], [ -9944457.414013661444187, 3547032.26711978437379 ], [ -9944477.206531478092074, 3547050.97023401549086 ], [ -9944461.215676635503769, 3547078.856056136544794 ], [ -9944442.420613445341587, 3547149.314563916996121 ], [ -9944433.049768524244428, 3547177.224999249447137 ], [ -9944430.323690708726645, 3547198.506546483840793 ], [ -9944435.58580076508224, 3547207.84115321515128 ], [ -9944450.116323329508305, 3547217.2099505122751 ], [ -9944495.10053556971252, 3547226.691421190276742 ], [ -9944517.604758432134986, 3547228.105213162489235 ], [ -9944536.180658593773842, 3547217.52801626548171 ], [ -9944568.040837202221155, 3547195.023292729631066 ], [ -9944585.287653800100088, 3547185.771786907222122 ], [ -9944611.773835524916649, 3547184.538695510011166 ], [ -9944644.851055860519409, 3547191.31420279154554 ], [ -9944691.154521094635129, 3547202.130542404949665 ], [ -9944730.823149820789695, 3547216.914370861370116 ], [ -9944758.565590238198638, 3547234.315884708426893 ], [ -9944794.189661581069231, 3547269.045695669017732 ], [ -9944819.206646963953972, 3547307.728786127176136 ], [ -9944840.300068458542228, 3547333.090209427289665 ], [ -9944891.741112196817994, 3547387.839232845231891 ], [ -9944949.769407732412219, 3547451.927674981765449 ], [ -9945005.140420529991388, 3547518.667973116505891 ], [ -9945060.51720218360424, 3547584.077277936972678 ], [ -9945109.321721652522683, 3547636.155348823405802 ], [ -9945154.211836092174053, 3547672.249808005988598 ], [ -9945200.469560779631138, 3547696.372180946171284 ], [ -9945246.760897481814027, 3547711.179189266636968 ], [ -9945299.687412016093731, 3547722.017670687288046 ], [ -9945368.503376241773367, 3547732.913595126010478 ], [ -9945373.776007851585746, 3547739.586577659938484 ], [ -9945383.020923981443048, 3547746.274008444976062 ], [ -9945400.258419875055552, 3547739.682535422034562 ], [ -9945443.930593859404325, 3547746.494581292383373 ], [ -9945519.391271073371172, 3547750.759755081497133 ], [ -9945606.754900371655822, 3547759.059754542540759 ], [ -9945654.390130408108234, 3547768.546922305133194 ], [ -9945716.605063110589981, 3547774.094086259137839 ], [ -9945784.13078018464148, 3547775.667478140443563 ], [ -9945847.698324548080564, 3547773.233978676144034 ], [ -9945915.257078344002366, 3547765.491409651469439 ], [ -9945992.127117916941643, 3547745.80458718445152 ], [ -9946107.504517627879977, 3547695.646662457380444 ], [ -9946225.543367389589548, 3547641.50500419549644 ], [ -9946336.956009186804295, 3547588.669664824847132 ], [ -9946411.241547457873821, 3547550.340551763772964 ], [ -9946484.174031872302294, 3547519.991479418706149 ], [ -9946546.511541170999408, 3547490.269377622753382 ], [ -9946635.365480955690145, 3547450.659885159693658 ], [ -9946696.380649570375681, 3547420.26722136605531 ], [ -9946748.126861121505499, 3547389.841718032024801 ], [ -9946780.002208897843957, 3547362.00788588123396 ], [ -9946811.946886867284775, 3547314.213088532909751 ], [ -9946838.562560239806771, 3547275.714874845463783 ], [ -9946881.043960845097899, 3547243.925949439406395 ], [ -9946923.48355652205646, 3547224.113447533454746 ], [ -9946948.70321467705071, 3547206.236706627998501 ], [ -9947005.762662656605244, 3547170.506245487835258 ], [ -9947072.002775659784675, 3547160.091416794341058 ], [ -9947121.01168779283762, 3547154.939213349018246 ], [ -9947191.173376785591245, 3547159.175383193418384 ], [ -9947287.793591629713774, 3547170.1566252540797 ], [ -9947367.210692401975393, 3547178.415581494104117 ], [ -9947389.719868952408433, 3547178.493462440092117 ], [ -9947420.246461227536201, 3547157.307351643685251 ], [ -9947466.689083801582456, 3547128.191776648163795 ], [ -9947487.937938319519162, 3547109.634978800546378 ], [ -9947499.95015462860465, 3547081.731256484985352 ], [ -9947509.336988560855389, 3547047.164929957129061 ], [ -9947510.720275901257992, 3547029.870356195606291 ], [ -9947508.12222988717258, 3547015.223545950371772 ], [ -9947493.594129730015993, 3547004.527722753584385 ], [ -9947489.644748197868466, 3546997.860524788033217 ], [ -9947492.356683168560266, 3546979.239922997541726 ], [ -9947503.049254829064012, 3546950.001218287274241 ], [ -9947523.003264704719186, 3546922.790516486391425 ], [ -9947557.569349816069007, 3546881.657897560857236 ], [ -9947562.883682172745466, 3546876.353365638758987 ], [ -9947573.535175979137421, 3546859.090930806472898 ], [ -9947584.177444351837039, 3546844.489914934616536 ], [ -9947592.139860337600112, 3546839.194552765227854 ], [ -9947606.708755627274513, 3546837.914023724384606 ], [ -9947622.583531958982348, 3546841.960688594263047 ], [ -9947633.116728629916906, 3546859.295960152987391 ], [ -9947650.283818325027823, 3546872.661988564766943 ], [ -9947719.047573758289218, 3546898.181501361075789 ], [ -9947746.843394977971911, 3546900.938313788734376 ], [ -9947758.764274647459388, 3546899.648468057624996 ], [ -9947764.092114979401231, 3546890.351817311253399 ], [ -9947757.775335827842355, 3546801.173396904021502 ], [ -9947755.186211369931698, 3546783.865546664688736 ], [ -9947756.591675942763686, 3546759.917912249919027 ], [ -9947767.202060651034117, 3546754.631547898519784 ], [ -9947784.382677435874939, 3546764.005246786400676 ], [ -9947786.994516728445888, 3546774.659734745509923 ], [ -9947786.659621831029654, 3546873.130019973963499 ], [ -9947794.486175525933504, 3546907.755148302298039 ], [ -9947806.352773802354932, 3546922.433481361251324 ], [ -9947835.463691413402557, 3546927.856011237483472 ], [ -9947877.846592422574759, 3546924.008867722004652 ], [ -9947918.869361184537411, 3546930.802604594267905 ], [ -9947944.035205826163292, 3546928.227138403337449 ], [ -9947963.954411808401346, 3546910.995923022273928 ], [ -9947999.726067231968045, 3546904.464404408819973 ], [ -9948071.260200520977378, 3546894.062484595458955 ], [ -9948105.685258446261287, 3546894.179605938028544 ], [ -9948146.714789174497128, 3546898.97645817976445 ], [ -9948174.510607682168484, 3546901.732317008078098 ], [ -9948196.992463020607829, 3546909.792836077511311 ], [ -9948211.529963066801429, 3546917.826372628565878 ], [ -9948227.43196427822113, 3546913.888227071613073 ], [ -9948246.013271084055305, 3546900.644158544950187 ], [ -9948255.321841740980744, 3546888.699380224570632 ], [ -9948276.528830410912633, 3546882.117706105113029 ], [ -9948295.092252999544144, 3546874.196324939373881 ], [ -9948314.99754074215889, 3546860.956724437419325 ], [ -9948329.606560047715902, 3546847.699138341471553 ], [ -9948337.582073345780373, 3546838.411223676986992 ], [ -9948341.531800901517272, 3546845.078081474639475 ], [ -9948350.750962613150477, 3546859.746936935000122 ], [ -9948362.685141045600176, 3546854.464494937565178 ], [ -9948381.319831192493439, 3546825.252078317571431 ], [ -9948399.918744891881943, 3546806.685155452229083 ], [ -9948429.118720641359687, 3546785.492629508953542 ], [ -9948463.668246824294329, 3546748.349816573318094 ], [ -9948506.134921154007316, 3546719.217771875206381 ], [ -9948548.570332622155547, 3546699.400377088226378 ], [ -9948584.394349861890078, 3546676.899204862769693 ], [ -9948606.986981276422739, 3546651.692188897635788 ], [ -9948624.199200391769409, 3546651.750008835457265 ], [ -9948634.773567428812385, 3546657.108276185579598 ], [ -9948653.314214771613479, 3546655.839813936967403 ], [ -9948681.185006225481629, 3546635.973136002663523 ], [ -9948678.581306667998433, 3546622.65761178266257 ], [ -9948685.227959247305989, 3546614.695866139605641 ], [ -9948701.107237201184034, 3546617.410453248303384 ], [ -9948719.643392622470856, 3546617.47257773950696 ], [ -9948760.740806164219975, 3546601.642100600525737 ], [ -9948788.606890486553311, 3546583.105910913087428 ], [ -9948832.418385729193687, 3546547.324255368672311 ], [ -9948845.709152260795236, 3546532.065945234615356 ], [ -9948872.286228984594345, 3546502.880006111226976 ], [ -9948904.190061271190643, 3546464.39720888948068 ], [ -9948959.982756160199642, 3546408.695520709268749 ], [ -9949051.654324317350984, 3546313.193634237162769 ], [ -9949108.730222187936306, 3546269.471920536831021 ], [ -9949122.062072226777673, 3546241.572706421837211 ], [ -9949132.686699206009507, 3546231.628122638911009 ], [ -9949217.521816585212946, 3546199.965355906169862 ], [ -9949236.044246591627598, 3546204.01858471147716 ], [ -9949302.137887949123979, 3546236.172464931383729 ], [ -9949315.303407989442348, 3546258.836989179719239 ], [ -9949321.718087647110224, 3546321.398727122228593 ], [ -9949321.656979247927666, 3546340.027682919986546 ], [ -9949348.036336723715067, 3546370.719856316223741 ], [ -9949402.219600105658174, 3546401.503717135637999 ], [ -9949497.368686456233263, 3546456.374233207199723 ], [ -9949625.618578994646668, 3546511.352803182788193 ], [ -9949562.173219468444586, 3546884.403785622213036 ], [ -9949559.394888551905751, 3546924.316098468378186 ], [ -9949560.52798998914659, 3546982.871462658047676 ], [ -9949552.557611053809524, 3546990.82963884761557 ], [ -9949512.757915426045656, 3547014.651822668034583 ], [ -9949492.818835478276014, 3547038.539280274417251 ], [ -9949467.635659793391824, 3547046.440791295841336 ], [ -9949427.874821700155735, 3547058.286375434603542 ], [ -9949405.31774334795773, 3547072.849926399067044 ], [ -9949384.047442199662328, 3547098.728970493655652 ], [ -9949373.376443937420845, 3547122.64700680365786 ], [ -9949375.928680256009102, 3547151.931598719209433 ], [ -9949382.474899193271995, 3547174.575723379850388 ], [ -9949385.048960009589791, 3547197.206884253770113 ], [ -9949378.350120386108756, 3547221.138154911343008 ], [ -9949372.914289260283113, 3547263.704109082464129 ], [ -9949371.42891227081418, 3547312.937116830609739 ], [ -9949391.200811924412847, 3547340.282834891695529 ], [ -9949397.69924839399755, 3547377.565521804615855 ], [ -9949414.81223532371223, 3547408.229536522645503 ], [ -9949438.467444663867354, 3547462.868979561142623 ], [ -9949466.095192169770598, 3547517.521643262822181 ], [ -9949485.739503623917699, 3547584.125194508582354 ], [ -9949513.311278687790036, 3547656.078423632774502 ], [ -9949530.346734914928675, 3547710.696921078953892 ], [ -9949534.223524009808898, 3547739.987166541162878 ], [ -9949526.200622722506523, 3547763.915258377790451 ], [ -9949494.325789980590343, 3547793.087993992026895 ], [ -9949443.917180176824331, 3547820.868917311541736 ], [ -9949400.150903552770615, 3547842.017455736175179 ], [ -9949360.361235022544861, 3547861.848276663571596 ], [ -9949309.995841808617115, 3547876.320802800823003 ], [ -9949290.068235674872994, 3547896.21700256690383 ], [ -9949268.846894694492221, 3547906.793367713689804 ], [ -9949229.122459260746837, 3547906.661825320217758 ], [ -9949215.887495571747422, 3547904.62176871066913 ], [ -9949207.968856580555439, 3547896.610612392891198 ], [ -9949201.352501552551985, 3547895.25789633532986 ], [ -9949192.065917201340199, 3547900.550345301162452 ], [ -9949190.676107222214341, 3547920.507926809135824 ], [ -9949211.704876391217113, 3547968.487168718595058 ], [ -9949232.659476725384593, 3548039.090224049519747 ], [ -9949258.924082582816482, 3548105.71879863133654 ], [ -9949286.617982218042016, 3548140.412272901739925 ], [ -9949310.391903100535274, 3548159.122615185566247 ], [ -9949326.255740435793996, 3548167.160193195100874 ], [ -9949344.746173882856965, 3548181.860500494483858 ], [ -9949355.278574606403708, 3548200.527110429480672 ], [ -9949368.337141130119562, 3548256.465890605933964 ], [ -9949370.78489501029253, 3548317.693220150191337 ], [ -9949355.965793766081333, 3548394.834223329089582 ], [ -9949354.432210743427277, 3548458.710731601342559 ], [ -9949355.679986285045743, 3548482.005245687440038 ], [ -9949297.244464201852679, 3548533.716223483905196 ], [ -9949260.219004573300481, 3548517.623065596912056 ], [ -9949199.397317163646221, 3548489.473161093425006 ], [ -9949142.526819558814168, 3548469.322628489695489 ], [ -9949065.771272184327245, 3548454.427898603491485 ], [ -9949008.848059453070164, 3548448.914918805006891 ], [ -9948971.74397187680006, 3548456.776464142370969 ], [ -9948943.874072877690196, 3548475.315634393133223 ], [ -9948931.868091497570276, 3548501.892986438702792 ], [ -9948919.791525181382895, 3548549.764083546586335 ], [ -9948897.076941756531596, 3548610.908634756691754 ], [ -9948874.296040942892432, 3548692.016570562962443 ], [ -9948839.631962576881051, 3548762.438052425626665 ], [ -9948811.686060758307576, 3548803.602363056968898 ], [ -9948777.047871025279164, 3548866.038971323054284 ], [ -9948761.05075821839273, 3548897.927093621343374 ], [ -9948733.241479082033038, 3548897.833824022207409 ], [ -9948688.261421052739024, 3548884.373713694978505 ], [ -9948648.542829133570194, 3548881.578490597195923 ], [ -9948602.203015550971031, 3548878.760756193194538 ], [ -9948572.989605816081166, 3548902.618875032290816 ], [ -9948535.772711131721735, 3548943.751755116507411 ], [ -9948485.348620261996984, 3548974.192756099160761 ], [ -9948441.536677025258541, 3549007.317848621867597 ], [ -9948415.015859980136156, 3549017.875562958884984 ], [ -9948360.689812406897545, 3549027.008184913545847 ], [ -9948335.524258766323328, 3549028.254015941172838 ], [ -9948294.51692283898592, 3549014.805799145251513 ], [ -9948276.037604842334986, 3548996.775702963583171 ], [ -9948266.79908505640924, 3548987.427871352992952 ], [ -9948258.956608485430479, 3548956.790158999618143 ], [ -9948263.018886679783463, 3548930.185616021044552 ], [ -9948257.79802324809134, 3548907.54237666958943 ], [ -9948238.019387189298868, 3548882.187952314503491 ], [ -9948223.466084176674485, 3548878.145849583204836 ], [ -9948204.895357327535748, 3548887.399076908361167 ], [ -9948175.636223796755075, 3548924.565135722514242 ], [ -9948147.750684795901179, 3548947.095895484555513 ], [ -9948122.544946007430553, 3548960.31928413361311 ], [ -9948105.221699045971036, 3548992.202290281187743 ], [ -9948090.542537976056337, 3549025.425302732270211 ], [ -9948078.475794333964586, 3549069.304722107946873 ], [ -9948062.346114780753851, 3549139.789119976107031 ], [ -9948042.049908000975847, 3549267.490314134862274 ], [ -9948005.742407085373998, 3549430.408494189381599 ], [ -9947998.904609773308039, 3549494.271677119657397 ], [ -9948006.751338329166174, 3549523.579789689276367 ], [ -9947996.066743079572916, 3549550.16283811815083 ], [ -9947982.792019952088594, 3549559.434329782612622 ], [ -9947962.904701987281442, 3549566.021261306945235 ], [ -9947939.057983011007309, 3549568.601722672581673 ], [ -9947921.86444797553122, 3549561.888005461078137 ], [ -9947895.378085028380156, 3549561.797349866479635 ], [ -9947891.328381847590208, 3549584.410037587862462 ], [ -9947895.215484783053398, 3549609.71210484020412 ], [ -9947888.503521278500557, 3549636.308730191551149 ], [ -9947864.575298370793462, 3549662.846530359238386 ], [ -9947826.00708881393075, 3549710.629786926321685 ], [ -9947812.910374455153942, 3549741.574338202364743 ], [ -9947782.012004693970084, 3549765.918408921919763 ], [ -9947754.379358194768429, 3549783.753691329155117 ], [ -9947716.965708645060658, 3549816.225448986049742 ], [ -9947674.641589114442468, 3549861.720415764022619 ], [ -9947624.157826088368893, 3549921.85753722442314 ], [ -9947539.469002513214946, 3550024.257732842117548 ], [ -9947497.137974379584193, 3550071.382859720848501 ], [ -9947479.151892000809312, 3550113.702040396630764 ], [ -9947464.448661072179675, 3550144.622273137327284 ], [ -9947441.674954077228904, 3550164.104132843203843 ], [ -9947428.699757190421224, 3550164.05921463901177 ], [ -9947418.951516972854733, 3550168.915661201346666 ], [ -9947374.986552080139518, 3550219.295353958383203 ], [ -9947296.691528912633657, 3550347.799831098876894 ], [ -9947254.178983349353075, 3550447.08774333121255 ], [ -9947249.240083204582334, 3550468.261816632002592 ], [ -9947242.600691394880414, 3550512.251456568948925 ], [ -9947216.531455917283893, 3550546.393071555066854 ], [ -9947186.317331107333302, 3550606.602181288413703 ], [ -9947153.574250873178244, 3550694.514715866185725 ], [ -9947142.096540667116642, 3550730.337594824843109 ], [ -9947106.328603571280837, 3550754.664749764837325 ], [ -9947078.72118722833693, 3550764.349302533082664 ], [ -9947018.578104685992002, 3550801.632282635662705 ], [ -9946951.895722215995193, 3550853.56367611233145 ], [ -9946899.816552199423313, 3550903.915815714746714 ], [ -9946850.884687583893538, 3550981.991684453561902 ], [ -9946792.259683556854725, 3551048.622737440280616 ], [ -9946775.914617469534278, 3551084.429197905119509 ], [ -9946727.157357949763536, 3551111.970508092548698 ], [ -9946689.737072374671698, 3551144.442392472177744 ], [ -9946653.967119174078107, 3551168.769242528825998 ], [ -9946610.08673107996583, 3551193.06715396605432 ], [ -9946551.590869057923555, 3551222.203962382860482 ], [ -9946486.606599759310484, 3551251.317716668825597 ], [ -9946445.929779682308435, 3551287.038006488233805 ], [ -9946441.023584404960275, 3551298.432101756799966 ], [ -9946432.821863334625959, 3551324.486302711069584 ], [ -9946384.126026690006256, 3551334.094823155086488 ], [ -9946361.440243607386947, 3551327.493494401220232 ], [ -9946320.871753688901663, 3551332.239978442899883 ], [ -9946294.884463770315051, 3551341.928889797069132 ], [ -9946277.041981501504779, 3551341.865436994470656 ], [ -9946269.000628035515547, 3551322.274336391594261 ], [ -9946252.854741238057613, 3551301.024253223091364 ], [ -9946210.710291096940637, 3551292.72317264508456 ], [ -9946157.188566491007805, 3551290.902169882785529 ], [ -9946095.499110408127308, 3551305.353810571599752 ], [ -9946022.489642020314932, 3551309.983467523939908 ], [ -9945939.655379917472601, 3551340.660774349234998 ], [ -9945887.6339668687433, 3551373.07837888924405 ], [ -9945773.8811698500067, 3551431.357445341534913 ], [ -9945674.720005810260773, 3551491.318597021047026 ], [ -9945624.34854313544929, 3551515.590191555675119 ], [ -9945564.226907415315509, 3551544.717229075729847 ], [ -9945497.674997981637716, 3551557.518388350959867 ], [ -9945434.320441080257297, 3551583.372609474696219 ], [ -9945372.97611622326076, 3551602.856323735788465 ], [ -9945262.192286530509591, 3551634.915186459664255 ], [ -9945185.907191125676036, 3551647.67933662654832 ], [ -9945083.621361481025815, 3551673.390014397446066 ], [ -9945017.044811498373747, 3551692.709613847546279 ], [ -9944948.869624141603708, 3551705.502032126765698 ], [ -9944893.6473547834903, 3551724.862552914302796 ], [ -9944841.692846050485969, 3551737.713911843020469 ], [ -9944718.336129253730178, 3551758.453610711265355 ], [ -9944624.165011804550886, 3551782.560309493914247 ], [ -9944596.523701762780547, 3551800.391210542526096 ], [ -9944564.033861285075545, 3551813.313278597779572 ], [ -9944508.870253512635827, 3551816.369897145312279 ], [ -9944418.068145480006933, 3551806.251994707155973 ], [ -9944356.422126868739724, 3551807.65354876127094 ], [ -9944281.781293466687202, 3551813.897367402911186 ], [ -9944122.760726727545261, 3551827.977507486473769 ], [ -9944025.35610580816865, 3551848.808340015821159 ], [ -9943983.163187792524695, 3551853.541355157736689 ], [ -9943921.480529779568315, 3551864.72222056472674 ], [ -9943892.29475818388164, 3551861.352295051794499 ], [ -9943840.411310836672783, 3551854.636595989577472 ], [ -9943788.552062831819057, 3551841.398510735481977 ], [ -9943738.242576876655221, 3551847.731629363726825 ], [ -9943686.280422288924456, 3551862.20847811922431 ], [ -9943645.666797609999776, 3551878.358141220640391 ], [ -9943601.858748866245151, 3551881.451915338169783 ], [ -9943563.751517005264759, 3551878.047553104814142 ], [ -9943510.24605386517942, 3551871.324343775864691 ], [ -9943451.837851686403155, 3551874.363960194401443 ], [ -9943393.374602710828185, 3551892.075551609974355 ], [ -9943344.619448002427816, 3551916.344876826740801 ], [ -9943299.169405912980437, 3551924.323789045680314 ], [ -9943256.969856835901737, 3551930.684586927294731 ], [ -9943205.09262309782207, 3551922.335987588856369 ], [ -9943150.069612203165889, 3551887.89066884573549 ], [ -9943125.738006759434938, 3551887.797969727776945 ], [ -9943112.71181227080524, 3551900.790548315737396 ], [ -9943083.495422082021832, 3551905.56999134272337 ], [ -9943057.541515292599797, 3551905.470971109345555 ], [ -9943041.394243719056249, 3551885.846030437853187 ], [ -9943041.474305976182222, 3551864.65275993058458 ], [ -9943051.280893098562956, 3551845.126947069074959 ], [ -9943052.958045860752463, 3551830.460044192150235 ], [ -9943053.013459010049701, 3551815.787873479537666 ], [ -9943051.422239437699318, 3551807.630470332223922 ], [ -9943046.586637614294887, 3551799.460688900202513 ], [ -9943031.993885837495327, 3551797.774690610356629 ], [ -9943007.551397083327174, 3551827.026143875904381 ], [ -9942960.307127328589559, 3551880.645375696476549 ], [ -9942948.915253801271319, 3551890.383421584498137 ], [ -9942922.856423478573561, 3551917.998428122606128 ], [ -9942896.846898078918457, 3551932.571358360350132 ], [ -9942825.424240283668041, 3551945.339933467563242 ], [ -9942734.573092015460134, 3551948.251751662231982 ], [ -9942685.890798257663846, 3551952.955473707057536 ], [ -9942638.849375499412417, 3551952.774523676838726 ], [ -9942539.887520113959908, 3551955.653699240647256 ], [ -9942478.234418995678425, 3551958.676259312778711 ], [ -9942411.746229868382215, 3551953.528394740540534 ], [ -9942353.499711401760578, 3551914.176246330607682 ], [ -9942314.6001679841429, 3551905.874153053853661 ], [ -9942272.437684321776032, 3551902.450129443313926 ], [ -9942218.976805778220296, 3551884.3096410674043 ], [ -9942134.777564331889153, 3551844.855882422998548 ], [ -9942084.586147002875805, 3551820.205709955189377 ], [ -9942039.33070495724678, 3551777.642597268335521 ], [ -9942005.404987614601851, 3551741.644655166659504 ], [ -9941982.764911280944943, 3551723.623568449635059 ], [ -9941948.764038041234016, 3551707.188387824222445 ], [ -9941921.182134160771966, 3551708.710871648509055 ], [ -9941908.142413416877389, 3551724.962383766192943 ], [ -9941896.775097435340285, 3551728.17851378954947 ], [ -9941887.04263455979526, 3551728.140466855838895 ], [ -9941867.61531294323504, 3551718.2829510550946 ], [ -9941866.031051337718964, 3551708.495278975460678 ], [ -9941874.198282895609736, 3551693.854990017600358 ], [ -9941879.102346837520599, 3551684.092710196971893 ], [ -9941874.305522933602333, 3551666.141205940861255 ], [ -9941858.160386398434639, 3551646.515130801126361 ], [ -9941777.264921447262168, 3551592.400538301561028 ], [ -9941756.228328071534634, 3551579.276067196391523 ], [ -9941740.026557222008705, 3551574.321860963478684 ], [ -9941726.999397814273834, 3551587.31260127434507 ], [ -9941709.156539989635348, 3551587.242602960206568 ], [ -9941696.255832649767399, 3551567.629174069967121 ], [ -9941655.875208834186196, 3551523.454476149752736 ], [ -9941626.937978025525808, 3551456.501687861513346 ], [ -9941596.436063187196851, 3551374.871138687711209 ], [ -9941574.006645701825619, 3551303.054003905039281 ], [ -9941556.322899103164673, 3551262.229510541073978 ], [ -9941532.01157146319747, 3551257.243211715482175 ], [ -9941523.907757837325335, 3551255.581144073046744 ], [ -9941514.226301196962595, 3551242.501522035803646 ], [ -9941514.277130231261253, 3551229.460181677248329 ], [ -9941514.327958939597011, 3551216.418854625429958 ], [ -9941519.232172761112452, 3551206.657081704121083 ], [ -9941528.996116431429982, 3551198.544599844608456 ], [ -9941546.851060289889574, 3551195.354472917504609 ], [ -9941589.087120221927762, 3551179.218871417455375 ], [ -9941641.143883327022195, 3551140.299171234015375 ], [ -9941702.907116612419486, 3551107.938196583651006 ], [ -9941724.024948028847575, 3551099.87010604608804 ], [ -9941727.300591330975294, 3551091.732149501331151 ], [ -9941735.448601940646768, 3551081.98304350534454 ], [ -9941748.424640472978354, 3551082.033918323926628 ], [ -9941758.137766685336828, 3551086.962519998662174 ], [ -9941762.966046394780278, 3551096.76256647054106 ], [ -9941771.044448614120483, 3551104.945093932095915 ], [ -9941814.838816905394197, 3551105.116619775537401 ], [ -9941869.949429746717215, 3551115.113326854538172 ], [ -9941879.643648458644748, 3551124.932254299055785 ], [ -9941876.374401308596134, 3551131.440220941323787 ], [ -9941861.757343411445618, 3551136.273544947616756 ], [ -9941850.390609111636877, 3551139.489428121130913 ], [ -9941851.962175033986568, 3551152.537028528284281 ], [ -9941863.272083308547735, 3551163.992525347042829 ], [ -9941882.711108308285475, 3551170.589242762885988 ], [ -9941905.413096448406577, 3551172.308184030465782 ], [ -9941918.401894059032202, 3551169.098579617217183 ], [ -9941931.453680435195565, 3551149.587392905261368 ], [ -9941941.349515343084931, 3551107.241388987749815 ], [ -9941957.777426663786173, 3551053.509971478022635 ], [ -9941962.775661306455731, 3551019.295966324396431 ], [ -9941969.39582828246057, 3550985.088474662508816 ], [ -9941982.510266536846757, 3550949.276196386665106 ], [ -9941997.322034085169435, 3550893.908908300101757 ], [ -9942015.295936044305563, 3550859.745969222392887 ], [ -9942034.935709301382303, 3550814.178597229532897 ], [ -9942046.43409507907927, 3550776.73031016997993 ], [ -9942061.132330015301704, 3550750.705436554271728 ], [ -9942066.042280333116651, 3550739.31366762612015 ], [ -9942062.911361791193485, 3550709.95918370038271 ], [ -9942062.955331472679973, 3550698.548563124146312 ], [ -9942069.493399830535054, 3550685.533096051774919 ], [ -9942074.434715682640672, 3550665.990905629936606 ], [ -9942074.497513858601451, 3550649.689969620667398 ], [ -9942077.772873118519783, 3550641.552139808889478 ], [ -9942084.298339219763875, 3550631.79682678822428 ], [ -9942092.433092094957829, 3550625.30805943813175 ], [ -9942097.349240684881806, 3550612.286275623366237 ], [ -9942100.750037036836147, 3550571.546894503757358 ], [ -9942097.732112510129809, 3550512.851467165164649 ], [ -9942097.90785095281899, 3550467.209430498536676 ], [ -9942104.615194639191031, 3550410.182437759358436 ], [ -9942116.207124242559075, 3550348.284510643687099 ], [ -9942116.351416451856494, 3550310.793304392136633 ], [ -9942127.905433118343353, 3550258.675997101701796 ], [ -9942139.440602906048298, 3550211.449075947050005 ], [ -9942152.610077137127519, 3550160.968509458936751 ], [ -9942162.45433515124023, 3550131.665865722112358 ], [ -9942167.439016465097666, 3550100.714326387271285 ], [ -9942173.98298741877079, 3550086.069329554680735 ], [ -9942177.276863293722272, 3550073.041788978502154 ], [ -9942172.46132892370224, 3550059.982740408740938 ], [ -9942172.505188150331378, 3550048.572634220123291 ], [ -9942177.496136512607336, 3550015.991285377647728 ], [ -9942182.393032394349575, 3550007.86014404380694 ], [ -9942193.796239659190178, 3549994.864159904420376 ], [ -9942195.4619116242975, 3549983.460409654304385 ], [ -9942193.852603746578097, 3549980.194108446594328 ], [ -9942169.499546810984612, 3549986.619630047585815 ], [ -9942090.813728140667081, 3549992.833729582373053 ], [ -9942068.082430442795157, 3549999.265386357903481 ], [ -9942009.663618287071586, 3550007.18796619400382 ], [ -9941985.297838339582086, 3550016.873135373461992 ], [ -9941975.535109186545014, 3550024.985270898789167 ], [ -9941949.578837793320417, 3550026.514020044356585 ], [ -9941934.969322912395, 3550029.717052463907748 ], [ -9941920.315840074792504, 3550044.330189215485007 ], [ -9941907.277803212404251, 3550060.579639821313322 ], [ -9941894.296445917338133, 3550062.158925651106983 ], [ -9941879.693242106586695, 3550063.731922159902751 ], [ -9941868.308564988896251, 3550071.837631340138614 ], [ -9941848.827073624357581, 3550076.651594283059239 ], [ -9941830.986404730007052, 3550076.581803540699184 ], [ -9941821.242463447153568, 3550079.803750936407596 ], [ -9941813.126800512894988, 3550081.401994952932 ], [ -9941801.716810951009393, 3550096.027776322793216 ], [ -9941801.634735595434904, 3550117.218023133929819 ], [ -9941791.852803852409124, 3550130.220070646610111 ], [ -9941778.833524495363235, 3550141.579492738004774 ], [ -9941764.167093742638826, 3550159.452584681101143 ], [ -9941752.769591469317675, 3550170.818224261980504 ], [ -9941742.968601023778319, 3550188.710397266317159 ], [ -9941731.52055467478931, 3550213.11641011107713 ], [ -9941731.444677846506238, 3550232.676846865098923 ], [ -9941724.919150225818157, 3550242.431607111357152 ], [ -9941713.52155970223248, 3550253.797417727764696 ], [ -9941690.764225313439965, 3550266.748624091502279 ], [ -9941676.148099979385734, 3550271.58147881552577 ], [ -9941664.750502318143845, 3550282.947207145392895 ], [ -9941658.098116368055344, 3550325.302934649866074 ], [ -9941646.624441642314196, 3550356.229316816665232 ], [ -9941636.766195546835661, 3550388.792154128197581 ], [ -9941620.471045676618814, 3550408.289130432996899 ], [ -9941613.869149230420589, 3550437.604774044826627 ], [ -9941599.138664254918694, 3550471.778692847117782 ], [ -9941594.146087493747473, 3550504.360980556346476 ], [ -9941594.082672154530883, 3550520.661784007679671 ], [ -9941579.415468648076057, 3550538.535115927457809 ], [ -9941579.313972407951951, 3550564.616404743399471 ], [ -9941575.949496921151876, 3550595.57512619625777 ], [ -9941546.608471913263202, 3550632.95220216549933 ], [ -9941502.676028104498982, 3550668.641826753970236 ], [ -9941444.171145671978593, 3550697.753336148802191 ], [ -9941387.325946018099785, 3550717.09041235409677 ], [ -9941314.331320835277438, 3550718.432121123652905 ], [ -9941255.908792385831475, 3550726.35158238792792 ], [ -9941186.145170800387859, 3550730.965513017494231 ], [ -9941067.748164081946015, 3550728.865394334308803 ], [ -9941012.607986902818084, 3550727.016050251666456 ], [ -9940877.97217489220202, 3550729.739912017714232 ], [ -9940803.31672746874392, 3550740.852804478723556 ], [ -9940769.197443898767233, 3550755.387571563478559 ], [ -9940761.042459953576326, 3550766.765861824154854 ], [ -9940764.228347128257155, 3550781.449759151786566 ], [ -9940762.50961484387517, 3550805.894897115882486 ], [ -9940755.976592907682061, 3550817.279714156407863 ], [ -9940739.750382779166102, 3550818.844912796746939 ], [ -9940683.013583233579993, 3550810.467195434030145 ], [ -9940610.128341121599078, 3550784.092910232022405 ], [ -9940524.222227783873677, 3550769.07691262383014 ], [ -9940394.594737602397799, 3550735.952888743486255 ], [ -9940292.463200822472572, 3550722.500147826969624 ], [ -9940182.313279511407018, 3550686.192422696854919 ], [ -9940089.979366479441524, 3550656.476541148964316 ], [ -9940047.821608686819673, 3550653.045423197560012 ], [ -9939968.37877494841814, 3550644.572354708332568 ], [ -9939924.671232301741838, 3550623.20332732796669 ], [ -9939940.466371025890112, 3550527.09138672798872 ], [ -9939925.947689609602094, 3550507.471209129784256 ], [ -9939866.152843032032251, 3550453.434946079738438 ], [ -9939841.942172301933169, 3550423.994848950766027 ], [ -9939824.330869611352682, 3550366.870228307321668 ], [ -9939832.598068097606301, 3550327.782146088313311 ], [ -9939857.038339607417583, 3550300.1703707347624 ], [ -9939889.561790665611625, 3550279.111862120218575 ], [ -9939905.892099805176258, 3550251.467209133785218 ], [ -9939920.639985987916589, 3550214.035862220916897 ], [ -9939922.399517469108105, 3550179.811785204801708 ], [ -9939909.621141834184527, 3550130.858334366697818 ], [ -9939883.802405063062906, 3550098.1523576551117 ], [ -9939832.033444160595536, 3550065.340821492485702 ], [ -9939794.842006267979741, 3550037.478663947898895 ], [ -9939778.669335499405861, 3550026.002504331525415 ], [ -9939741.372873522341251, 3550024.220380899030715 ], [ -9939697.595413740724325, 3550020.781658174935728 ], [ -9939660.430758453905582, 3549986.399212792981416 ], [ -9939631.474703093990684, 3549927.599912183359265 ], [ -9939308.058489210903645, 3549691.553018176462501 ], [ -9939300.327414602041245, 3549598.611986452713609 ], [ -9939304.234542699530721, 3549435.63120868941769 ], [ -9939292.968303304165602, 3549414.395413500256836 ], [ -9939286.547516500577331, 3549398.069429853931069 ], [ -9939286.587335394695401, 3549388.28987208660692 ], [ -9939296.337885918095708, 3549383.440150204580277 ], [ -9939312.536015432327986, 3549388.396625817753375 ], [ -9939325.477135492488742, 3549396.599619003478438 ], [ -9939340.079742517322302, 3549395.029675757046789 ], [ -9939353.080664088949561, 3549388.563320422079414 ], [ -9939364.512768296524882, 3549369.050876263994724 ], [ -9939369.623234203085303, 3549308.763878893572837 ], [ -9939360.025061711668968, 3549276.125635209027678 ], [ -9939361.772768627852201, 3549245.164021818432957 ], [ -9939353.763319376856089, 3549220.682124884333462 ], [ -9939347.33579658344388, 3549205.986315659713 ], [ -9939327.868030626326799, 3549207.536243023350835 ], [ -9939288.998718174174428, 3549194.336912415921688 ], [ -9939240.438854789361358, 3549171.318043641746044 ], [ -9939195.115965342149138, 3549149.942290524020791 ], [ -9939178.160684857517481, 3549131.943229603581131 ], [ -9939158.786149594932795, 3549110.674351218622178 ], [ -9939145.878700921311975, 3549094.321988232433796 ], [ -9939142.741618247702718, 3549068.230443232692778 ], [ -9939142.788200503215194, 3549056.821197051089257 ], [ -9939154.206893449649215, 3549040.569199929945171 ], [ -9939159.112121714279056, 3549030.810017491225153 ], [ -9939164.017216885462403, 3549021.050776769407094 ], [ -9939162.455315470695496, 3549006.37526570353657 ], [ -9939149.56792881526053, 3548985.133337882347405 ], [ -9939125.328380960971117, 3548963.844644094351679 ], [ -9939091.358488941565156, 3548942.515691467560828 ], [ -9939068.674362987279892, 3548937.532340202480555 ], [ -9939039.363077655434608, 3548966.749312300700694 ], [ -9938993.847726730629802, 3548992.639444028958678 ], [ -9938940.116582358255982, 3549044.573991764336824 ], [ -9938894.540567247197032, 3549085.132868486456573 ], [ -9938845.901530791074038, 3549081.671298315282911 ], [ -9938828.07563385926187, 3549078.337430537678301 ], [ -9938810.229653466492891, 3549079.893273157998919 ], [ -9938785.983798379078507, 3549060.233617878053337 ], [ -9938786.057505145668983, 3549042.304943491704762 ], [ -9938790.989818388596177, 3549026.026348355226219 ], [ -9938808.869213037192822, 3549016.321143390145153 ], [ -9938829.884743331000209, 3549032.707473080139607 ], [ -9938849.305577158927917, 3549042.567556371446699 ], [ -9938865.549800056964159, 3549036.115277464967221 ], [ -9938883.449215559288859, 3549021.52043287223205 ], [ -9938902.970231141895056, 3549006.932174812536687 ], [ -9938924.113091902807355, 3548992.350686135236174 ], [ -9938937.127045592293143, 3548982.625224739313126 ], [ -9938942.072375187650323, 3548963.08691087923944 ], [ -9938953.491240430623293, 3548946.835216887760907 ], [ -9938969.768796240910888, 3548932.233506111428142 ], [ -9938995.743102200329304, 3548925.821453565731645 ], [ -9939000.694990780204535, 3548904.65337474970147 ], [ -9938982.916152315214276, 3548889.910806336440146 ], [ -9938953.825178677216172, 3548865.342037162743509 ], [ -9938937.654835402965546, 3548853.865870142821223 ], [ -9938927.977934662252665, 3548840.786688143387437 ], [ -9938908.530610280111432, 3548837.446344805881381 ], [ -9938877.798220533877611, 3548817.76038573263213 ], [ -9938843.82257279753685, 3548798.060892334207892 ], [ -9938811.421764070168138, 3548789.77700309921056 ], [ -9938798.494995914399624, 3548778.314194289036095 ], [ -9938767.689193649217486, 3548776.556338438298553 ], [ -9938738.598963180556893, 3548751.987217114306986 ], [ -9938683.648868881165981, 3548706.122304612770677 ], [ -9938641.686198092997074, 3548657.05165574233979 ], [ -9938611.021952621638775, 3548621.067009455058724 ], [ -9938593.243841897696257, 3548606.324288066010922 ], [ -9938570.553664956241846, 3548602.969964620657265 ], [ -9938544.667252711951733, 3548588.193307676352561 ], [ -9938512.374944131821394, 3548553.831695257220417 ], [ -9938465.480987498536706, 3548521.038940651342273 ], [ -9938433.087947897613049, 3548511.124427926260978 ], [ -9938376.376569636166096, 3548499.478247378952801 ], [ -9938352.051493881270289, 3548499.376382207497954 ], [ -9938313.144820302724838, 3548495.953625940252095 ], [ -9938290.454854551702738, 3548492.598829072900116 ], [ -9938279.130266156047583, 3548486.032003748696297 ], [ -9938282.414190493524075, 3548476.266788071021438 ], [ -9938292.205061612650752, 3548461.639346721582115 ], [ -9938293.867274753749371, 3548451.867282820399851 ], [ -9938277.758885774761438, 3548425.72244470519945 ], [ -9938201.865848191082478, 3548347.17230031080544 ], [ -9938134.088765813037753, 3548267.026550453621894 ], [ -9938085.778881072998047, 3548185.333079700358212 ], [ -9938061.488315688446164, 3548177.081808420829475 ], [ -9938029.163212092593312, 3548150.869954901281744 ], [ -9938011.43416103720665, 3548124.718542091082782 ], [ -9937979.062842840328813, 3548109.913951754104346 ], [ -9937961.211452051997185, 3548113.098211864940822 ], [ -9937943.359926661476493, 3548116.282478264998645 ], [ -9937943.380350524559617, 3548111.393180371727794 ], [ -9937951.529194165021181, 3548101.648840665351599 ], [ -9937950.023389814421535, 3548073.93614802416414 ], [ -9937909.659987067803741, 3548031.391431849449873 ], [ -9937880.600463971495628, 3548000.302914317697287 ], [ -9937861.195625441148877, 3547987.182719853240997 ], [ -9937840.182962065562606, 3547970.79616211168468 ], [ -9937819.224942412227392, 3547941.371670793741941 ], [ -9937811.205644875764847, 3547920.150790020357817 ], [ -9937795.010116774588823, 3547915.192962240427732 ], [ -9937767.429329250007868, 3547918.335733958054334 ], [ -9937747.888205163180828, 3547937.810157896019518 ], [ -9937708.928732577711344, 3547947.423664032947272 ], [ -9937641.549967171624303, 3547966.695060772355646 ], [ -9937575.043638955801725, 3547971.30185214523226 ], [ -9937511.766677999868989, 3547979.181692069862038 ], [ -9937489.036728277802467, 3547985.604022508952767 ], [ -9937497.110508438199759, 3547993.787196440156549 ], [ -9937524.684660363942385, 3547992.274790841154754 ], [ -9937545.703866802155972, 3548007.032143326941878 ], [ -9937550.410906814038754, 3548044.53708379343152 ], [ -9937543.643231531605124, 3548111.329343793448061 ], [ -9937515.97953823953867, 3548134.028782651759684 ], [ -9937468.897406801581383, 3548146.866661781445146 ], [ -9937438.065855974331498, 3548151.624719274695963 ], [ -9937421.746490523219109, 3548176.002112803515047 ], [ -9937433.022233195602894, 3548193.97791956923902 ], [ -9937452.42693611048162, 3548207.098955111112446 ], [ -9937463.757772486656904, 3548212.036701415199786 ], [ -9937468.608896549791098, 3548215.316954474896193 ], [ -9937463.709682444110513, 3548223.445105492603034 ], [ -9937447.44524946436286, 3548234.784378282725811 ], [ -9937427.937389995902777, 3548246.109879749827087 ], [ -9937416.537775374948978, 3548257.469991183374077 ], [ -9937397.071251176297665, 3548259.01682497933507 ], [ -9937387.396341538056731, 3548245.937027825973928 ], [ -9937389.100564485415816, 3548226.386708564125001 ], [ -9937389.148721944540739, 3548214.978303098119795 ], [ -9937373.035631194710732, 3548190.462553485762328 ], [ -9937361.766797574236989, 3548170.856968794949353 ], [ -9937360.255272388458252, 3548144.773768030107021 ], [ -9937373.331538897007704, 3548120.382616067305207 ], [ -9937392.907914070412517, 3548092.759846148081124 ], [ -9937397.793491069227457, 3548087.891307317186147 ], [ -9937399.463221210986376, 3548076.489939469378442 ], [ -9937383.329580873250961, 3548056.863740798551589 ], [ -9937352.560113279148936, 3548046.953806711826473 ], [ -9937307.320264821872115, 3548007.64598669949919 ], [ -9937262.108342921361327, 3547961.819188040215522 ], [ -9937233.002291370183229, 3547942.137511868961155 ], [ -9937236.279915185645223, 3547934.002694162540138 ], [ -9937241.193082306534052, 3547922.615356892347336 ], [ -9937236.39029536396265, 3547907.92689912347123 ], [ -9937220.188114849850535, 3547904.598079261835665 ], [ -9937202.392058556899428, 3547894.743394894525409 ], [ -9937192.68316768668592, 3547889.812543795909733 ], [ -9937186.141568114981055, 3547902.822649470064789 ], [ -9937166.661625433713198, 3547907.628480521030724 ], [ -9937130.986544435843825, 3547907.475651409011334 ], [ -9937116.336874168366194, 3547920.450989258475602 ], [ -9937095.263046562671661, 3547918.730911199469119 ], [ -9937074.202938869595528, 3547913.751277857925743 ], [ -9937064.473447443917394, 3547913.70953573146835 ], [ -9937059.560250973328948, 3547925.096794199664146 ], [ -9937048.215923169627786, 3547923.418319291900843 ], [ -9937025.568957775831223, 3547910.283034712541848 ], [ -9937001.258844383060932, 3547906.919052328914404 ], [ -9936968.771425759419799, 3547919.817577347625047 ], [ -9936947.662942079827189, 3547926.245863759890199 ], [ -9936929.860007824376225, 3547918.020537337753922 ], [ -9936923.560991730540991, 3547873.989891467615962 ], [ -9936917.366112804040313, 3547805.513630690984428 ], [ -9936899.806332984939218, 3547740.248298260848969 ], [ -9936890.222779905423522, 3547705.982525877654552 ], [ -9936874.845515638589859, 3547699.397404833696783 ], [ -9936878.658141523599625, 3547565.776193392463028 ], [ -9936894.915267607197165, 3547556.067895531188697 ], [ -9936909.592421824112535, 3547536.574164427351207 ], [ -9936924.290417198091745, 3547512.19171231565997 ], [ -9936926.868531636893749, 3547477.978884675074369 ], [ -9936923.792037818580866, 3547438.852734095416963 ], [ -9936944.89958767965436, 3547432.42472204612568 ], [ -9936969.222760589793324, 3547432.529281817376614 ], [ -9936982.160349687561393, 3547440.733394528739154 ], [ -9936991.820181269198656, 3547457.071945125702769 ], [ -9936991.764746215194464, 3547470.109373167622834 ], [ -9936985.223164174705744, 3547483.118884773459285 ], [ -9936996.53924603946507, 3547491.316048721317202 ], [ -9937007.876250457018614, 3547494.624152102507651 ], [ -9937040.355604201555252, 3547483.355644419323653 ], [ -9937103.789383662864566, 3547437.996022285893559 ], [ -9937137.959048852324486, 3547410.437544528394938 ], [ -9937155.920294249430299, 3547381.179965388029814 ], [ -9937164.186807081103325, 3547343.732392450794578 ], [ -9937162.731027813628316, 3547304.613645500969142 ], [ -9937178.897834502160549, 3547316.090726853348315 ], [ -9937195.064796879887581, 3547327.567672320641577 ], [ -9937220.9952732026577, 3547330.937986188568175 ], [ -9937235.561498278751969, 3547337.519085939973593 ], [ -9937241.978603161871433, 3547353.843382969498634 ], [ -9937272.670282838866115, 3547381.679443670902401 ], [ -9937290.307373875752091, 3547429.016004675999284 ], [ -9937303.162500243633986, 3547456.775880225002766 ], [ -9937290.08686463907361, 3547481.165641220286489 ], [ -9937267.28870590403676, 3547503.884145919233561 ], [ -9937259.091340063139796, 3547525.035332123283297 ], [ -9937262.244984168559313, 3547546.235410635825247 ], [ -9937273.595960492268205, 3547546.28392492281273 ], [ -9937309.345606004819274, 3547528.509474486112595 ], [ -9937338.66425640694797, 3547497.670186072122306 ], [ -9937366.374959904700518, 3547463.564514164347202 ], [ -9937382.734830938279629, 3547429.410529946442693 ], [ -9937384.500845823436975, 3547395.194386128801852 ], [ -9937392.732242224738002, 3547365.894999134819955 ], [ -9937423.768154231831431, 3547312.247531932778656 ], [ -9937458.06736446171999, 3547253.725053160917014 ], [ -9937472.860115520656109, 3547206.527450280729681 ], [ -9937503.936410211026669, 3547143.102622787468135 ], [ -9937515.451575985178351, 3547104.039702794514596 ], [ -9937507.447035467252135, 3547079.560783701017499 ], [ -9937489.67930499650538, 3547063.188638429157436 ], [ -9937455.614248834550381, 3547066.302916548680514 ], [ -9937445.92656540684402, 3547056.483727980405092 ], [ -9937433.009614668786526, 3547043.391487285960466 ], [ -9937437.984030684456229, 3547017.338254276663065 ], [ -9937449.382496355101466, 3547005.979271254967898 ], [ -9937472.103831207379699, 3547001.187093964777887 ], [ -9937496.405473755672574, 3547006.179453680757433 ], [ -9937528.848788883537054, 3547003.058180907741189 ], [ -9937551.522093318402767, 3547009.673184449784458 ], [ -9937566.067498618736863, 3547021.142545116599649 ], [ -9937577.417880779132247, 3547021.190775678493083 ], [ -9937592.045477978885174, 3547013.104664429556578 ], [ -9937608.349359609186649, 3546991.988493237644434 ], [ -9937619.836673492565751, 3546959.444377846550196 ], [ -9937639.444920845329762, 3546923.67555068898946 ], [ -9937657.404444189742208, 3546894.418262914288789 ], [ -9937688.362848907709122, 3546858.697652097791433 ], [ -9937712.841975340619683, 3546821.319955858401954 ], [ -9937737.273254953324795, 3546795.349582055583596 ], [ -9937751.975565761327744, 3546769.337891856208444 ], [ -9937761.806750172749162, 3546744.935318832751364 ], [ -9937770.016424866393209, 3546720.525857320521027 ], [ -9937778.314758153632283, 3546674.931952996645123 ], [ -9937776.782110100612044, 3546653.740642478689551 ], [ -9937771.972405912354589, 3546640.683444016613066 ], [ -9937752.522008024156094, 3546638.971534677781165 ], [ -9937736.293978309258819, 3546642.162001608870924 ], [ -9937705.514112453907728, 3546635.513143809046596 ], [ -9937666.668152453377843, 3546619.052505569066852 ], [ -9937619.680836571380496, 3546610.705139920581132 ], [ -9937613.195005526766181, 3546610.677606400568038 ], [ -9937588.983264122158289, 3546584.501217616256326 ], [ -9937540.532399352639914, 3546538.666804270353168 ], [ -9937493.641556415706873, 3546507.505306748207659 ], [ -9937487.313782304525375, 3546469.997962495777756 ], [ -9937508.481319081038237, 3546448.903540443163365 ], [ -9937542.620134603232145, 3546427.864230746403337 ], [ -9937568.58314255438745, 3546423.085831218864769 ], [ -9937605.827611533924937, 3546434.651034358888865 ], [ -9937625.222965458407998, 3546449.399568799417466 ], [ -9937662.419609539210796, 3546472.371475536376238 ], [ -9937689.935723286122084, 3546483.895210620481521 ], [ -9937709.379038710147142, 3546487.236771702766418 ], [ -9937738.585054997354746, 3546482.471803402528167 ], [ -9937761.332665482535958, 3546471.161001923959702 ], [ -9937787.377656400203705, 3546446.827604562975466 ], [ -9937802.045339643955231, 3546428.964320363942534 ], [ -9937813.538528278470039, 3546394.791925630997866 ], [ -9937815.248583463951945, 3546373.614766018465161 ], [ -9937821.802382070571184, 3546357.346803644672036 ], [ -9937833.159057369455695, 3546355.765259488020092 ], [ -9937873.673566082492471, 3546360.82515250146389 ], [ -9937902.824748173356056, 3546369.096069503575563 ], [ -9937905.972193574532866, 3546391.923339940607548 ], [ -9937902.579554883763194, 3546427.759588157292455 ], [ -9937907.409682421013713, 3546435.927861803211272 ], [ -9937933.284149441868067, 3546452.332816992420703 ], [ -9937980.203088577836752, 3546476.974420323036611 ], [ -9938007.651594640687108, 3546504.793026608414948 ], [ -9938043.234479647129774, 3546526.127497669775039 ], [ -9938074.02251323312521, 3546531.144412531517446 ], [ -9938110.518179411068559, 3546528.038724359124899 ], [ -9938212.830302773043513, 3546489.358599271159619 ], [ -9938341.178763274103403, 3546427.972671332769096 ], [ -9938488.888741713017225, 3546389.480552620720118 ], [ -9938586.327593717724085, 3546352.406985746696591 ], [ -9938628.531004462391138, 3546341.175858862698078 ], [ -9938641.562599776312709, 3546326.564059346914291 ], [ -9938643.257967799901962, 3546308.645895305555314 ], [ -9938636.826088640838861, 3546295.582674470730126 ], [ -9938636.879827922210097, 3546282.546407514251769 ], [ -9938645.013652266934514, 3546276.062064138241112 ], [ -9938662.808631168678403, 3546285.913450617808849 ], [ -9938674.124801233410835, 3546294.108341067098081 ], [ -9938691.966862825676799, 3546292.553045661188662 ], [ -9938750.357023077085614, 3546287.907093840651214 ], [ -9938787.635667832568288, 3546291.321036109700799 ], [ -9938836.19709299877286, 3546311.077295145019889 ], [ -9938868.618315536528826, 3546312.84133068099618 ], [ -9938897.836808267980814, 3546304.81454966776073 ], [ -9938947.402924627065659, 3546277.317306702025235 ], [ -9938968.514333967119455, 3546269.256886477116495 ], [ -9938981.472184682264924, 3546272.569598570466042 ], [ -9938999.260685244575143, 3546284.050070299301296 ], [ -9939015.467937273904681, 3546285.746666507795453 ], [ -9939067.40571241080761, 3546272.924786987248808 ], [ -9939107.933822540566325, 3546274.721683081705123 ], [ -9939137.072237391024828, 3546286.248797145206481 ], [ -9939148.381999278441072, 3546296.072763754054904 ], [ -9939154.734533155336976, 3546328.690222135744989 ], [ -9939154.614819010719657, 3546358.021887411829084 ], [ -9939165.825043983757496, 3546392.289124704897404 ], [ -9939188.4515924397856, 3546410.307596057187766 ], [ -9939214.360934965312481, 3546418.562272895593196 ], [ -9939237.126980172470212, 3546402.36025503044948 ], [ -9939256.637019563466311, 3546389.403951322194189 ], [ -9939277.748417532071471, 3546381.342945610173047 ], [ -9939345.854026280343533, 3546379.99337441008538 ], [ -9939365.330675538629293, 3546375.184642379637808 ], [ -9939389.612010743469, 3546385.061724595259875 ], [ -9939418.784019663929939, 3546388.440563117619604 ], [ -9939464.011443253606558, 3546430.994952499866486 ], [ -9939476.962916601449251, 3546435.936779939569533 ], [ -9939496.44627121090889, 3546429.498312506359071 ], [ -9939504.665621576830745, 3546401.829187800642103 ], [ -9939520.958937292918563, 3546382.341035837773234 ], [ -9939563.286912402138114, 3546340.145489577203989 ], [ -9939621.848378570750356, 3546293.127649828791618 ], [ -9939665.751099141314626, 3546262.345370129682124 ], [ -9939706.417363533750176, 3546229.920230473857373 ], [ -9939735.766673738136888, 3546189.301163343712687 ], [ -9939758.557988453656435, 3546166.580440694931895 ], [ -9939801.022420024499297, 3546090.165143131278455 ], [ -9939828.782625798135996, 3546041.392174840439111 ], [ -9939858.150813749060035, 3545995.884976259432733 ], [ -9939872.815122658386827, 3545978.019906580448151 ], [ -9939898.940259497612715, 3545932.499650651589036 ], [ -9939915.454360904172063, 3545857.610066968481988 ], [ -9939918.919766020029783, 3545802.221110759302974 ], [ -9939930.413096379488707, 3545766.418961741030216 ], [ -9939942.03751465678215, 3545698.02769309328869 ], [ -9939950.523768713697791, 3545603.55241917213425 ], [ -9939952.603375606238842, 3545489.498325400985777 ], [ -9939948.119239635765553, 3545394.971992935054004 ], [ -9939932.424024760723114, 3545266.185348064638674 ], [ -9939890.757955361157656, 3545145.437569672241807 ], [ -9939903.759147139266133, 3545137.344666884280741 ], [ -9939913.532423321157694, 3545125.978502730838954 ], [ -9939915.265058748424053, 3545098.285593220964074 ], [ -9939908.937380300834775, 3545059.154166970402002 ], [ -9939899.362508656457067, 3545021.637725486420095 ], [ -9939885.027081834152341, 3544958.03306869789958 ], [ -9939856.133773671463132, 3544886.222660903818905 ], [ -9939840.177540399134159, 3544822.612040753476322 ], [ -9939827.562267629429698, 3544734.574918992351741 ], [ -9939820.589521333575249, 3544708.694176557473838 ], [ -9939825.91265487857163, 3544680.785726428031921 ], [ -9939831.263949368149042, 3544645.894979802891612 ], [ -9939833.162382401525974, 3544605.753611026797444 ], [ -9939824.717092577368021, 3544546.368391167838126 ], [ -9939817.952570861205459, 3544500.955121072009206 ], [ -9939807.72841838747263, 3544452.036746398545802 ], [ -9939792.300785757601261, 3544401.351749009918422 ], [ -9939769.897833589464426, 3544357.620900191366673 ], [ -9939756.144024915993214, 3544322.653301731683314 ], [ -9939756.214413065463305, 3544305.197807793039829 ], [ -9939754.625381069257855, 3544268.534312386065722 ], [ -9939751.229258541017771, 3544249.319171711336821 ], [ -9939728.798465406522155, 3544212.570894225034863 ], [ -9939730.662057496607304, 3544181.158429842442274 ], [ -9939742.925289859995246, 3544155.025108764879405 ], [ -9939755.195509510114789, 3544127.146277697291225 ], [ -9939757.0730967707932, 3544092.242926242295653 ], [ -9939753.726146155968308, 3544060.809525529854 ], [ -9939762.564979547634721, 3544022.443617567885667 ], [ -9939769.772422669455409, 3543957.888309671543539 ], [ -9939778.688376436010003, 3543900.322337500751019 ], [ -9939777.050066702067852, 3543875.878451257478446 ], [ -9939777.169654635712504, 3543846.205179912503809 ], [ -9939789.46059081889689, 3543813.090527100488544 ], [ -9939806.93367725238204, 3543786.979065973777324 ], [ -9939811.286238929256797, 3543784.3784198933281 ], [ -9939811.363565204665065, 3543765.178295903839171 ], [ -9939804.479867957532406, 3543749.440725849475712 ], [ -9939804.564233796671033, 3543728.495158414356411 ], [ -9939813.290134403854609, 3543718.057656383141875 ], [ -9939874.174383405596018, 3543693.868342620786279 ], [ -9939882.850997198373079, 3543695.649055602028966 ], [ -9939882.94225406460464, 3543672.958083406090736 ], [ -9939893.439838757738471, 3543653.800393897108734 ], [ -9939916.16325487755239, 3543617.23873163247481 ], [ -9939940.596663877367973, 3543587.664746234193444 ], [ -9939958.055058913305402, 3543565.044427079614252 ], [ -9939989.463148929178715, 3543528.516893188469112 ], [ -9939993.027712011709809, 3543505.840216874610633 ], [ -9940003.546020966023207, 3543481.446341775357723 ], [ -9940031.480313263833523, 3543444.90485004754737 ], [ -9940059.260659733787179, 3543446.762843833770603 ], [ -9940069.764806954190135, 3543425.859797608107328 ], [ -9940090.703143894672394, 3543401.508168249391019 ], [ -9940115.16370877623558, 3543364.952716420870274 ], [ -9940125.62584213912487, 3543354.522297115530819 ], [ -9940158.643912130966783, 3543349.41939065605402 ], [ -9940172.558428516611457, 3543344.239280579145998 ], [ -9940181.283779982477427, 3543333.801881465129554 ], [ -9940176.185379547998309, 3543305.854188951663673 ], [ -9940146.969595167785883, 3543228.936573328450322 ], [ -9940143.559111645445228, 3543213.213944970164448 ], [ -9940152.284407697618008, 3543202.77659477153793 ], [ -9940164.47604575753212, 3543194.098734248895198 ], [ -9940197.50775508210063, 3543185.504960760474205 ], [ -9940233.977892823517323, 3543185.652099813800305 ], [ -9940270.41319358535111, 3543194.526126282289624 ], [ -9940277.359872583299875, 3543194.554120427928865 ], [ -9940284.313584925606847, 3543192.836718329228461 ], [ -9940284.397176122292876, 3543171.891957728657871 ], [ -9940251.525805361568928, 3543140.341931854374707 ], [ -9940204.817207394167781, 3543094.772726801689714 ], [ -9940145.171380707994103, 3543027.333690849598497 ], [ -9940082.847675781697035, 3542978.210600196383893 ], [ -9940060.362190384417772, 3542955.429478215053678 ], [ -9940058.66749282553792, 3542944.95030175242573 ], [ -9940060.453129630535841, 3542932.739798894152045 ], [ -9940065.726084562018514, 3542917.052652808837593 ], [ -9940064.087345061823726, 3542892.610630826093256 ], [ -9940041.693075019866228, 3542847.140107981860638 ], [ -9939988.046663463115692, 3542799.797721475828439 ], [ -9939960.379944685846567, 3542770.014308223035187 ], [ -9939906.678023846819997, 3542736.634630024898797 ], [ -9939892.834569437429309, 3542724.360554695595056 ], [ -9939880.895912690088153, 3542670.206052898894995 ], [ -9939881.043284423649311, 3542633.554319974966347 ], [ -9939868.950199510902166, 3542617.79711592849344 ], [ -9939834.204316128045321, 3542621.146645427681506 ], [ -9939740.470222387462854, 3542610.293318808544427 ], [ -9939575.521847166121006, 3542602.639358918648213 ], [ -9939431.370396614074707, 3542605.540456685237586 ], [ -9939240.394739128649235, 3542592.539347041398287 ], [ -9939139.679475910961628, 3542590.379618702456355 ], [ -9939019.818934537470341, 3542598.611997964791954 ], [ -9938926.028592951595783, 3542601.715183532331139 ], [ -9938806.13199620321393, 3542618.672166710253805 ], [ -9938710.547491900622845, 3542635.7289501670748 ], [ -9938592.379698557779193, 3542654.436422500759363 ], [ -9938453.329047193750739, 3542683.52780842082575 ], [ -9938317.714822020381689, 3542721.358880803454667 ], [ -9938164.762700736522675, 3542752.134366053622216 ], [ -9937985.736509108915925, 3542788.037184795830399 ], [ -9937820.59720454365015, 3542825.738766689319164 ], [ -9937686.716235667467117, 3542863.570735080167651 ], [ -9937549.324631176888943, 3542910.113300668075681 ], [ -9937399.716790538281202, 3542970.565692654810846 ], [ -9937316.196026410907507, 3543008.60840636305511 ], [ -9937246.604761371389031, 3543037.983158224727958 ], [ -9937100.504263641312718, 3543089.720389167778194 ], [ -9936970.017736468464136, 3543145.013952996116132 ], [ -9936869.105460556223989, 3543188.215680934954435 ], [ -9936756.035921460017562, 3543231.364398742560297 ], [ -9936641.244411427527666, 3543271.013217478990555 ], [ -9936549.028499068692327, 3543310.759470830205828 ], [ -9936434.175090072676539, 3543364.370574331842363 ], [ -9936286.323429904878139, 3543417.837327792774886 ], [ -9936211.555232170969248, 3543438.45747634395957 ], [ -9936053.319068377837539, 3543483.149373493157327 ], [ -9935938.48475987650454, 3543531.520263721700758 ], [ -9935842.783848581835628, 3543572.992234974633902 ], [ -9935766.292485777288675, 3543590.111448445357382 ], [ -9935651.532147904857993, 3543621.02559921098873 ], [ -9935576.746319176629186, 3543645.133036087267101 ], [ -9935516.718999434262514, 3543670.177855283953249 ], [ -9935471.480208968743682, 3543689.178552538622171 ], [ -9935441.940403953194618, 3543692.539083966054022 ], [ -9935388.063541943207383, 3543701.028455980587751 ], [ -9935356.863311149179935, 3543686.926562862470746 ], [ -9935318.831168413162231, 3543646.612182991113514 ], [ -9935279.192273937165737, 3543576.617717204149812 ], [ -9935258.520055372267962, 3543538.12581313541159 ], [ -9935241.183532238006592, 3543531.067138682119548 ], [ -9935145.649008138105273, 3543534.134210342075676 ], [ -9935171.362514957785606, 3543611.049015435855836 ], [ -9935222.721524672582746, 3543780.589010558556765 ], [ -9935222.652611093595624, 3543796.298253353685141 ], [ -9935205.231505835428834, 3543808.439494452439249 ], [ -9935158.27033156901598, 3543823.940607879776508 ], [ -9935121.760149743407965, 3543832.505925518460572 ], [ -9935076.527896292507648, 3543849.759973618667573 ], [ -9935033.07827359996736, 3543856.548720102291554 ], [ -9934986.147484336048365, 3543865.067352268379182 ], [ -9934933.990886215120554, 3543877.053528704214841 ], [ -9934916.592634785920382, 3543883.958051823545247 ], [ -9934897.449740892276168, 3543892.600245828274637 ], [ -9934867.917182298377156, 3543894.213947152718902 ], [ -9934862.72993921302259, 3543888.954237198922783 ], [ -9934833.528947435319424, 3543815.512554564978927 ], [ -9934802.560660919174552, 3543749.045279414858669 ], [ -9934795.798895291984081, 3543707.123341250699013 ], [ -9934794.177866535261273, 3543680.933848210144788 ], [ -9934801.209625719115138, 3543661.76491214428097 ], [ -9934801.279055681079626, 3543646.05590853607282 ], [ -9934790.95139242336154, 3543625.064012215007097 ], [ -9934785.787438608705997, 3543614.568107019644231 ], [ -9934780.631345346570015, 3543602.326673271600157 ], [ -9934784.135572422295809, 3543595.360464363358915 ], [ -9934805.107262395322323, 3543565.781166946981102 ], [ -9934831.258230667561293, 3543543.206940539646894 ], [ -9934831.304490081965923, 3543532.734388076234609 ], [ -9934810.433183217421174, 3543539.623000713996589 ], [ -9934765.147415388375521, 3543569.093557538930327 ], [ -9934751.199693035334349, 3543581.249474001117051 ], [ -9934718.535157902166247, 3543584.73778225434944 ], [ -9934691.30844696238637, 3543602.804590228945017 ], [ -9934673.117017198354006, 3543623.943369081709534 ], [ -9934673.023017812520266, 3543645.163104707375169 ], [ -9934675.945095296949148, 3543666.396441933698952 ], [ -9934684.913475725799799, 3543684.62542601628229 ], [ -9934720.732936058193445, 3543769.667299484368414 ], [ -9934696.441507073119283, 3543805.936476381495595 ], [ -9934545.034527825191617, 3543938.644418082665652 ], [ -9934445.145168803632259, 3544017.015580172184855 ], [ -9934263.610086446627975, 3544140.492018209304661 ], [ -9934127.574974304065108, 3544206.572275242302567 ], [ -9933774.139252129942179, 3544320.169644544832408 ], [ -9933591.365490494295955, 3544381.484725572634488 ], [ -9933431.234078891575336, 3544438.353618745226413 ], [ -9933228.733195072039962, 3544525.342646771576256 ], [ -9933080.650445457547903, 3544585.294673199299723 ], [ -9932965.733832813799381, 3544648.430074639152735 ], [ -9932887.166527610272169, 3544678.384088865946978 ], [ -9932769.301260754466057, 3544726.345885545946658 ], [ -9932660.484458658844233, 3544774.34874374885112 ], [ -9932593.912121210247278, 3544819.515495050232857 ], [ -9932515.370874211192131, 3544843.404196428135037 ], [ -9932476.071622250601649, 3544861.406831841915846 ], [ -9932442.750087657943368, 3544891.569052428472787 ], [ -9932373.215709630399942, 3544924.594182696659118 ], [ -9932264.381729230284691, 3544975.626105392817408 ], [ -9932231.171571236103773, 3544981.534379357006401 ], [ -9932155.729526137933135, 3544987.245007453486323 ], [ -9932049.826394749805331, 3545056.479752221144736 ], [ -9931937.959295915439725, 3545110.526885316707194 ], [ -9931868.507222715765238, 3545125.35934476274997 ], [ -9931799.040868941694498, 3545143.223118478432298 ], [ -9931699.21018947288394, 3545203.388946738094091 ], [ -9931575.245654661208391, 3545263.440164383500814 ], [ -9931469.578509161248803, 3545281.130956222768873 ], [ -9931391.060976080596447, 3545298.949929747264832 ], [ -9931282.262616323307157, 3545340.879500437062234 ], [ -9931227.834528289735317, 3545367.907417508773506 ], [ -9931182.40899801813066, 3545404.07475085137412 ], [ -9931143.092511659488082, 3545425.110724008176476 ], [ -9931112.940228540450335, 3545421.935215832199901 ], [ -9931076.740367956459522, 3545421.76267621293664 ], [ -9931025.457188321277499, 3545421.518065919168293 ], [ -9930968.026136597618461, 3545445.498883478343487 ], [ -9930895.454178379848599, 3545481.53474202612415 ], [ -9930744.361874861642718, 3545535.385457877535373 ], [ -9930551.078969467431307, 3545579.935724505688995 ], [ -9930270.193428942933679, 3545648.315910487435758 ], [ -9930094.991812197491527, 3545695.979271131567657 ], [ -9930019.442920001223683, 3545722.900472378823906 ], [ -9929810.996969819068909, 3545782.526543535292149 ], [ -9929735.461464181542397, 3545806.414271485991776 ], [ -9929678.128833970054984, 3545809.166704012546688 ], [ -9929629.860861400142312, 3545808.931116815190762 ], [ -9929548.335400827229023, 3545823.692677217535675 ], [ -9929496.991840181872249, 3545835.569539757911116 ], [ -9929442.573055407032371, 3545859.558926727622747 ], [ -9929403.22269818931818, 3545886.654020795598626 ], [ -9929339.767790770158172, 3545907.566844166722149 ], [ -9929279.388216752558947, 3545916.36651814263314 ], [ -9929200.863843318074942, 3545934.17262942623347 ], [ -9929034.66013228520751, 3545990.962541905231774 ], [ -9928948.570608017966151, 3546013.277993756346405 ], [ -9928876.093528024852276, 3546028.080111200455576 ], [ -9928846.059114515781403, 3546000.643451570533216 ], [ -9928837.083012029528618, 3545985.439022665377706 ], [ -9928812.948767883703113, 3545985.319640792440623 ], [ -9928818.774411557242274, 3546027.79667693329975 ], [ -9928785.545163318514824, 3546036.728296104818583 ], [ -9928700.851301982998848, 3546081.789459455292672 ], [ -9928368.55418605171144, 3546171.099533019121736 ], [ -9928169.278981331735849, 3546203.457591525278986 ], [ -9927933.710320118814707, 3546253.822902444750071 ], [ -9927764.555950295180082, 3546295.422243476379663 ], [ -9927640.623166408389807, 3546343.311543273273855 ], [ -9927586.168079378083348, 3546373.357831926085055 ], [ -9927543.826125899329782, 3546394.368870172183961 ], [ -9927525.70968471467495, 3546397.309548196382821 ], [ -9927501.574560621753335, 3546397.18763317912817 ], [ -9927465.357054129242897, 3546400.036759352777153 ], [ -9927423.060142258182168, 3546411.951282684225589 ], [ -9927350.38155603222549, 3546466.161540392786264 ], [ -9927193.046390043571591, 3546556.327932953368872 ], [ -9927041.819148652255535, 3546631.363088540267199 ], [ -9926944.926090966910124, 3546700.60955983446911 ], [ -9926896.580851854756474, 3546715.522828951012343 ], [ -9926706.175792155787349, 3546781.258499989751726 ], [ -9926497.544203292578459, 3546871.155604667030275 ], [ -9926331.270523350685835, 3546937.009952542837709 ], [ -9926261.710000211372972, 3546970.00637118704617 ], [ -9926095.325876427814364, 3547057.083563079126179 ], [ -9925865.47245330363512, 3547165.056104504037648 ], [ -9925750.560122100636363, 3547216.008880855515599 ], [ -9925632.661015355959535, 3547260.88071894319728 ], [ -9925548.089606992900372, 3547278.634355413261801 ], [ -9925463.53362618945539, 3547293.355217576492578 ], [ -9925394.094150919467211, 3547302.089839983731508 ], [ -9925379.149799156934023, 3547274.720923784654588 ], [ -9925340.163075374439359, 3547229.032672705128789 ], [ -9925313.009758725762367, 3547228.890757320448756 ], [ -9925312.758850989863276, 3547277.406336929183453 ], [ -9925339.677129719406366, 3547323.031906916759908 ], [ -9925330.516251616179943, 3547344.210197811480612 ], [ -9924985.734992064535618, 3547503.118235382251441 ], [ -9924813.380242679268122, 3547574.989787241909653 ], [ -9924604.802617285400629, 3547649.699062399566174 ], [ -9924393.157453160732985, 3547733.486272322013974 ], [ -9924293.368279932066798, 3547775.410755649674684 ], [ -9924216.262993356212974, 3547806.841586117632687 ], [ -9924137.68877150863409, 3547830.683197947684675 ], [ -9924110.565997892990708, 3547824.473893172107637 ], [ -9923989.606877772137523, 3547875.380918968003243 ], [ -9923905.02938474342227, 3547893.124142563901842 ], [ -9923805.317525593563914, 3547919.883278806693852 ], [ -9923711.575549321249127, 3547958.803599569015205 ], [ -9923636.080705888569355, 3547970.528819412924349 ], [ -9923590.838716903701425, 3547967.253596759866923 ], [ -9923513.067305862903595, 3547839.472889464348555 ], [ -9923479.926610182970762, 3547830.197509648278356 ], [ -9923446.914770010858774, 3547796.663287094794214 ], [ -9923351.107374640181661, 3547656.656609351281077 ], [ -9923309.125712461769581, 3547607.91222440963611 ], [ -9923300.074397584423423, 3547607.86344987526536 ], [ -9923428.779403148218989, 3547802.630535195115954 ], [ -9923533.752912510186434, 3547921.460219483822584 ], [ -9923515.456524763256311, 3547957.751520137768239 ], [ -9923494.20718134008348, 3547981.897158334497362 ], [ -9923445.802743935957551, 3548005.896674947813153 ], [ -9923388.394787821918726, 3548020.750101924873888 ], [ -9923318.982384795323014, 3548023.408817423973233 ], [ -9923303.944551944732666, 3548014.23042079154402 ], [ -9923267.899388764053583, 3547983.711306510493159 ], [ -9923252.829546941444278, 3547980.597631277050823 ], [ -9923190.163315068930387, 3547849.863390668760985 ], [ -9923205.378870166838169, 3547825.68636508192867 ], [ -9923205.427388057112694, 3547816.589288874994963 ], [ -9923184.517108295112848, 3547777.054496716242284 ], [ -9923178.563676338642836, 3547761.860168885439634 ], [ -9923157.443494163453579, 3547761.746122783049941 ], [ -9923133.079434387385845, 3547804.068526529241353 ], [ -9923139.000571390613914, 3547825.327543415594846 ], [ -9923213.686593625694513, 3547965.223967542871833 ], [ -9923233.031605131924152, 3548015.364245010539889 ], [ -9923141.947803365066648, 3548121.009290013927966 ], [ -9923120.729865429922938, 3548139.089687095023692 ], [ -9923102.626255201175809, 3548138.991837443318218 ], [ -9923090.541058192029595, 3548141.959002919495106 ], [ -9923081.359620215371251, 3548166.169444103725255 ], [ -9923096.348752209916711, 3548184.445596873294562 ], [ -9923072.09711560420692, 3548205.542111485730857 ], [ -9922981.07588467001915, 3548299.058116341475397 ], [ -9922808.390587465837598, 3548428.521859947126359 ], [ -9922632.717000337317586, 3548551.902966905385256 ], [ -9922475.323983198031783, 3548642.023582470603287 ], [ -9922372.504053097218275, 3548683.918955600820482 ], [ -9922345.445885300636292, 3548665.575333303306252 ], [ -9922290.887058116495609, 3548710.766412594821304 ], [ -9921961.134854294359684, 3548866.656231472734362 ], [ -9921767.573577107861638, 3548947.473102983552963 ], [ -9921651.095614479854703, 3549002.93550697946921 ], [ -9921472.617591029033065, 3549083.832001021597534 ], [ -9921221.680932341143489, 3549170.389476750046015 ], [ -9920994.884174002334476, 3549257.077187400776893 ], [ -9920813.531787905842066, 3549310.654818522743881 ], [ -9920698.731465443968773, 3549334.275000679306686 ], [ -9920571.860600491985679, 3549357.826495077926666 ], [ -9920532.632626535370946, 3549357.606448295526206 ], [ -9920457.244522238150239, 3549348.084828807972372 ], [ -9920357.446715231984854, 3549386.950092979241163 ], [ -9920221.336212364956737, 3549443.806986092589796 ], [ -9920027.721557369455695, 3549530.666100026108325 ], [ -9920012.667508512735367, 3549524.515381961129606 ], [ -9919961.18237336166203, 3549557.585481564048678 ], [ -9919809.861430685967207, 3549635.582455518655479 ], [ -9919707.00799005664885, 3549680.491926207672805 ], [ -9919634.433564499020576, 3549707.374901399947703 ], [ -9919567.738792464137077, 3549761.58747614081949 ], [ -9919455.711850687861443, 3549827.673390783835202 ], [ -9919256.016379307955503, 3549920.554584589321166 ], [ -9919098.719970291480422, 3549986.379422086291015 ], [ -9919023.071813208982348, 3550022.341418474912643 ], [ -9918947.52581575140357, 3550040.106116797309369 ], [ -9918874.997699392959476, 3550057.887365483678877 ], [ -9918796.364984547719359, 3550087.765161185059696 ], [ -9918726.767778804525733, 3550120.727313421200961 ], [ -9918696.400785889476538, 3550153.915532635524869 ], [ -9918418.024520453065634, 3550282.728301954921335 ], [ -9918188.957689486443996, 3549705.14487759815529 ], [ -9918276.676827136427164, 3549669.258826800156385 ], [ -9918318.92337866127491, 3549669.503352197352797 ], [ -9918337.11567984893918, 3549654.444308636244386 ], [ -9918325.288046583533287, 3549611.915872220881283 ], [ -9918352.550515398383141, 3549593.876693316269666 ], [ -9918194.025215225294232, 3549347.30112111242488 ], [ -9917963.679514171555638, 3548997.198953111190349 ], [ -9917754.328700106590986, 3548671.485668142326176 ], [ -9917652.753559013828635, 3548495.002368529792875 ], [ -9917622.720168426632881, 3548470.566507743671536 ], [ -9917595.564484134316444, 3548470.407885340042412 ], [ -9917553.181869611144066, 3548494.420813337434083 ], [ -9917513.886390935629606, 3548506.321320929564536 ], [ -9917486.748298641294241, 3548503.130024363752455 ], [ -9917411.016621712595224, 3548554.240631924476475 ], [ -9917350.388641064986587, 3548602.40690620103851 ], [ -9917320.021709969267249, 3548635.587549982126802 ], [ -9917325.950991626828909, 3548653.818000916391611 ], [ -9917430.592432329431176, 3548821.226088481023908 ], [ -9917674.367318289354444, 3549194.156805174425244 ], [ -9918021.383533477783203, 3549720.853153000585735 ], [ -9918039.19327143765986, 3549772.515534153208137 ], [ -9918038.845034278929234, 3549833.171367988921702 ], [ -9918035.61837262660265, 3549869.547337935771793 ], [ -9917924.627409566193819, 3549753.652247446589172 ], [ -9917885.433043045923114, 3549747.358564429916441 ], [ -9917900.259554820135236, 3549792.938005899079144 ], [ -9917866.786164717748761, 3549841.269437775481492 ], [ -9917914.824533941224217, 3549884.00967126339674 ], [ -9917939.105339236557484, 3549859.887620135210454 ], [ -9918017.181483045220375, 3549927.065698667895049 ], [ -9917841.352690445259213, 3550065.557881166692823 ], [ -9917786.841581091284752, 3550098.602762785740197 ], [ -9917750.69878601282835, 3550086.260255276225507 ], [ -9917708.398057959973812, 3550095.112422206439078 ], [ -9917663.272282980382442, 3550070.585352678317577 ], [ -9917564.279284793883562, 3549966.887628984171897 ], [ -9917561.489519596099854, 3549927.443244838621467 ], [ -9917573.683071371167898, 3549906.284109219443053 ], [ -9917406.24340720102191, 3549638.410255169961601 ], [ -9917370.419085264205933, 3549571.477865836117417 ], [ -9917334.577558901160955, 3549507.578321727458388 ], [ -9917289.560725402086973, 3549464.854921900201589 ], [ -9917241.226909963414073, 3549473.66955766454339 ], [ -9917205.086725315079093, 3549461.326100563630462 ], [ -9917130.230191119015217, 3549360.80393670219928 ], [ -9916998.537322089076042, 3549175.030412662308663 ], [ -9916962.59266160801053, 3549129.327613854780793 ], [ -9916929.559636471793056, 3549101.838394842576236 ], [ -9916914.383851543068886, 3549116.912506861612201 ], [ -9917040.092931572347879, 3549293.552476854529232 ], [ -9917061.039020694792271, 3549324.003516783937812 ], [ -9917060.950723504647613, 3549339.16683414997533 ], [ -9917066.809281697496772, 3549369.529162069782615 ], [ -9917063.544470459222794, 3549411.969006477855146 ], [ -9917054.209107825532556, 3549460.438853818923235 ], [ -9917104.97810166887939, 3549551.722181174904108 ], [ -9917113.871780551970005, 3549579.069908194709569 ], [ -9917104.607419840991497, 3549615.409503170289099 ], [ -9917113.483487844467163, 3549645.790224751923233 ], [ -9917152.447707822546363, 3549691.512138918973505 ], [ -9917167.478798147290945, 3549700.699655483942479 ], [ -9917182.566785393282771, 3549700.788326402194798 ], [ -9917236.848758986219764, 3549707.172900514677167 ], [ -9917254.883972117677331, 3549719.41022662864998 ], [ -9917326.743903992697597, 3549816.884145793505013 ], [ -9917362.621685365214944, 3549874.719498745631427 ], [ -9917368.481028812006116, 3549905.082976090256125 ], [ -9917359.234635027125478, 3549938.390829826705158 ], [ -9917316.72315132804215, 3549983.635484582744539 ], [ -9917283.264510713517666, 3550028.933165437541902 ], [ -9917283.158879673108459, 3550047.130280974321067 ], [ -9917298.141701508313417, 3550065.41584504256025 ], [ -9917313.283180585131049, 3550056.405911247245967 ], [ -9917325.248299138620496, 3550074.673753472976387 ], [ -9917352.355060610920191, 3550083.931610981933773 ], [ -9917458.414224253967404, 3550008.729237174149603 ], [ -9917485.468183401972055, 3550027.085305716842413 ], [ -9917500.240809503942728, 3550081.764801701996475 ], [ -9917503.118178064003587, 3550106.045355516020209 ], [ -9917493.977207077667117, 3550121.156700029037893 ], [ -9917466.659636054188013, 3550148.293508374597877 ], [ -9917459.166753513738513, 3550399.988689097575843 ], [ -9917458.481984712183475, 3550518.273523679934442 ], [ -9917440.216906836256385, 3550545.464227590244263 ], [ -9917261.76003323122859, 3550614.17845493555069 ], [ -9917116.533133711665869, 3550677.019706333521754 ], [ -9917101.443960068747401, 3550676.930929828900844 ], [ -9917035.492621412500739, 3550600.715561403427273 ], [ -9917037.347085470333695, 3550282.257298437412828 ], [ -9917176.957416800782084, 3550146.594212468247861 ], [ -9917177.68028031475842, 3550022.247218644246459 ], [ -9917175.297306198626757, 3549913.047763236798346 ], [ -9917163.420658059418201, 3549879.61597139807418 ], [ -9917088.491184584796429, 3549791.2213852442801 ], [ -9917046.579691328108311, 3549733.349996449891478 ], [ -9917031.491795793175697, 3549733.261161139700562 ], [ -9917019.35064646974206, 3549745.321122051682323 ], [ -9917019.244606625288725, 3549763.517708236817271 ], [ -9917043.120572065934539, 3549809.151619978249073 ], [ -9917094.120284892618656, 3549861.011051103938371 ], [ -9917121.014467084780335, 3549906.662923650350422 ], [ -9917123.820436641573906, 3549943.074453576467931 ], [ -9917105.414386428892612, 3549994.525878353044391 ], [ -9917073.4901158567518, 3550035.282775140367448 ], [ -9916961.145705800503492, 3550152.906425883993506 ], [ -9916864.065138733014464, 3550240.290212268009782 ], [ -9916851.852415975183249, 3550264.482067747507244 ], [ -9916912.101180262863636, 3550283.035610598977655 ], [ -9916984.421279896050692, 3550301.660032510291785 ], [ -9916993.17414796166122, 3550353.272859007585794 ], [ -9916974.378159476444125, 3550471.45039542298764 ], [ -9916937.651674166321754, 3550559.192521744407713 ], [ -9916900.995484793558717, 3550634.803236717358232 ], [ -9916827.982929142192006, 3550734.464393173810095 ], [ -9916721.719420973211527, 3550843.028744127601385 ], [ -9916636.86362074688077, 3550903.189312437083572 ], [ -9916549.042444076389074, 3550954.232592870946974 ], [ -9916455.13154273852706, 3551014.338847490958869 ], [ -9916355.237327603623271, 3551065.309383080340922 ], [ -9916213.091270573437214, 3551116.02783486014232 ], [ -9916131.428334277123213, 3551145.873200290836394 ], [ -9916122.374358631670475, 3551145.819209550507367 ], [ -9916110.356258176267147, 3551136.647891358472407 ], [ -9916089.177156183868647, 3551145.621191340498626 ], [ -9915943.939771130681038, 3551208.451358245220035 ], [ -9915841.078201368451118, 3551250.300902311690152 ], [ -9915729.223452482372522, 3551282.997095239814371 ], [ -9915611.342709874734282, 3551312.622199471574277 ], [ -9915578.036704318597913, 3551330.621444136369973 ], [ -9915457.083135528489947, 3551369.326519729569554 ], [ -9915426.867213126271963, 3551375.211154319345951 ], [ -9915421.011719029396772, 3551344.843356823548675 ], [ -9915378.651604596525431, 3551362.787774119991809 ], [ -9915284.76876313611865, 3551416.820511186029762 ], [ -9915145.578583000227809, 3551476.645665742456913 ], [ -9915118.416502481326461, 3551476.481508605182171 ], [ -9915094.236115738749504, 3551482.401979537215084 ], [ -9915003.387273073196411, 3551533.418074592482299 ], [ -9914906.610662655904889, 3551566.198132968973368 ], [ -9914882.466358745470643, 3551566.051750759128481 ], [ -9914743.254534468054771, 3551628.906229086220264 ], [ -9914667.639237144961953, 3551655.746454753447324 ], [ -9914649.531088477000594, 3551655.636323129758239 ], [ -9914628.550509966909885, 3551631.242114674299955 ], [ -9914531.735657079145312, 3551670.085878494661301 ], [ -9914419.811579430475831, 3551711.870087927207351 ], [ -9914320.050594300031662, 3551738.561019660439342 ], [ -9914208.326954703778028, 3551746.978025110904127 ], [ -9914111.71169444732368, 3551752.453204270452261 ], [ -9913954.753427565097809, 3551754.524093494750559 ], [ -9913847.584498448297381, 3551758.415721440222114 ], [ -9913753.95034659281373, 3551769.973121559247375 ], [ -9913630.135301351547241, 3551781.343812968116254 ], [ -9913539.518845457583666, 3551792.918340482749045 ], [ -9913500.209709385409951, 3551804.809027224313468 ], [ -9913476.176086494699121, 3551786.460567363072187 ], [ -9913436.866968372836709, 3551798.351048216223717 ], [ -9913394.484021794050932, 3551819.322494991123676 ], [ -9913276.418810874223709, 3551879.260840499773622 ], [ -9913134.084066709503531, 3551957.246324984822422 ], [ -9912973.768960442394018, 3552013.884927449282259 ], [ -9912849.726300267502666, 3552061.647399899549782 ], [ -9912740.885846374556422, 3552091.303064038977027 ], [ -9912613.898341026157141, 3552126.911424930207431 ], [ -9912544.349239466711879, 3552147.710708381142467 ], [ -9912462.839831680059433, 3552150.234256385825574 ], [ -9912420.585392629727721, 3552149.969700172543526 ], [ -9912384.648968042805791, 3552104.243235651403666 ], [ -9912339.602038193494081, 3552067.559973468072712 ], [ -9912337.110155303031206, 3551982.609269203152508 ], [ -9912331.186810202896595, 3551964.371883132960647 ], [ -9912316.096147378906608, 3551964.277263103984296 ], [ -9912307.023039890453219, 3551967.253679414279759 ], [ -9912309.251225054264069, 3552094.67032960196957 ], [ -9912245.568850703537464, 3552142.80544468248263 ], [ -9912154.684427397325635, 3552196.836465654429048 ], [ -9912101.668083949014544, 3552228.354302048217505 ], [ -9911989.617099110037088, 3552288.318199658766389 ], [ -9911892.826499482616782, 3552321.076305867172778 ], [ -9911774.907907355576754, 3552353.700330841355026 ], [ -9911651.046923279762268, 3552371.118446259293705 ], [ -9911563.404546320438385, 3552388.764617062173784 ], [ -9911397.268716285005212, 3552408.945904387626797 ], [ -9911364.068185165524483, 3552408.735192018561065 ], [ -9911345.901600336655974, 3552417.720340315252542 ], [ -9911291.516244318336248, 3552426.475392018910497 ], [ -9911221.944136094301939, 3552450.301104867365211 ], [ -9911182.668876158073545, 3552456.118239453062415 ], [ -9911131.358818689361215, 3552455.791666179895401 ], [ -9911055.864433534443378, 3552461.377750787418336 ], [ -9910998.364897830411792, 3552485.279080986976624 ], [ -9910904.588503774255514, 3552518.049273898825049 ], [ -9910801.775970129296184, 3552547.727503516245633 ], [ -9910714.111911360174417, 3552568.401205912232399 ], [ -9910599.110131332650781, 3552616.201058774255216 ], [ -9910553.778422387316823, 3552625.010909619275481 ], [ -9910511.445507394149899, 3552636.873543336056173 ], [ -9910496.35383478552103, 3552636.776692447718233 ], [ -9910484.299980752170086, 3552633.665741647593677 ], [ -9910463.499435603618622, 3552581.962363717146218 ], [ -9910454.502240756526589, 3552572.804006208200008 ], [ -9910430.182798845693469, 3552599.949479616247118 ], [ -9910415.052874425426126, 3552605.919316074810922 ], [ -9910399.807317268103361, 3552630.089627563487738 ], [ -9910384.638795347884297, 3552642.126239439938217 ], [ -9910375.487645164132118, 3552657.234992583282292 ], [ -9910254.370103485882282, 3552717.126800185069442 ], [ -9910172.65381034463644, 3552749.966447522398084 ], [ -9910100.098272537812591, 3552767.700085044838488 ], [ -9910044.172366632148623, 3552780.990195215214044 ], [ -9909983.747852452099323, 3552789.700883952900767 ], [ -9909917.267249558120966, 3552801.405522439163178 ], [ -9909896.1390061378479, 3552801.268920621834695 ], [ -9909871.837189383804798, 3552825.38024651678279 ], [ -9909820.428668698295951, 3552840.215510153211653 ], [ -9909778.133214816451073, 3552846.00894601456821 ], [ -9909744.814910631626844, 3552863.994569597300142 ], [ -9909711.535508919507265, 3552875.913229040801525 ], [ -9909684.331601107493043, 3552881.804045586846769 ], [ -9909672.238832239061594, 3552884.759277287870646 ], [ -9909654.109279491007328, 3552887.675230500753969 ], [ -9909608.6785400621593, 3552911.649272039998323 ], [ -9909575.437836077064276, 3552917.500694152899086 ], [ -9909539.159223802387714, 3552926.365946737583727 ], [ -9909481.654520368203521, 3552950.261059778742492 ], [ -9909439.300047839060426, 3552965.153746461030096 ], [ -9909381.795219315215945, 3552989.048589687328786 ], [ -9909315.293534558266401, 3553003.783749592490494 ], [ -9909263.903107516467571, 3553015.583390607032925 ], [ -9909239.756236352026463, 3553015.426014231517911 ], [ -9909230.779327826574445, 3553003.233074598480016 ], [ -9909146.088831247761846, 3553029.983204232528806 ], [ -9909103.753187773749232, 3553041.841302595101297 ], [ -9909025.138599405065179, 3553062.563247698359191 ], [ -9908979.7451933901757, 3553080.4682153952308 ], [ -9908943.48523817025125, 3553086.298301397822797 ], [ -9908886.077046493068337, 3553095.02354013454169 ], [ -9908819.554740024730563, 3553112.789636625442654 ], [ -9908765.086115350946784, 3553133.668127990793437 ], [ -9908722.808948043733835, 3553136.424576848745346 ], [ -9908692.585616862401366, 3553142.293561557307839 ], [ -9908671.358283644542098, 3553157.322378295939416 ], [ -9908574.552748091518879, 3553190.056860953569412 ], [ -9908474.728264221921563, 3553222.770701314788312 ], [ -9908364.388084860518575, 3553247.83049796288833 ], [ -9908273.617500331252813, 3553280.602694313973188 ], [ -9908231.300177378579974, 3553289.424594698939472 ], [ -9908228.420300772413611, 3553268.16987160872668 ], [ -9908101.309573292732239, 3553318.903009583242238 ], [ -9908022.65171979740262, 3553345.686083134263754 ], [ -9907968.24045092612505, 3553357.460872892290354 ], [ -9907925.902820387855172, 3553369.315287739504129 ], [ -9907883.505464756861329, 3553390.270304019097239 ], [ -9907829.133571913465858, 3553395.977287196088582 ], [ -9907795.930696276947856, 3553395.757088704500347 ], [ -9907765.786027245223522, 3553389.489713611546904 ], [ -9907687.147025933489203, 3553413.237314057536423 ], [ -9907614.56458592787385, 3553433.990967908874154 ], [ -9907575.324745757505298, 3553433.730053566396236 ], [ -9907545.180116087198257, 3553427.462015549652278 ], [ -9907451.468321688473225, 3553448.074154299683869 ], [ -9907378.985368572175503, 3553453.65857282653451 ], [ -9907288.4115897603333, 3553456.088212922681123 ], [ -9907208.392362181097269, 3553460.104533765465021 ], [ -9907060.38768532499671, 3553474.283601223025471 ], [ -9906972.852391488850117, 3553473.697542171459645 ], [ -9906906.446373231709003, 3553473.252541139256209 ], [ -9906852.194742169231176, 3553460.753848331980407 ], [ -9906809.855853823944926, 3553472.6046436377801 ], [ -9906722.119019355624914, 3553502.352712030988187 ], [ -9906637.400310659781098, 3553532.120414705947042 ], [ -9906534.671360090374947, 3553546.597785319201648 ], [ -9906422.765519758686423, 3553579.214872551616281 ], [ -9906353.360860295593739, 3553575.713058413006365 ], [ -9906332.292197369039059, 3553566.469627007376403 ], [ -9906293.214133208617568, 3553541.93589368276298 ], [ -9906266.027691377326846, 3553544.786066638305783 ], [ -9906256.891162391752005, 3553556.859243355691433 ], [ -9906235.579480824992061, 3553584.018986190203577 ], [ -9906196.237799517810345, 3553598.921691928990185 ], [ -9906090.469210103154182, 3553616.408751916140318 ], [ -9905966.548703892156482, 3553639.839398803189397 ], [ -9905903.140284297987819, 3553642.443100976292044 ], [ -9905797.513602690771222, 3553638.692435384262353 ], [ -9905752.195521865040064, 3553644.451920728199184 ], [ -9905667.51465799100697, 3553668.146266798023134 ], [ -9905570.800439538434148, 3553685.690632054116577 ], [ -9905534.619541404768825, 3553679.376560670789331 ], [ -9905516.610800905153155, 3553664.08516259258613 ], [ -9905454.700938006862998, 3553668.213844242040068 ], [ -9905321.805602930486202, 3553679.44189060293138 ], [ -9905270.470894550904632, 3553682.124987608753145 ], [ -9905185.912080865353346, 3553687.614221426192671 ], [ -9905116.40469211153686, 3553699.273687610402703 ], [ -9905083.077998070046306, 3553717.24814523011446 ], [ -9904986.362654002383351, 3553734.787953024264425 ], [ -9904901.803673507645726, 3553740.275413903407753 ], [ -9904823.198909472674131, 3553757.938281340524554 ], [ -9904741.554985765367746, 3553778.613615074194968 ], [ -9904690.219845457002521, 3553781.294360126368701 ], [ -9904647.846825193613768, 3553799.20522652566433 ], [ -9904626.65527069568634, 3553808.160732659511268 ], [ -9904563.163150813430548, 3553822.89238416403532 ], [ -9904409.032408958300948, 3553849.133574644103646 ], [ -9904206.521825740113854, 3553887.173483360558748 ], [ -9904130.975411430001259, 3553898.785891472827643 ], [ -9903989.042027739807963, 3553906.903714082203805 ], [ -9903874.29610488563776, 3553912.174809592310339 ], [ -9903823.001758938655257, 3553908.784721079748124 ], [ -9903756.635647213086486, 3553902.255643094424158 ], [ -9903756.614597249776125, 3553905.289355893619359 ], [ -9903608.622859785333276, 3553916.39450701046735 ], [ -9903463.796070855110884, 3553906.283452546689659 ], [ -9903468.720384433865547, 3553630.244211134500802 ], [ -9903370.400015773251653, 3553661.412198856007308 ], [ -9903358.221210001036525, 3553676.495900381356478 ], [ -9903362.455058934167027, 3553937.431013462133706 ], [ -9903202.472541708499193, 3553936.312415821477771 ], [ -9903201.008564250543714, 3553711.801793902181089 ], [ -9903210.568116776645184, 3553639.058607986662537 ], [ -9903301.268931977450848, 3553618.456747051794082 ], [ -9903370.777371918782592, 3553606.807502501644194 ], [ -9903431.251353183761239, 3553592.061046409420669 ], [ -9903437.832764988765121, 3553513.230162253603339 ], [ -9903438.021288128569722, 3553485.928042834158987 ], [ -9903422.992091385647655, 3553476.722053775563836 ], [ -9903181.49690761230886, 3553478.067835018504411 ], [ -9903169.381212051957846, 3553484.050362769514322 ], [ -9903157.181330930441618, 3553502.167210512794554 ], [ -9903154.449223190546036, 3553896.536646327469498 ], [ -9903142.375151051208377, 3553896.45209688693285 ], [ -9902927.785707721486688, 3553934.387072807177901 ], [ -9902816.01555566303432, 3553945.737161664292216 ], [ -9902698.14484734646976, 3553966.144832861609757 ], [ -9902619.620467495173216, 3553971.65952839422971 ], [ -9902559.313040621578693, 3553962.133047826588154 ], [ -9902517.22285414673388, 3553937.565691148396581 ], [ -9902472.13543407805264, 3553909.943356079980731 ], [ -9902454.130133785307407, 3553894.64737411448732 ], [ -9902445.074647268280387, 3553894.583460699301213 ], [ -9902441.6537163592875, 3553952.201705298386514 ], [ -9902366.232627175748348, 3553945.601373957935721 ], [ -9902362.895917417481542, 3553991.085147318895906 ], [ -9902293.384455841034651, 3554002.729168070945889 ], [ -9902300.291826896369457, 3553878.391688339412212 ], [ -9902318.72104350477457, 3553833.015027863439173 ], [ -9902312.853679776191711, 3553808.703231576364487 ], [ -9902294.827725704759359, 3553796.440714155323803 ], [ -9902276.674207216128707, 3553802.380012340843678 ], [ -9902264.345471082255244, 3553838.698128187097609 ], [ -9902263.942079907283187, 3553896.337399710901082 ], [ -9902257.820002164691687, 3553908.429279030300677 ], [ -9902230.610806645825505, 3553914.304505211301148 ], [ -9902071.829456692561507, 3553957.170290499925613 ], [ -9901975.129815023392439, 3553971.653612632770091 ], [ -9901842.164761012420058, 3553991.946174926590174 ], [ -9901739.534200895577669, 3553991.216432103421539 ], [ -9901564.394504262134433, 3553999.070728611666709 ], [ -9901392.25166336260736, 3554009.977722980547696 ], [ -9901301.566507574170828, 3554027.532639684155583 ], [ -9901198.892871610820293, 3554032.865943364799023 ], [ -9901096.261948119848967, 3554032.130953721236438 ], [ -9900996.563733365386724, 3554043.551461082417518 ], [ -9900887.766445459797978, 3554060.973492920398712 ], [ -9900769.934696966782212, 3554075.295868179295212 ], [ -9900618.898648645728827, 3554089.378011277876794 ], [ -9900431.661030828952789, 3554100.163195785135031 ], [ -9900268.636949816718698, 3554102.019268934614956 ], [ -9900135.906999425962567, 3554088.923303773161024 ], [ -9900055.904071010649204, 3554089.860630063805729 ], [ -9899974.337637353688478, 3554098.370720584411174 ], [ -9899886.668459206819534, 3554115.937545681372285 ], [ -9899796.133314445614815, 3554112.245892242994159 ], [ -9899753.917072400450706, 3554105.871286917943507 ], [ -9899723.840614978224039, 3554090.48330189473927 ], [ -9899675.434408035129309, 3554105.30030662426725 ], [ -9899639.146163625642657, 3554114.137704357970506 ], [ -9899554.407399600371718, 3554143.858825219795108 ], [ -9899515.078328032046556, 3554155.707634037360549 ], [ -9899472.883993871510029, 3554146.298321430105716 ], [ -9899430.514419794082642, 3554161.158477517776191 ], [ -9899342.888065388426185, 3554172.654085128102452 ], [ -9899267.379749311134219, 3554178.169985755346715 ], [ -9899134.386312425136566, 3554201.467942958697677 ], [ -9898992.363703081384301, 3554218.632730475161225 ], [ -9898841.368115074932575, 3554226.626245252788067 ], [ -9898738.603913655504584, 3554244.07433469267562 ], [ -9898602.612789554521441, 3554264.310654685366899 ], [ -9898554.337365455925465, 3554260.921250298153609 ], [ -9898539.332915125414729, 3554248.675102055072784 ], [ -9898518.202696489170194, 3554248.519374849740416 ], [ -9898484.97626568749547, 3554251.308352981228381 ], [ -9898435.069734511896968, 3554264.592709289863706 ], [ -9898368.572080779820681, 3554276.237554050516337 ], [ -9898323.271008335053921, 3554278.936957479454577 ], [ -9898275.017979213967919, 3554272.512588660232723 ], [ -9898244.809875074774027, 3554275.323238148353994 ], [ -9898175.271314401179552, 3554289.978397073689848 ], [ -9898066.602178663015366, 3554289.173967549111694 ], [ -9897994.156050119549036, 3554288.637156431097537 ], [ -9897903.687497712671757, 3554275.830724463332444 ], [ -9897852.349401835352182, 3554278.483507412485778 ], [ -9897791.977592129260302, 3554278.035160444676876 ], [ -9897722.483294475823641, 3554286.620379349216819 ], [ -9897689.345929313451052, 3554277.272304972168058 ], [ -9897598.811075706034899, 3554273.56485441327095 ], [ -9897538.439373880624771, 3554273.115284831728786 ], [ -9897342.254760345444083, 3554268.618419568985701 ], [ -9897239.600637638941407, 3554270.885633238125592 ], [ -9897106.738837711513042, 3554275.959637007210404 ], [ -9897034.315656449645758, 3554272.383630996569991 ], [ -9896967.974782288074493, 3554262.784945245366544 ], [ -9896817.15921813249588, 3554246.484468979761004 ], [ -9896741.717325683683157, 3554242.883885394781828 ], [ -9896666.298656450584531, 3554236.249459276441485 ], [ -9896581.824414765462279, 3554229.546203769277781 ], [ -9896488.36248424090445, 3554213.673182941507548 ], [ -9896394.787620374932885, 3554212.967941221315414 ], [ -9896307.227210346609354, 3554215.341304923873395 ], [ -9896198.401006456464529, 3554235.756511254236102 ], [ -9896150.081621963530779, 3554238.425108397845179 ], [ -9896129.042520960792899, 3554226.130615434143692 ], [ -9896101.94392591714859, 3554216.824177940841764 ], [ -9896068.717323495075107, 3554219.606607304420322 ], [ -9896044.500673754140735, 3554228.524966871365905 ], [ -9895993.117371123284101, 3554237.237477287184447 ], [ -9895962.932045463472605, 3554237.008861913811415 ], [ -9895926.800561975687742, 3554224.599700121209025 ], [ -9895878.617704287171364, 3554209.065175913274288 ], [ -9895818.315571345388889, 3554199.506241816096008 ], [ -9895715.75371921621263, 3554189.626268644817173 ], [ -9895667.503087988123298, 3554183.192045997828245 ], [ -9895655.588763101026416, 3554161.864458368625492 ], [ -9895652.844026554375887, 3554125.437610860448331 ], [ -9895647.012292832136154, 3554098.088809358421713 ], [ -9895637.956869727000594, 3554098.019985322374851 ], [ -9895619.845791021361947, 3554097.882315828930587 ], [ -9895586.619590578600764, 3554100.663444959558547 ], [ -9895562.517324885353446, 3554094.412487155757844 ], [ -9895517.42259113304317, 3554069.798728432506323 ], [ -9895490.279026417061687, 3554066.55837441328913 ], [ -9895411.775238212198019, 3554068.994279080070555 ], [ -9895227.693309243768454, 3554061.522754963021725 ], [ -9895150.664340384304523, 3554068.519033261574805 ], [ -9895135.503176610916853, 3554077.504701818339527 ], [ -9895075.179252088069916, 3554070.975955577101558 ], [ -9895030.131703197956085, 3554040.293313109315932 ], [ -9895024.691736593842506, 3553961.372927379328758 ], [ -9894976.396394150331616, 3553961.003417710773647 ], [ -9894912.893896382302046, 3553975.686275872867554 ], [ -9894852.501471715047956, 3553978.257434999104589 ], [ -9894851.972373994067311, 3554048.030734844505787 ], [ -9894725.219514893367887, 3554044.024966472294182 ], [ -9894719.827583784237504, 3553959.037296384572983 ], [ -9894602.176993092522025, 3553949.032567107584327 ], [ -9894610.448275458067656, 3554052.245200508274138 ], [ -9894480.653853300958872, 3554051.247409127652645 ], [ -9894466.600826699286699, 3553914.618636979721487 ], [ -9894442.453134212642908, 3553914.432837481610477 ], [ -9894438.603220794349909, 3554023.619569764938205 ], [ -9894350.605098890140653, 3554083.61835108930245 ], [ -9894271.893291546031833, 3554113.350080017466098 ], [ -9894205.324331989511847, 3554134.073467233218253 ], [ -9894162.995979607105255, 3554142.84838802088052 ], [ -9894108.616836113855243, 3554148.496288103517145 ], [ -9894060.344339165836573, 3554145.089591353200376 ], [ -9894042.302956964820623, 3554135.84858964709565 ], [ -9894033.293761366978288, 3554129.711375879123807 ], [ -9894021.266276892274618, 3554123.550712514203042 ], [ -9894006.127422524616122, 3554129.501397668849677 ], [ -9894003.062462406232953, 3554135.545294898096472 ], [ -9893990.919139944016933, 3554144.553010501898825 ], [ -9893954.65071596391499, 3554150.340140963438898 ], [ -9893912.900799605995417, 3554149.551663936115801 ], [ -9893814.088323310017586, 3554136.952608019579202 ], [ -9893762.318294888362288, 3554131.817900434136391 ], [ -9893731.814473083242774, 3554117.380657017230988 ], [ -9893670.588903224095702, 3554116.905875553376973 ], [ -9893559.87554844468832, 3554120.780178685672581 ], [ -9893531.690389409661293, 3554111.094068095553666 ], [ -9893458.867962300777435, 3554091.595650458242744 ], [ -9893421.336437312886119, 3554072.36948536708951 ], [ -9893393.260788457468152, 3554048.483132518362254 ], [ -9893369.694380654022098, 3554050.666532943956554 ], [ -9893350.691847641021013, 3554071.819909628015012 ], [ -9893317.651330936700106, 3554081.029816195834428 ], [ -9893291.748307969421148, 3554080.828139793127775 ], [ -9893237.806381182745099, 3554052.006505359429866 ], [ -9893148.359783504158258, 3554046.575737909879535 ], [ -9893037.756441174075007, 3554036.245539376046509 ], [ -9892955.411023400723934, 3554026.135297812521458 ], [ -9892884.839699283242226, 3554016.116505138110369 ], [ -9892833.143749935552478, 3554001.511536367237568 ], [ -9892805.004140326753259, 3553985.908025772310793 ], [ -9892725.23401759378612, 3553947.415159539319575 ], [ -9892661.856180148199201, 3553920.884178504347801 ], [ -9892603.261626994237304, 3553884.923415171913803 ], [ -9892499.577127426862717, 3553893.57711296249181 ], [ -9892500.202200135216117, 3553813.112289900891483 ], [ -9892471.999968726187944, 3553805.79063710803166 ], [ -9892443.448220297694206, 3553843.434500824194402 ], [ -9892440.596754195168614, 3553907.314602217637002 ], [ -9892416.975168621167541, 3553916.596157596912235 ], [ -9892426.008015841245651, 3553966.369381102733314 ], [ -9892472.957119220867753, 3553985.672335061244667 ], [ -9892467.678403845056891, 3554059.000504880677909 ], [ -9892342.872467536479235, 3554058.020001459866762 ], [ -9892348.943734077736735, 3553882.926858433056623 ], [ -9892349.146275550127029, 3553856.894076969008893 ], [ -9892318.69969367235899, 3553835.353975350037217 ], [ -9892307.073103077709675, 3553816.32850022893399 ], [ -9892307.533600743860006, 3553757.16349686216563 ], [ -9892284.041109547019005, 3553749.878540338482708 ], [ -9892269.562312968075275, 3553794.732749091461301 ], [ -9892264.429006297141314, 3553849.127661854494363 ], [ -9892235.968725336715579, 3553874.938035790808499 ], [ -9892214.683289799839258, 3553886.604331062640995 ], [ -9892204.950639275833964, 3553926.762722758576274 ], [ -9892141.333999756723642, 3553930.995298324618489 ], [ -9892130.974603235721588, 3554051.618917974177748 ], [ -9892105.071493424475193, 3554051.414834837429225 ], [ -9892100.786446154117584, 3553996.944968438707292 ], [ -9892110.998314311727881, 3553895.254851559177041 ], [ -9892130.740985542535782, 3553779.43943626107648 ], [ -9892121.524802334606647, 3553753.332666499074548 ], [ -9892076.913396675139666, 3553736.413964484352618 ], [ -9892046.264370530843735, 3553740.905810529831797 ], [ -9892045.913466030731797, 3553785.871158721391112 ], [ -9892043.244663638994098, 3553826.084805375896394 ], [ -9892059.469742126762867, 3553859.347284792456776 ], [ -9892068.390325803309679, 3553923.320219024084508 ], [ -9892070.301902383565903, 3553980.137849038466811 ], [ -9892046.698379974812269, 3553987.052134389523417 ], [ -9892016.067202683538198, 3553989.177358936518431 ], [ -9892011.837975112721324, 3553927.607828926760703 ], [ -9891993.295147182419896, 3553889.593316257465631 ], [ -9891974.770999034866691, 3553849.212240729480982 ], [ -9891977.569310028105974, 3553792.432332898955792 ], [ -9891956.727496143430471, 3553747.299786787014455 ], [ -9891949.755577135831118, 3553735.411074686329812 ], [ -9891865.002289842814207, 3553732.375192551873624 ], [ -9891864.706249197944999, 3553770.240641453769058 ], [ -9891862.184899758547544, 3553791.521444825455546 ], [ -9891845.590369170531631, 3553805.590838407631963 ], [ -9891826.752032170072198, 3553805.441997017711401 ], [ -9891810.379599839448929, 3553791.11213299119845 ], [ -9891805.818154621869326, 3553772.142145241610706 ], [ -9891817.703143570572138, 3553758.035578294191509 ], [ -9891829.625122286379337, 3553739.195895300246775 ], [ -9891827.399874130263925, 3553722.61117590079084 ], [ -9891818.110389776527882, 3553705.970655334647745 ], [ -9891792.226382199674845, 3553703.399362309835851 ], [ -9891784.97696921043098, 3553727.009393452201039 ], [ -9891766.046140493825078, 3553738.69336962653324 ], [ -9891707.10264596156776, 3553747.694161597639322 ], [ -9891549.144842071458697, 3553770.112248543184251 ], [ -9891525.448637627065182, 3553788.858401293400675 ], [ -9891499.137332228943706, 3553840.718374299351126 ], [ -9891494.260681400075555, 3553861.980463055893779 ], [ -9891510.409905575215816, 3553904.710284658707678 ], [ -9891549.921953272074461, 3553971.293075109366328 ], [ -9891552.146681254729629, 3553987.878119367174804 ], [ -9891540.353987140581012, 3553990.151445598807186 ], [ -9891514.395924095064402, 3553997.046047940384597 ], [ -9891511.743906822055578, 3554034.893602719996125 ], [ -9891530.471099035814404, 3554049.242837795522064 ], [ -9891561.158350246027112, 3554040.018770417198539 ], [ -9891575.305779576301575, 3554037.764110108837485 ], [ -9891591.511338597163558, 3554073.394332556053996 ], [ -9891612.185364367440343, 3554139.828556186985224 ], [ -9891600.002832785248756, 3554191.802126185502857 ], [ -9891580.941075198352337, 3554220.052928703837097 ], [ -9891538.126394944265485, 3554274.150761415250599 ], [ -9891530.857541980221868, 3554300.128420410677791 ], [ -9891544.838148836046457, 3554319.173979128245264 ], [ -9891573.393898630514741, 3554281.530730719678104 ], [ -9891594.717798667028546, 3554265.131801284383982 ], [ -9891599.390418827533722, 3554269.90255276625976 ], [ -9891592.121604358777404, 3554295.880149249453098 ], [ -9891575.451802663505077, 3554319.416533851996064 ], [ -9891560.960573988035321, 3554365.455222310964018 ], [ -9891562.944357166066766, 3554412.808001913130283 ], [ -9891588.699673781171441, 3554431.94696167204529 ], [ -9891640.025187324732542, 3554493.891993517056108 ], [ -9891684.548517353832722, 3554522.644973368849605 ], [ -9891719.687011560425162, 3554546.591777495108545 ], [ -9891764.134139996021986, 3554584.813481986522675 ], [ -9891782.56593463756144, 3554637.030911341309547 ], [ -9891798.735687516629696, 3554677.396180788055062 ], [ -9891817.464103508740664, 3554691.745667778886855 ], [ -9891841.069215998053551, 3554684.831438914872706 ], [ -9891850.489087542518973, 3554684.905862763524055 ], [ -9891885.776376591995358, 3554689.918449566699564 ], [ -9891885.998496094718575, 3554661.517248382326216 ], [ -9891897.791658874601126, 3554659.243481387849897 ], [ -9891902.334977218881249, 3554680.581553172785789 ], [ -9891911.680730452761054, 3554690.12300576409325 ], [ -9891942.295153951272368, 3554690.364687896799296 ], [ -9891963.360233256593347, 3554707.099328432232141 ], [ -9891958.576350204646587, 3554716.529254250694066 ], [ -9891925.662471095100045, 3554709.16864011157304 ], [ -9891909.177784273400903, 3554709.038490822538733 ], [ -9891908.992722228169441, 3554732.706220189575106 ], [ -9891911.16256864182651, 3554756.392587285023183 ], [ -9891920.341928835958242, 3554787.235059003345668 ], [ -9891948.416578330099583, 3554811.126015457790345 ], [ -9891974.136309366673231, 3554834.998373920097947 ], [ -9891999.837731394916773, 3554861.237471958156675 ], [ -9892025.649989137426019, 3554873.275809590704739 ], [ -9892041.950044633820653, 3554897.073854771908373 ], [ -9892041.746721886098385, 3554923.108694757800549 ], [ -9892084.081238916143775, 3554930.543356076348573 ], [ -9892182.880238825455308, 3554945.523459624964744 ], [ -9892194.562952490523458, 3554957.450265187770128 ], [ -9892185.124527521431446, 3554959.742945119272918 ], [ -9892116.903306275606155, 3554949.737640900537372 ], [ -9892048.663864938542247, 3554942.098926945589483 ], [ -9892022.795898508280516, 3554937.16093224985525 ], [ -9891886.261527087539434, 3554928.982519261073321 ], [ -9891824.957498593255877, 3554937.965993699617684 ], [ -9891813.20120077393949, 3554935.506085907574743 ], [ -9891798.9968551248312, 3554944.86170452972874 ], [ -9891780.119836429134011, 3554949.446374992374331 ], [ -9891758.776535047218204, 3554968.213331890758127 ], [ -9891753.695853056386113, 3555015.512438328936696 ], [ -9891750.803136786445975, 3555084.131931640673429 ], [ -9891730.924448678269982, 3555216.52644504699856 ], [ -9891719.167725788429379, 3555214.066390509717166 ], [ -9891714.420446749776602, 3555218.762833739165217 ], [ -9891707.077093794941902, 3555254.209940891247243 ], [ -9891704.480823798105121, 3555284.960676403250545 ], [ -9891709.0424391515553, 3555303.932986164465547 ], [ -9891718.462867684662342, 3555304.007521367631853 ], [ -9891718.351570894941688, 3555318.2086605518125 ], [ -9891703.460417365655303, 3555415.139429829083383 ], [ -9891695.857469011098146, 3555483.723725599236786 ], [ -9891685.750241531059146, 3555571.225217497441918 ], [ -9891685.601767038926482, 3555590.16068025585264 ], [ -9891687.919810216873884, 3555594.913076285272837 ], [ -9891706.705249793827534, 3555602.163004892878234 ], [ -9891706.612471021711826, 3555613.997683628462255 ], [ -9891711.192732077091932, 3555630.603506076149642 ], [ -9891722.838515238836408, 3555647.265253800433129 ], [ -9891727.418988823890686, 3555663.871115948539227 ], [ -9891715.569084167480469, 3555673.245694974437356 ], [ -9891708.429332101717591, 3555682.657635026611388 ], [ -9891722.467443082481623, 3555694.604203086346388 ], [ -9891736.375535570085049, 3555723.119345758575946 ], [ -9891741.011883366852999, 3555732.624406883493066 ], [ -9891677.2371347527951, 3555755.790716782212257 ], [ -9891681.789735306054354, 3555775.947308499366045 ], [ -9891704.840140875428915, 3555840.041955241002142 ], [ -9891749.087533123791218, 3555904.304494884330779 ], [ -9891835.691657029092312, 3555973.636447985190898 ], [ -9891873.189300421625376, 3555997.604215872474015 ], [ -9891892.012367596849799, 3556000.120210280641913 ], [ -9891911.020671376958489, 3555978.96582275768742 ], [ -9891937.094400376081467, 3555957.867506486363709 ], [ -9891977.225144907832146, 3555946.348580550402403 ], [ -9892007.805487668141723, 3555951.324186007492244 ], [ -9892028.965225907042623, 3555956.225406415760517 ], [ -9892066.537396475672722, 3555970.724641694687307 ], [ -9892120.5773073900491, 3555987.720734263304621 ], [ -9892181.62762457691133, 3556011.873340229969472 ], [ -9892237.94903383590281, 3556038.355608469806612 ], [ -9892263.763991383835673, 3556050.394619074650109 ], [ -9892289.671259855851531, 3556050.598498691339046 ], [ -9892325.054638745263219, 3556043.77539429301396 ], [ -9892437.717260755598545, 3556094.371634997427464 ], [ -9892536.43344752304256, 3556121.185778529383242 ], [ -9892674.948656093329191, 3556179.08535891585052 ], [ -9892731.124888546764851, 3556224.502287133131176 ], [ -9892735.669895768165588, 3556245.84268208919093 ], [ -9892737.860006710514426, 3556267.164663039613515 ], [ -9892737.749776525422931, 3556281.367095935158432 ], [ -9892723.452739384025335, 3556302.559920402709395 ], [ -9892713.82983491756022, 3556328.523902297019958 ], [ -9892706.506679920479655, 3556361.607599264476448 ], [ -9892711.107000734657049, 3556375.847003847360611 ], [ -9892741.67018023878336, 3556383.188176225870848 ], [ -9892751.091185010969639, 3556383.261976045556366 ], [ -9892760.604031283408403, 3556371.500343171879649 ], [ -9892772.453785305842757, 3556362.124231929890811 ], [ -9892779.482751535251737, 3556366.913711881265044 ], [ -9892788.848836531862617, 3556374.08875498874113 ], [ -9892805.280454721301794, 3556381.319112384691834 ], [ -9892814.517873363569379, 3556405.063702522777021 ], [ -9892821.345130097121, 3556435.891200774349272 ], [ -9892825.982133263722062, 3556445.396469544619322 ], [ -9892847.326541725546122, 3556426.625582690816373 ], [ -9892854.39208915270865, 3556426.680873000528663 ], [ -9892875.644684165716171, 3556419.745517873670906 ], [ -9892861.58644900098443, 3556410.166573332156986 ], [ -9892847.583473347127438, 3556393.486335997004062 ], [ -9892859.469879265874624, 3556379.375971098896116 ], [ -9892883.132354505360126, 3556365.357735701836646 ], [ -9892904.40298512019217, 3556356.055195869412273 ], [ -9892953.625038525089622, 3556387.214053299743682 ], [ -9892977.177450161427259, 3556387.398143106140196 ], [ -9892991.345692120492458, 3556382.774419433437288 ], [ -9893007.960825156420469, 3556366.333608572836965 ], [ -9893055.450485089793801, 3556316.99290872970596 ], [ -9893088.789996638894081, 3556269.908963895402849 ], [ -9893105.331447958946228, 3556262.936477144714445 ], [ -9893136.059205861762166, 3556248.973027729429305 ], [ -9893176.262727441266179, 3556227.981841780710965 ], [ -9893209.455354373902082, 3556199.834288330283016 ], [ -9893223.678028536960483, 3556188.109184249769896 ], [ -9893238.194118063896894, 3556138.510698478203267 ], [ -9893247.998668855056167, 3556088.876349847763777 ], [ -9893274.033788219094276, 3556072.508965635672212 ], [ -9893318.855441272258759, 3556063.389446187298745 ], [ -9893396.503904102370143, 3556073.462571395095438 ], [ -9893462.339828137308359, 3556088.17775948997587 ], [ -9893485.910037854686379, 3556085.993862458039075 ], [ -9893525.86361282877624, 3556093.403269874863327 ], [ -9893549.306335574015975, 3556107.788452039472759 ], [ -9893560.991208221763372, 3556119.715141603257507 ], [ -9893584.452228110283613, 3556131.733301212545484 ], [ -9893617.297295577824116, 3556148.559053259901702 ], [ -9893633.783665254712105, 3556148.687044524587691 ], [ -9893664.511050218716264, 3556134.722076633479446 ], [ -9893723.24529181048274, 3556154.115605908911675 ], [ -9893748.89824577793479, 3556187.455195948015898 ], [ -9893772.086964439600706, 3556234.978929579257965 ], [ -9893781.126404030248523, 3556284.760335861705244 ], [ -9893785.400837076827884, 3556341.606686519924551 ], [ -9893773.497488101944327, 3556358.084979016333818 ], [ -9893761.739397551864386, 3556355.626606548670679 ], [ -9893745.325263509526849, 3556346.030425036326051 ], [ -9893719.235762819647789, 3556369.500318380538374 ], [ -9893707.295844178646803, 3556390.712792438920587 ], [ -9893704.395032873377204, 3556461.707389892544597 ], [ -9893696.456364292651415, 3556575.274055002257228 ], [ -9893708.050895620137453, 3556599.036609454080462 ], [ -9893733.759231455624104, 3556625.27607173519209 ], [ -9893750.191803814843297, 3556632.505356010049582 ], [ -9893773.781193170696497, 3556627.953716372605413 ], [ -9893797.425070310011506, 3556616.300610538572073 ], [ -9893832.790832350030541, 3556611.840041682589799 ], [ -9893875.20443331822753, 3556609.801360282115638 ], [ -9893903.467944223433733, 3556610.020211618859321 ], [ -9893922.255992870777845, 3556617.267500367481261 ], [ -9893957.42226897738874, 3556638.845124090090394 ], [ -9893985.812455173581839, 3556649.381729177199304 ], [ -9894033.001368956640363, 3556676.968616487458348 ], [ -9894120.852056177332997, 3556700.332572772633284 ], [ -9894183.945061603561044, 3556714.430851673241705 ], [ -9894235.839488672092557, 3556717.099918494466692 ], [ -9894317.266065360978246, 3556695.042813524138182 ], [ -9894342.179978692904115, 3556683.892379359807819 ], [ -9894362.562492817640305, 3556674.975481539964676 ], [ -9894385.080928651615977, 3556681.954513155855238 ], [ -9894409.787183972075582, 3556698.024305405560881 ], [ -9894416.523724375292659, 3556702.61318668210879 ], [ -9894436.802550030872226, 3556707.306349219288677 ], [ -9894491.178819952532649, 3556680.502914121840149 ], [ -9894547.812022155150771, 3556653.716656581498682 ], [ -9894561.354164922609925, 3556653.820803776849061 ], [ -9894590.609195660799742, 3556665.388201947789639 ], [ -9894595.054278146475554, 3556674.496348493266851 ], [ -9894594.847102753818035, 3556701.716850244440138 ], [ -9894601.44561025314033, 3556724.452631855849177 ], [ -9894612.50643790140748, 3556754.028361901175231 ], [ -9894644.070524655282497, 3556758.807947874534875 ], [ -9894659.818203888833523, 3556765.734424988739192 ], [ -9894684.645659102126956, 3556765.92513616476208 ], [ -9894698.257004825398326, 3556756.9556296877563 ], [ -9894716.451388509944081, 3556738.947187629994005 ], [ -9894719.260133309289813, 3556666.376584195531905 ], [ -9894735.214567206799984, 3556646.082553554326296 ], [ -9894744.449510172009468, 3556618.931548101361841 ], [ -9894747.206428997218609, 3556553.166595805436373 ], [ -9894772.068066319450736, 3556548.820442813914269 ], [ -9894801.392023688182235, 3556551.313889910466969 ], [ -9894835.247190404683352, 3556551.573543158359826 ], [ -9894871.376629566773772, 3556549.582065770402551 ], [ -9894891.810263184830546, 3556533.859335028100759 ], [ -9894914.449189515784383, 3556524.958890684414655 ], [ -9894940.422228366136551, 3556522.889353564940393 ], [ -9894994.573150437325239, 3556525.572535646613687 ], [ -9895066.625821683555841, 3556548.808686164673418 ], [ -9895134.044500721618533, 3556587.888487420044839 ], [ -9895158.61432071402669, 3556622.103628657292575 ], [ -9895208.98233244009316, 3556826.654528579209 ], [ -9895260.946334477514029, 3556820.245764470193535 ], [ -9895276.797234596684575, 3556813.561166141182184 ], [ -9895396.164889445528388, 3556848.499923775438219 ], [ -9895407.535863569006324, 3556837.243981176521629 ], [ -9895425.986113766208291, 3556785.208463340066373 ], [ -9895435.065767426043749, 3556778.472115935292095 ], [ -9895441.61444304138422, 3556808.012839942704886 ], [ -9895434.244347089901567, 3556887.355396439321339 ], [ -9895447.632716286927462, 3556907.874253038782626 ], [ -9895476.957776937633753, 3556910.366265323478729 ], [ -9895535.74461785517633, 3556897.202646470163018 ], [ -9895558.400945754721761, 3556886.032435447908938 ], [ -9895574.371405623853207, 3556863.468612488359213 ], [ -9895585.708071354776621, 3556856.749246207997203 ], [ -9895601.370955556631088, 3556875.016710666008294 ], [ -9895605.850942011922598, 3556879.5878596608527 ], [ -9895703.127386648207903, 3556850.836528277024627 ], [ -9895731.511490993201733, 3556828.366854354739189 ], [ -9895759.727640343829989, 3556828.580579571425915 ], [ -9895804.971294967457652, 3556815.312904645223171 ], [ -9895850.146886892616749, 3556811.118735316675156 ], [ -9895893.014257937669754, 3556813.712507458403707 ], [ -9895967.80401211977005, 3556773.446103770751506 ], [ -9895997.41819922067225, 3556737.374128553085029 ], [ -9896013.251555563881993, 3556732.957145187072456 ], [ -9896031.273983143270016, 3556737.630580403842032 ], [ -9896051.553525095805526, 3556742.321170398034155 ], [ -9896146.469244230538607, 3556727.159982001408935 ], [ -9896193.884420819580555, 3556725.25000324100256 ], [ -9896209.734854437410831, 3556718.5642658486031 ], [ -9896295.876056592911482, 3556669.307995697949082 ], [ -9896388.686398390680552, 3556633.712490083184093 ], [ -9896510.837582491338253, 3556598.337598014157265 ], [ -9896612.506010755896568, 3556585.49235521024093 ], [ -9896738.934101244434714, 3556581.906280527357012 ], [ -9896788.588976576924324, 3556582.279431621544063 ], [ -9896817.880081748589873, 3556589.304955821018666 ], [ -9896842.589539643377066, 3556605.370050857774913 ], [ -9896883.132029293105006, 3556617.016894043888897 ], [ -9896912.423280721530318, 3556624.042132209055126 ], [ -9896941.680626131594181, 3556635.604126243852079 ], [ -9896952.898556642234325, 3556644.762242370285094 ], [ -9897040.48651672154665, 3556704.400039088912308 ], [ -9897096.526497446000576, 3556756.995711256284267 ], [ -9897123.258390139788389, 3556804.834923463873565 ], [ -9897145.627631489187479, 3556832.224785045720637 ], [ -9897152.230902891606092, 3556854.959609926212579 ], [ -9897147.61590320430696, 3556868.536275771912187 ], [ -9897147.498276541009545, 3556884.415287827607244 ], [ -9897167.744970168918371, 3556893.640974142588675 ], [ -9897192.573074027895927, 3556893.826745810452849 ], [ -9897219.624739695340395, 3556898.566268945578486 ], [ -9897242.162025194615126, 3556903.271980455610901 ], [ -9897262.341780416667461, 3556921.571296612732112 ], [ -9897266.704942310228944, 3556942.02088587032631 ], [ -9897266.57068152539432, 3556960.168290146626532 ], [ -9897299.974394349381328, 3557021.669248965103179 ], [ -9897313.081152262166142, 3557080.750204365234822 ], [ -9897319.382837006822228, 3557144.317728980444372 ], [ -9897318.477026058360934, 3557266.815513874869794 ], [ -9897340.24376199580729, 3557375.872128963004798 ], [ -9897371.123510943725705, 3557473.654350783675909 ], [ -9897386.72272608987987, 3557500.994739035144448 ], [ -9897404.713522102683783, 3557510.20366541063413 ], [ -9897452.098392155021429, 3557512.826024533249438 ], [ -9897512.925854921340942, 3557529.160332234576344 ], [ -9897553.422106500715017, 3557547.611543900799006 ], [ -9897587.213509667664766, 3557556.938095788005739 ], [ -9897605.204547313973308, 3557566.146779781673104 ], [ -9897625.101481318473816, 3557623.011803375557065 ], [ -9897638.293871384114027, 3557670.75239834934473 ], [ -9897644.580737311393023, 3557736.591356963850558 ], [ -9897653.392435656860471, 3557766.150146119296551 ], [ -9897696.113474387675524, 3557789.155182898510247 ], [ -9897711.897563142701983, 3557791.541396562475711 ], [ -9897763.88162930123508, 3557782.853230213280767 ], [ -9897818.156137613579631, 3557769.64465387025848 ], [ -9897845.360213631764054, 3557753.965812989510596 ], [ -9897859.103826293721795, 3557726.843512654304504 ], [ -9897863.818560224026442, 3557699.65426852973178 ], [ -9897872.947614395990968, 3557686.109884313307703 ], [ -9897893.246288545429707, 3557688.529383284971118 ], [ -9897938.424647348001599, 3557684.327374125365168 ], [ -9897954.192092847079039, 3557688.98186603654176 ], [ -9897976.664621748030186, 3557702.760754216462374 ], [ -9897983.503043405711651, 3557693.736746415495872 ], [ -9898017.361908392980695, 3557693.987918896134943 ], [ -9898049.080002071335912, 3557678.342200332786888 ], [ -9898074.009691106155515, 3557664.914916625246406 ], [ -9898076.366731623187661, 3557651.320307022891939 ], [ -9898065.196970971301198, 3557635.356725446879864 ], [ -9898056.284519406035542, 3557619.409801615402102 ], [ -9898069.927870396524668, 3557605.898909172508866 ], [ -9898099.388407044112682, 3557590.236608658451587 ], [ -9898130.989738542586565, 3557590.470737885218114 ], [ -9898178.292017742991447, 3557604.433060836046934 ], [ -9898234.590140162035823, 3557622.999136158730835 ], [ -9898266.274647422134876, 3557611.890129982028157 ], [ -9898291.170751295983791, 3557602.999569990672171 ], [ -9898332.182748774066567, 3557551.123276201076806 ], [ -9898370.820782348513603, 3557515.110312802251428 ], [ -9898472.826757840812206, 3557456.878454097080976 ], [ -9898552.160576440393925, 3557412.090767186600715 ], [ -9898624.88754072599113, 3557344.567687700502574 ], [ -9898658.795358961448073, 3557338.01145394705236 ], [ -9898737.846818529069424, 3557331.787579507101327 ], [ -9898794.177626581862569, 3557345.813802737277001 ], [ -9898825.580403286963701, 3557373.268246472813189 ], [ -9898843.489673338830471, 3557393.817725452594459 ], [ -9898850.096240041777492, 3557416.552741512656212 ], [ -9898854.396249728277326, 3557446.076643131673336 ], [ -9898874.645238822326064, 3557455.30002634273842 ], [ -9898901.732010152190924, 3557455.499025903176516 ], [ -9898955.921695925295353, 3557453.628453113604337 ], [ -9898965.016484219580889, 3557444.620548620354384 ], [ -9898934.289110286161304, 3557324.157069738954306 ], [ -9898956.910577870905399, 3557317.517243701964617 ], [ -9898997.639154728502035, 3557304.204353886656463 ], [ -9899036.175937548279762, 3557281.80080323619768 ], [ -9899043.14521405659616, 3557254.628649634774774 ], [ -9899043.342797838151455, 3557227.406625191681087 ], [ -9899018.810340758413076, 3557186.39175993995741 ], [ -9899010.160490749403834, 3557134.150520096533 ], [ -9899014.905302871018648, 3557102.424948636442423 ], [ -9899028.497723206877708, 3557095.718862593639642 ], [ -9899042.05702475272119, 3557093.549772648140788 ], [ -9899057.807847384363413, 3557100.47097843233496 ], [ -9899075.684041269123554, 3557125.556612826418132 ], [ -9899095.865307422354817, 3557146.120173578616232 ], [ -9899118.486397814005613, 3557139.480138007551432 ], [ -9899129.870974075049162, 3557125.95193127496168 ], [ -9899147.977605473250151, 3557119.278775122947991 ], [ -9899161.783804442733526, 3557083.082560273818672 ], [ -9899171.437338478863239, 3556996.947136743459851 ], [ -9899171.914237974211574, 3556931.162189284805208 ], [ -9899174.270071752369404, 3556917.568127962760627 ], [ -9899181.090725706890225, 3556910.812465964350849 ], [ -9899201.339111894369125, 3556920.034830423537642 ], [ -9899226.068994963541627, 3556933.827252745628357 ], [ -9899234.998899567872286, 3556947.50402575917542 ], [ -9899239.398216003552079, 3556963.416169572155923 ], [ -9899273.386646550148726, 3556945.516294130124152 ], [ -9899347.137526553124189, 3556891.610200999304652 ], [ -9899419.791912738233805, 3556833.15877080662176 ], [ -9899472.197429263964295, 3556765.485278110951185 ], [ -9899501.670810848474503, 3556747.552120101638138 ], [ -9899546.878369780257344, 3556738.807797024026513 ], [ -9899621.411556392908096, 3556732.545568601693958 ], [ -9899682.336983332410455, 3556735.25793282315135 ], [ -9899743.147874558344483, 3556753.848844122607261 ], [ -9899770.102329410612583, 3556772.193241127766669 ], [ -9899776.563380947336555, 3556815.342456104233861 ], [ -9899776.449030414223671, 3556831.221396291162819 ], [ -9899767.306054789572954, 3556847.034713730216026 ], [ -9899771.75501948967576, 3556856.141267646569759 ], [ -9899785.297790352255106, 3556856.239789481740445 ], [ -9899807.918008804321289, 3556849.598648667801172 ], [ -9899841.676711827516556, 3556863.455431789159775 ], [ -9899913.529589653015137, 3556916.154326646588743 ], [ -9899985.431784944608808, 3556962.047713680658489 ], [ -9900010.162613622844219, 3556975.838621183764189 ], [ -9900037.02018135599792, 3557007.793512789066881 ], [ -9900084.159688467159867, 3557044.432705781888217 ], [ -9900151.711700974032283, 3557067.608172381762415 ], [ -9900257.798185545951128, 3557068.376390843652189 ], [ -9900341.264360589906573, 3557075.785924566909671 ], [ -9900408.88191594928503, 3557089.886253199074417 ], [ -9900503.569336110725999, 3557106.45019540656358 ], [ -9900573.428078634664416, 3557122.834404753521085 ], [ -9900681.578177453950047, 3557150.837130441796035 ], [ -9900742.376470699906349, 3557171.692440726794302 ], [ -9900814.396195262670517, 3557201.702642657328397 ], [ -9900956.244039477780461, 3557252.63176944013685 ], [ -9901057.560051176697016, 3557289.657121863681823 ], [ -9901126.29191879183054, 3557306.030489780008793 ], [ -9901187.204218937084079, 3557311.004172486718744 ], [ -9901246.164760934188962, 3557272.859856450464576 ], [ -9901318.989566132426262, 3557189.442007679026574 ], [ -9901389.47577534802258, 3557117.350652462802827 ], [ -9901443.952650396153331, 3557074.636578546371311 ], [ -9901509.522452365607023, 3557059.224645798094571 ], [ -9901602.178363431245089, 3557044.005554605275393 ], [ -9901665.362723477184772, 3557046.724556571338326 ], [ -9901728.515314036980271, 3557053.980092629324645 ], [ -9901773.690454388037324, 3557049.76451571425423 ], [ -9901806.515139814466238, 3557036.386509841773659 ], [ -9901845.046429954469204, 3557013.97479568887502 ], [ -9901906.245194595307112, 3556978.11250375630334 ], [ -9901947.160720909014344, 3556937.568920154124498 ], [ -9901992.431105280295014, 3556919.741817433852702 ], [ -9902037.653567964211106, 3556908.720036963466555 ], [ -9902107.576965562999249, 3556916.021627904847264 ], [ -9902172.970187216997147, 3556925.559345068410039 ], [ -9902181.919190164655447, 3556936.965685376431793 ], [ -9902206.684202762320638, 3556946.215357672423124 ], [ -9902265.401807019487023, 3556942.093950236216187 ], [ -9902281.217780439183116, 3556939.937272900249809 ], [ -9902292.662187596783042, 3556917.332550717517734 ], [ -9902279.469019865617156, 3556867.330901414621621 ], [ -9902261.841089736670256, 3556805.955261433497071 ], [ -9902241.685806002467871, 3556783.12713241763413 ], [ -9902228.190936146304011, 3556776.225987881422043 ], [ -9902189.581355409696698, 3556809.980654910206795 ], [ -9902178.248032325878739, 3556816.706035726238042 ], [ -9902164.832702603191137, 3556798.462630989495665 ], [ -9902183.048457115888596, 3556775.906282882671803 ], [ -9902196.750203873962164, 3556753.317932917270809 ], [ -9902194.87488579005003, 3556698.85988107835874 ], [ -9902208.592248605564237, 3556674.003293782938272 ], [ -9902231.147323852404952, 3556676.4315180843696 ], [ -9902257.94653251953423, 3556717.454712028615177 ], [ -9902284.856940425932407, 3556742.59902233351022 ], [ -9902298.447283620014787, 3556735.889551311265677 ], [ -9902298.749070273712277, 3556692.789619842544198 ], [ -9902305.933232311159372, 3556633.858910376671702 ], [ -9902317.218683075159788, 3556633.938737806864083 ], [ -9902330.475465852767229, 3556674.865847617387772 ], [ -9902339.456193258985877, 3556681.734906056895852 ], [ -9902355.25595486536622, 3556681.846621808130294 ], [ -9902393.563066111877561, 3556691.191515033133328 ], [ -9902452.120698323473334, 3556709.753420356661081 ], [ -9902451.97799420915544, 3556730.169174964539707 ], [ -9902420.378521768376231, 3556729.945964043028653 ], [ -9902372.995274562388659, 3556727.342542358674109 ], [ -9902330.09439998306334, 3556729.30778255360201 ], [ -9902330.046765899285674, 3556736.113068423233926 ], [ -9902341.030661758035421, 3556779.292960786260664 ], [ -9902369.37319659255445, 3556922.412203152664006 ], [ -9902369.024007383733988, 3556972.318340305238962 ], [ -9902384.601956883445382, 3557004.188560416456312 ], [ -9902395.887739147990942, 3557004.268326764460653 ], [ -9902429.776635719463229, 3556999.970637950114906 ], [ -9902486.300643375143409, 3556986.758307619951665 ], [ -9902576.634301211684942, 3556980.590085627976805 ], [ -9902635.209363741800189, 3556996.88313682936132 ], [ -9902693.753125503659248, 3557017.712874492630363 ], [ -9902731.903430633246899, 3557049.741768065374345 ], [ -9902765.634326253086329, 3557068.127992565277964 ], [ -9902781.450378531590104, 3557065.97066707117483 ], [ -9902792.673033457249403, 3557075.12407574756071 ], [ -9902785.775206528604031, 3557093.224265857134014 ], [ -9902787.827039860188961, 3557122.730570057872683 ], [ -9902792.025342313572764, 3557168.13223293190822 ], [ -9902787.337288660928607, 3557193.054065990261734 ], [ -9902771.378864100202918, 3557215.627884598448873 ], [ -9902771.268252044916153, 3557231.507460134103894 ], [ -9902759.855830164626241, 3557249.576172356959432 ], [ -9902741.656024551019073, 3557269.865695405751467 ], [ -9902732.453340832144022, 3557294.755833551287651 ], [ -9902705.208618843927979, 3557317.250360902864486 ], [ -9902691.491496365517378, 3557342.108763316180557 ], [ -9902673.291269987821579, 3557362.398330174852163 ], [ -9902655.122805871069431, 3557378.150926969014108 ], [ -9902652.802251406013966, 3557387.209149032365531 ], [ -9902698.010028306394815, 3557378.453099831473082 ], [ -9902732.042298225685954, 3557353.737592709716409 ], [ -9902793.429487526416779, 3557290.647773315664381 ], [ -9902836.726987244561315, 3557231.967979619279504 ], [ -9902877.735359834507108, 3557177.809436782263219 ], [ -9902916.29685945995152, 3557150.857090567238629 ], [ -9902954.763496778905392, 3557137.515700158663094 ], [ -9903011.334782859310508, 3557117.495452906936407 ], [ -9903056.746189003810287, 3557079.24787347856909 ], [ -9903104.303982313722372, 3557056.895431478507817 ], [ -9903156.328986281529069, 3557041.379944060463458 ], [ -9903197.052238633856177, 3557028.053733732085675 ], [ -9903276.320019118487835, 3556990.0426997221075 ], [ -9903337.48292426392436, 3556958.710438676644117 ], [ -9903382.767073420807719, 3556938.60985716059804 ], [ -9903452.75427901186049, 3556936.83019143063575 ], [ -9903506.83177737891674, 3556950.819212215021253 ], [ -9903551.912054324522614, 3556960.208031061571091 ], [ -9903581.098499232903123, 3556983.097313646227121 ], [ -9903603.560547044500709, 3556999.13409180380404 ], [ -9903648.687999475747347, 3557001.71715288143605 ], [ -9903689.379390176385641, 3556992.926314388401806 ], [ -9903727.735171407461166, 3556995.462014256045222 ], [ -9903752.485831392928958, 3557006.977230831515044 ], [ -9903795.309387471526861, 3557016.34956325404346 ], [ -9903833.650004222989082, 3557021.153378842398524 ], [ -9903889.954124392941594, 3557039.69346740655601 ], [ -9903914.751807194203138, 3557044.402930856216699 ], [ -9903946.352125016972423, 3557044.62241608928889 ], [ -9903971.212180325761437, 3557040.257857910357416 ], [ -9903991.526652405038476, 3557040.398873390629888 ], [ -9904025.384165845811367, 3557040.633826814126223 ], [ -9904045.620605424046516, 3557052.117192361038178 ], [ -9904072.566608861088753, 3557072.721428805030882 ], [ -9904104.104757403954864, 3557082.014503351412714 ], [ -9904119.936172030866146, 3557077.587005754932761 ], [ -9904158.385793883353472, 3557066.510426189750433 ], [ -9904183.214728331193328, 3557066.682407090440392 ], [ -9904198.952654659748077, 3557075.865803707391024 ], [ -9904221.462237205356359, 3557085.09606719808653 ], [ -9904244.03399894759059, 3557085.252303164917976 ], [ -9904248.672706294804811, 3557067.135575947817415 ], [ -9904266.776617161929607, 3557060.455078373663127 ], [ -9904273.501469787210226, 3557067.307377747725695 ], [ -9904282.452479772269726, 3557078.712307394947857 ], [ -9904291.419033659622073, 3557087.84875352261588 ], [ -9904302.767021555453539, 3557078.852822714950889 ], [ -9904327.704634131863713, 3557063.145082732662559 ], [ -9904386.608131075277925, 3557031.791894558351487 ], [ -9904461.358202805742621, 3556993.742174316663295 ], [ -9904540.528957990929484, 3556969.334048292599618 ], [ -9904590.279310205951333, 3556956.065601905807853 ], [ -9904635.468614730983973, 3556949.571259720250964 ], [ -9904676.165009612217546, 3556938.508668032009155 ], [ -9904685.379206327721477, 3556911.34920958802104 ], [ -9904699.092089127749205, 3556886.489399334881455 ], [ -9904723.905067393556237, 3556888.928757841233164 ], [ -9904739.674073984846473, 3556893.5744205173105 ], [ -9904743.972220843657851, 3556925.363977027591318 ], [ -9904770.949839172884822, 3556941.429600258823484 ], [ -9904786.688233504071832, 3556950.612133766524494 ], [ -9904825.044501446187496, 3556953.144445390906185 ], [ -9904879.185181150212884, 3556958.053710524924099 ], [ -9904926.523861479014158, 3556967.453189977444708 ], [ -9904940.066847827285528, 3556967.546175932046026 ], [ -9904953.671459866687655, 3556958.565230797976255 ], [ -9904963.131288632750511, 3556895.110099693294615 ], [ -9904972.206044930964708, 3556888.366675789002329 ], [ -9904997.034585636109114, 3556888.537044139113277 ], [ -9905001.487356413155794, 3556897.641860623843968 ], [ -9905001.194804949685931, 3556940.742741575930268 ], [ -9905010.007842998951674, 3556972.563309086952358 ], [ -9905025.638707086443901, 3556997.6249720742926 ], [ -9905059.372993154451251, 3557016.005000949837267 ], [ -9905084.201880043372512, 3557016.175205036532134 ], [ -9905111.395444685593247, 3557000.481442247051746 ], [ -9905165.782551763579249, 3556969.093796723056585 ], [ -9905208.760736551135778, 3556955.776484966278076 ], [ -9905258.448830090463161, 3556951.579313220921904 ], [ -9905269.734621945768595, 3556951.656505095306784 ], [ -9905260.583214800804853, 3556969.742593842558563 ], [ -9905269.596476851031184, 3556972.072817790322006 ], [ -9905289.941592890769243, 3556967.674796685576439 ], [ -9905312.543892098590732, 3556963.292130276560783 ], [ -9905335.100163927301764, 3556965.714877985417843 ], [ -9905364.489191742613912, 3556959.109968114178628 ], [ -9905400.634449580684304, 3556954.819661700166762 ], [ -9905443.520458979532123, 3556955.112454062327743 ], [ -9905501.246284991502762, 3556930.551956239622086 ], [ -9905552.123928332701325, 3556917.287388175725937 ], [ -9905588.253730319440365, 3556915.265105198137462 ], [ -9905597.358590412884951, 3556903.984269659034908 ], [ -9905602.1023069024086, 3556869.988119740970433 ], [ -9905605.078056210651994, 3556763.386192040517926 ], [ -9905605.246227379888296, 3556738.433384439442307 ], [ -9905621.13769661821425, 3556724.930342340376228 ], [ -9905655.239151397719979, 3556688.866005671676248 ], [ -9905718.89614868350327, 3556621.243459407240152 ], [ -9905755.299964278936386, 3556578.38919539609924 ], [ -9905784.825028080493212, 3556551.367844112683088 ], [ -9905793.975560946390033, 3556533.281999757979065 ], [ -9905798.611653041094542, 3556515.165491872001439 ], [ -9905816.714009709656239, 3556508.482987164054066 ], [ -9905828.045344749465585, 3556501.754544835537672 ], [ -9905837.225921578705311, 3556479.131876674480736 ], [ -9905853.055852627381682, 3556474.702431781217456 ], [ -9905871.097517041489482, 3556477.09349607070908 ], [ -9905891.502604443579912, 3556463.621036081109196 ], [ -9905959.58008960261941, 3556409.639359560329467 ], [ -9906018.400793040171266, 3556389.621930364985019 ], [ -9906074.994454458355904, 3556365.052186694927514 ], [ -9906131.542503550648689, 3556347.287321067880839 ], [ -9906219.719488941133022, 3556325.199291616212577 ], [ -9906280.720517449080944, 3556316.537806692998856 ], [ -9906312.379867484793067, 3556307.677887160796672 ], [ -9906339.479541037231684, 3556305.59247547481209 ], [ -9906350.719341663643718, 3556312.473757043480873 ], [ -9906413.916764531284571, 3556312.900348117109388 ], [ -9906452.241345252841711, 3556319.964273135643452 ], [ -9906474.67572228051722, 3556340.531824178062379 ], [ -9906517.332828776910901, 3556374.846485211513937 ], [ -9906627.55143922008574, 3556432.300929966848344 ], [ -9906650.031608238816261, 3556446.063166572246701 ], [ -9906676.935316713526845, 3556473.466067843139172 ], [ -9906676.814556147903204, 3556491.613274311181158 ], [ -9906667.650370012968779, 3556511.96816390985623 ], [ -9906665.18188201636076, 3556543.710592716000974 ], [ -9906685.299673940986395, 3556573.336584268137813 ], [ -9906752.650608152151108, 3556628.233926120214164 ], [ -9906802.035839738324285, 3556669.399237138219178 ], [ -9906822.229329207912087, 3556687.683172521647066 ], [ -9906871.4944485463202, 3556746.995993968565017 ], [ -9906900.505808353424072, 3556797.098739643581212 ], [ -9906929.472504848614335, 3556854.007126706652343 ], [ -9906951.983770806342363, 3556863.232341636437923 ], [ -9906963.389912994578481, 3556845.160266090650111 ], [ -9906972.538837326690555, 3556827.073161089792848 ], [ -9906986.051688674837351, 3556831.700854884460568 ], [ -9906990.445562155917287, 3556849.878845982253551 ], [ -9906990.340279318392277, 3556865.75810060184449 ], [ -9906994.824583541601896, 3556870.325279880780727 ], [ -9907039.967651138082147, 3556870.627768613863736 ], [ -9907107.607213886454701, 3556882.423556411173195 ], [ -9907161.718999411910772, 3556891.859900448936969 ], [ -9907218.103073753416538, 3556899.04259901214391 ], [ -9907261.019062526524067, 3556894.792277107480913 ], [ -9907326.55169234238565, 3556883.887171455193311 ], [ -9907384.004396043717861, 3556900.150527929887176 ], [ -9907420.134050836786628, 3556898.1229974841699 ], [ -9907490.106059910729527, 3556898.589433250948787 ], [ -9907550.959989013150334, 3556912.606188171543181 ], [ -9907571.184683768078685, 3556926.352356238290668 ], [ -9907611.664417864754796, 3556949.307512335944921 ], [ -9907692.87806991674006, 3556956.653401417192072 ], [ -9907767.349993428215384, 3556959.416753081139177 ], [ -9907803.13702585734427, 3557009.563402020838112 ], [ -9907920.806116973981261, 3557137.38613631343469 ], [ -9907993.228157259523869, 3557453.207942040171474 ], [ -9908006.652742452919483, 3557471.446267709136009 ], [ -9908071.980140384286642, 3557492.296926143113524 ], [ -9908098.948508912697434, 3557510.624794070143253 ], [ -9908116.87327872402966, 3557531.161586499307305 ], [ -9908136.995814172551036, 3557560.78767062863335 ], [ -9908154.831705760210752, 3557594.93610676471144 ], [ -9908165.969850486144423, 3557617.696706542279571 ], [ -9908161.292005250230432, 3557642.621620289981365 ], [ -9908149.931304784491658, 3557653.890070905908942 ], [ -9908152.040286097675562, 3557676.591084512416273 ], [ -9908161.039821051061153, 3557681.188092419411987 ], [ -9908183.509115464985371, 3557697.217645240947604 ], [ -9908203.602412549778819, 3557731.381216832902282 ], [ -9908217.07224378734827, 3557742.813861118629575 ], [ -9908264.327794859185815, 3557765.81330409180373 ], [ -9908284.540009191259742, 3557781.827883305493742 ], [ -9908304.530221940949559, 3557831.872040642891079 ], [ -9908324.461277106776834, 3557890.991051534190774 ], [ -9908319.724402219057083, 3557924.991187863517553 ], [ -9908315.194988742470741, 3557927.230095430742949 ], [ -9908283.666029343381524, 3557915.678175204899162 ], [ -9908191.307493371888995, 3557885.574316733516753 ], [ -9908168.674687126651406, 3557894.499614461325109 ], [ -9908161.724687222391367, 3557921.678848491515964 ], [ -9908159.289269253611565, 3557948.887811043765396 ], [ -9908168.096151070669293, 3557982.977582432795316 ], [ -9908159.022220401093364, 3557989.723928095772862 ], [ -9908131.859648648649454, 3558000.888178947381675 ], [ -9908134.087282229214907, 3558005.440447352826595 ], [ -9908161.101591095328331, 3558016.962975562084466 ], [ -9908174.586514513939619, 3558026.127210305072367 ], [ -9908208.550801698118448, 3558010.470253780018538 ], [ -9908233.307787876576185, 3558021.977628434076905 ], [ -9908269.292159581556916, 3558042.634466644842178 ], [ -9908327.702560214325786, 3558086.126868497114629 ], [ -9908343.430298693478107, 3558097.574602941051126 ], [ -9908356.84143752977252, 3558118.082198711112142 ], [ -9908381.613530384376645, 3558127.320695632137358 ], [ -9908392.930077955126762, 3558122.85773637983948 ], [ -9908399.791030235588551, 3558109.290242165792733 ], [ -9908406.518748259171844, 3558116.140914913732558 ], [ -9908460.208227224647999, 3558191.36520537501201 ], [ -9908451.030798748135567, 3558213.992866237647831 ], [ -9908437.412382552400231, 3558225.247205778025091 ], [ -9908414.823586920276284, 3558227.367175220977515 ], [ -9908396.823473332449794, 3558218.173277825582772 ], [ -9908365.264204235747457, 3558211.158608890138566 ], [ -9908347.204980261623859, 3558211.039522289764136 ], [ -9908310.775438403710723, 3558258.44426530553028 ], [ -9908283.508704842999578, 3558285.490151084493846 ], [ -9908274.33543642796576, 3558308.122914968524128 ], [ -9908283.320640221238136, 3558314.988660965114832 ], [ -9908285.429946945980191, 3558337.690931040793657 ], [ -9908289.752281440421939, 3558367.214478828478605 ], [ -9908298.693007623776793, 3558380.886588638182729 ], [ -9908312.193216253072023, 3558387.782154356129467 ], [ -9908321.104450782760978, 3558405.991666901391 ], [ -9908314.287599038332701, 3558412.753159327432513 ], [ -9908298.48562534339726, 3558412.648866524454206 ], [ -9908280.426090287044644, 3558412.529649622738361 ], [ -9908271.351913111284375, 3558419.276218799874187 ], [ -9908259.975788237527013, 3558432.814247307833284 ], [ -9908255.357084145769477, 3558448.665798967238516 ], [ -9908246.282955368980765, 3558455.412368966266513 ], [ -9908232.708587510511279, 3558459.860491055529565 ], [ -9908228.149319352582097, 3558466.636877622455359 ], [ -9908246.119903741404414, 3558480.368781111203134 ], [ -9908266.259012969210744, 3558507.728044799063355 ], [ -9908268.397951619699597, 3558525.893043299205601 ], [ -9908263.764575937762856, 3558544.013523645233363 ], [ -9908272.705480843782425, 3558557.685842145700008 ], [ -9908290.557717211544514, 3558589.567964877933264 ], [ -9908285.983614444732666, 3558598.613260237965733 ], [ -9908270.181236000731587, 3558598.50892537413165 ], [ -9908258.92351521551609, 3558593.896925738081336 ], [ -9908234.298939369618893, 3558561.969836739823222 ], [ -9908227.793489573523402, 3558521.087227640207857 ], [ -9908189.594623198732734, 3558493.608524120878428 ], [ -9908156.000011425465345, 3558452.547027627937496 ], [ -9908156.089044541120529, 3558438.934448916930705 ], [ -9908183.222853844985366, 3558432.307160608936101 ], [ -9908221.747544748708606, 3558409.873230095487088 ], [ -9908235.529401758685708, 3558373.662879941985011 ], [ -9908231.177716571837664, 3558348.676852418109775 ], [ -9908219.979536797851324, 3558334.989991655107588 ], [ -9908220.36044710688293, 3558275.997882854193449 ], [ -9908227.266054775565863, 3558255.623955356422812 ], [ -9908218.355049716308713, 3558237.41467614704743 ], [ -9908204.944016605615616, 3558216.906741347163916 ], [ -9908184.701559919863939, 3558205.428884066641331 ], [ -9908166.612640770152211, 3558209.846822309773415 ], [ -9908150.781236477196217, 3558214.27984054107219 ], [ -9908134.890281245112419, 3558227.787674608640373 ], [ -9908110.088544035330415, 3558223.085907155182213 ], [ -9908080.786970874294639, 3558216.085638298187405 ], [ -9908067.287066765129566, 3558209.189737250097096 ], [ -9908053.802032629027963, 3558200.025253096129745 ], [ -9908026.757720844820142, 3558193.039816331118345 ], [ -9907981.58015058003366, 3558197.27805828070268 ], [ -9907947.659638147801161, 3558206.128460483625531 ], [ -9907938.555681636556983, 3558217.412175084464252 ], [ -9907925.011221073567867, 3558217.322373262606561 ], [ -9907915.922116413712502, 3558226.337504245340824 ], [ -9907915.832833310589194, 3558239.949762479867786 ], [ -9907911.303065968677402, 3558242.188488588668406 ], [ -9907895.501136742532253, 3558242.083683356642723 ], [ -9907872.867500176653266, 3558251.008863502182066 ], [ -9907854.659551080316305, 3558273.576265920884907 ], [ -9907856.842543864622712, 3558284.934791612438858 ], [ -9907859.040256040170789, 3558294.024649406317621 ], [ -9907852.242971548810601, 3558298.522609862498939 ], [ -9907838.609112033620477, 3558312.044968927744776 ], [ -9907827.217738121747971, 3558327.851257517002523 ], [ -9907815.796538369730115, 3558348.19492563791573 ], [ -9907808.830584047362208, 3558377.643616535700858 ], [ -9907804.181585101410747, 3558398.032314089592546 ], [ -9907795.122077142819762, 3558402.509833023883402 ], [ -9907790.592320518568158, 3558404.74863455677405 ], [ -9907790.428378522396088, 3558429.704751210752875 ], [ -9907794.734594343230128, 3558461.497365998569876 ], [ -9907801.462198594585061, 3558468.34854384418577 ], [ -9907835.264317566528916, 3558477.648352327756584 ], [ -9907848.809000920504332, 3558477.738247397355735 ], [ -9907857.838760992512107, 3558477.798169147688895 ], [ -9907855.506857620552182, 3558489.127002525143325 ], [ -9907853.040910229086876, 3558520.874805071856827 ], [ -9907852.936657268553972, 3558536.756094025447965 ], [ -9907882.119831210002303, 3558561.907363913953304 ], [ -9907915.847804991528392, 3558582.551101561635733 ], [ -9907954.165238996967673, 3558591.880618982948363 ], [ -9907979.071709165349603, 3558580.701279523316771 ], [ -9908001.70583507232368, 3558571.775583890732378 ], [ -9907981.165589887648821, 3558605.672705025412142 ], [ -9907951.744097599759698, 3558616.822143298108131 ], [ -9907935.941840996965766, 3558616.717389651108533 ], [ -9907899.941352054476738, 3558598.327670066151768 ], [ -9907877.470916898921132, 3558582.296557997819036 ], [ -9907859.440945582464337, 3558577.639102337416261 ], [ -9907841.48551014624536, 3558561.637736106757075 ], [ -9907828.089717168360949, 3558538.86008794605732 ], [ -9907821.42165762744844, 3558522.9338399018161 ], [ -9907794.376909064128995, 3558515.947562386281788 ], [ -9907776.317294120788574, 3558515.827619862742722 ], [ -9907758.317320726811886, 3558506.632618166971952 ], [ -9907749.362013060599566, 3558495.228885600809008 ], [ -9907735.81735822558403, 3558495.138883514795452 ], [ -9907708.757801070809364, 3558490.421237425878644 ], [ -9907697.440707985311747, 3558494.883797647431493 ], [ -9907697.395946031436324, 3558501.689933136105537 ], [ -9907717.519096409901977, 3558531.319081867113709 ], [ -9907735.41467148438096, 3558556.395645268727094 ], [ -9907739.795354150235653, 3558576.844604640733451 ], [ -9907735.205866634845734, 3558588.158499539829791 ], [ -9907739.60147293843329, 3558606.338690530508757 ], [ -9907762.1165433190763, 3558615.563788335770369 ], [ -9907782.3890445176512, 3558622.505036984104663 ], [ -9907795.576177801936865, 3558677.045959838666022 ], [ -9907786.352496307343245, 3558706.480484371539205 ], [ -9907779.535289658233523, 3558713.241838633082807 ], [ -9907754.852026220411062, 3558690.388864829670638 ], [ -9907745.941423941403627, 3558672.178559152409434 ], [ -9907732.456199305132031, 3558663.013405271805823 ], [ -9907712.243341131135821, 3558646.996746186167002 ], [ -9907689.802825955674052, 3558626.427595084067434 ], [ -9907654.056569788604975, 3558569.467827636282891 ], [ -9907622.616392288357019, 3558544.30117617873475 ], [ -9907606.873945886269212, 3558535.120784889906645 ], [ -9907570.76962254755199, 3558532.611705657560378 ], [ -9907557.239792937412858, 3558530.252705071587116 ], [ -9907548.284741507843137, 3558518.848724090028554 ], [ -9907546.131889477372169, 3558502.952254777774215 ], [ -9907561.94906565733254, 3558500.788694939110428 ], [ -9907582.370593912899494, 3558485.042824186384678 ], [ -9907609.609325153753161, 3558462.535544701386243 ], [ -9907632.228613613173366, 3558455.879475840367377 ], [ -9907641.318075938150287, 3558446.864563304465264 ], [ -9907639.105392912402749, 3558440.043175055179745 ], [ -9907618.907981598749757, 3558421.758042419794947 ], [ -9907605.527627918869257, 3558396.711721087805927 ], [ -9907601.132279744371772, 3558378.531784629449248 ], [ -9907612.583718031644821, 3558353.65072094136849 ], [ -9907626.277632858604193, 3558331.053572913631797 ], [ -9907626.382162172347307, 3558315.172369134612381 ], [ -9907615.154807886108756, 3558306.022372637875378 ], [ -9907590.323188427835703, 3558305.85710117733106 ], [ -9907565.461772110313177, 3558310.229136682115495 ], [ -9907554.144794218242168, 3558314.691507521551102 ], [ -9907542.69327986985445, 3558339.572441234253347 ], [ -9907508.757264610379934, 3558350.690458604134619 ], [ -9907488.485267106443644, 3558343.748926092870533 ], [ -9907481.742898369207978, 3558339.166333985514939 ], [ -9907465.97088579274714, 3558334.523458395618945 ], [ -9907452.411448182538152, 3558336.70192579459399 ], [ -9907438.926837546750903, 3558327.536707245744765 ], [ -9907409.625279752537608, 3558320.534842465538532 ], [ -9907398.218488795682788, 3558338.609339090995491 ], [ -9907386.811578020453453, 3558356.683761757332832 ], [ -9907377.632052419707179, 3558379.311081847641617 ], [ -9907375.299786834046245, 3558390.639732690528035 ], [ -9907388.739489812403917, 3558406.611145860981196 ], [ -9907400.011683288961649, 3558408.955240423325449 ], [ -9907402.224145378917456, 3558415.776475379709154 ], [ -9907399.951788816601038, 3558418.030198616907001 ], [ -9907375.09009469859302, 3558422.402067617513239 ], [ -9907366.000378631055355, 3558431.416767367627472 ], [ -9907356.805865542963147, 3558456.312817852944136 ], [ -9907336.458951914682984, 3558460.714672004338354 ], [ -9907325.216700369492173, 3558453.833017045632005 ], [ -9907316.426790185272694, 3558417.472648613620549 ], [ -9907323.378871841356158, 3558390.293113216292113 ], [ -9907334.905872000381351, 3558354.068596553523093 ], [ -9907323.738561389967799, 3558335.843321972060949 ], [ -9907296.679517241194844, 3558331.125033903867006 ], [ -9907283.120060103014112, 3558333.303142245858908 ], [ -9907251.456220407038927, 3558342.166944464668632 ], [ -9907219.882371565327048, 3558337.418225360568613 ], [ -9907188.27852631919086, 3558337.206878812983632 ], [ -9907152.09979222714901, 3558346.04014599788934 ], [ -9907136.237692628055811, 3558355.009217978920788 ], [ -9907127.117903357371688, 3558368.561244587413967 ], [ -9907131.572736892849207, 3558377.666565396822989 ], [ -9907149.556990155950189, 3558389.131136639043689 ], [ -9907142.679637523368001, 3558404.966833563521504 ], [ -9907131.377457285299897, 3558407.160072105005383 ], [ -9907120.015178563073277, 3558418.428254475817084 ], [ -9907124.514918321743608, 3558420.727259575389326 ], [ -9907135.772049259394407, 3558425.340200859121978 ], [ -9907153.756547981873155, 3558436.804811106529087 ], [ -9907167.226041855290532, 3558448.239375551231205 ], [ -9907144.651559619233012, 3558448.088322014547884 ], [ -9907117.532344851642847, 3558452.444407488685101 ], [ -9907108.517646208405495, 3558450.11516678892076 ], [ -9907095.018146554008126, 3558443.218288759700954 ], [ -9907090.488170642405748, 3558445.456842739135027 ], [ -9907079.170915931463242, 3558449.918653110042214 ], [ -9907063.338702207431197, 3558454.350387115497142 ], [ -9907045.279339879751205, 3558454.229399952106178 ], [ -9907038.492051964625716, 3558456.452724584843963 ], [ -9907031.539147917181253, 3558483.632318375632167 ], [ -9907017.874102616682649, 3558501.69164749328047 ], [ -9906979.407380660995841, 3558515.046990817878395 ], [ -9906968.120129022747278, 3558514.971299750730395 ], [ -9906952.453396556898952, 3558494.446399298962206 ], [ -9906977.375641999766231, 3558481.000519235152751 ], [ -9906990.935303019359708, 3558478.822542623616755 ], [ -9907000.100453937426209, 3558458.464306928217411 ], [ -9907000.26595308072865, 3558433.508083720691502 ], [ -9906993.659138888120651, 3558408.506420176010579 ], [ -9906991.476993525400758, 3558397.147562657948583 ], [ -9907007.278894932940602, 3558397.253493811003864 ], [ -9907025.278274400159717, 3558406.449478779453784 ], [ -9907063.594280889257789, 3558415.781554779037833 ], [ -9907070.426815763115883, 3558406.751967799384147 ], [ -9907072.879698514938354, 3558377.273585733491927 ], [ -9907068.470005486160517, 3558361.36210064869374 ], [ -9907050.621188396587968, 3558329.478959384374321 ], [ -9907059.771097224205732, 3558311.389501526486129 ], [ -9907077.860406024381518, 3558306.972936188802123 ], [ -9907098.207324881106615, 3558302.571638663299382 ], [ -9907123.108696503564715, 3558291.388396854046732 ], [ -9907141.318287132307887, 3558268.822131427936256 ], [ -9907152.740479853004217, 3558248.479225946590304 ], [ -9907132.45391907542944, 3558243.805747105740011 ], [ -9907096.380603473633528, 3558236.757681665476412 ], [ -9907066.989179410040379, 3558243.367387178819627 ], [ -9907044.309984991326928, 3558259.097246782388538 ], [ -9907021.690811049193144, 3558265.752057694364339 ], [ -9906996.904528770595789, 3558258.779515808913857 ], [ -9906978.905553156509995, 3558249.583415379747748 ], [ -9906978.980793742462993, 3558238.239833395928144 ], [ -9906999.568079888820648, 3558197.53939849184826 ], [ -9907002.096296152099967, 3558156.717833570204675 ], [ -9907011.201018493622541, 3558145.434862540103495 ], [ -9907006.791477598249912, 3558129.523734626825899 ], [ -9906995.625012448057532, 3558111.298498545773327 ], [ -9906948.400664433836937, 3558083.75642399257049 ], [ -9906912.47869055531919, 3558054.021180572919548 ], [ -9906899.039966782554984, 3558038.049624724779278 ], [ -9906876.436187140643597, 3558042.435437228064984 ], [ -9906856.119757894426584, 3558042.299025814048946 ], [ -9906842.620921114459634, 3558035.402013840153813 ], [ -9906829.16714677028358, 3558021.698943455703557 ], [ -9906836.13510724529624, 3557992.251661753281951 ], [ -9906836.376268073916435, 3557955.953037835191935 ], [ -9906825.210114192217588, 3557937.727995980065316 ], [ -9906762.30637620575726, 3557891.93013294134289 ], [ -9906753.397581355646253, 3557873.7202084120363 ], [ -9906746.791616478934884, 3557848.719706553500146 ], [ -9906726.596415126696229, 3557830.43393674492836 ], [ -9906713.233548244461417, 3557803.119200580753386 ], [ -9906706.567143755033612, 3557787.193224621471018 ], [ -9906695.446617230772972, 3557762.162324499338865 ], [ -9906677.478773912414908, 3557748.429156927391887 ], [ -9906659.420351080596447, 3557748.307631009723991 ], [ -9906634.605173468589783, 3557745.871830211952329 ], [ -9906618.879480205476284, 3557734.422364538535476 ], [ -9906607.608049485832453, 3557732.077703306917101 ], [ -9906591.685898929834366, 3557750.12024999782443 ], [ -9906584.883801659569144, 3557754.611870116088539 ], [ -9906575.733641469851136, 3557772.700044231489301 ], [ -9906593.52001846767962, 3557813.657115283422172 ], [ -9906620.305748553946614, 3557859.212372909300029 ], [ -9906617.836825326085091, 3557890.958128953352571 ], [ -9906617.534595465287566, 3557936.331238242797554 ], [ -9906608.308778489008546, 3557965.763057734351605 ], [ -9906635.3062230553478, 3557979.557402377482504 ], [ -9906646.426813507452607, 3558004.588699919171631 ], [ -9906623.853243067860603, 3558004.436721067409962 ], [ -9906603.552180955186486, 3558002.03119913302362 ], [ -9906598.825783997774124, 3558033.762281192000955 ], [ -9906603.249890835955739, 3558047.404706422705203 ], [ -9906612.173522619530559, 3558063.34626691788435 ], [ -9906609.825438836589456, 3558076.943200715817511 ], [ -9906593.963490385562181, 3558085.911479270551354 ], [ -9906580.388990500941873, 3558090.357593839988112 ], [ -9906553.361128041520715, 3558081.100359634961933 ], [ -9906526.454335439950228, 3558053.693514636252075 ], [ -9906508.501231459900737, 3558037.691115280613303 ], [ -9906497.290038663893938, 3558026.271658918820322 ], [ -9906481.48844974860549, 3558026.165090119000524 ], [ -9906476.898148929700255, 3558037.478019701782614 ], [ -9906481.276538964360952, 3558057.926546698436141 ], [ -9906490.185060640797019, 3558076.136924693826586 ], [ -9906492.321211650967598, 3558094.301651624031365 ], [ -9906496.699820544570684, 3558114.750179378315806 ], [ -9906512.44104839861393, 3558123.931517822667956 ], [ -9906528.227458018809557, 3558126.306690035387874 ], [ -9906550.816362915560603, 3558124.190204775426537 ], [ -9906571.057125071063638, 3558135.670580331236124 ], [ -9906582.253312928602099, 3558149.358750822022557 ], [ -9906604.766679363325238, 3558158.585657658521086 ], [ -9906629.582832852378488, 3558161.021524410694838 ], [ -9906654.504738060757518, 3558147.576554878614843 ], [ -9906686.198488876223564, 3558134.177029713056982 ], [ -9906699.712612176313996, 3558138.805532803293318 ], [ -9906726.695435939356685, 3558154.868613655213267 ], [ -9906742.331206493079662, 3558179.930544552858919 ], [ -9906764.814580863341689, 3558193.694585679564625 ], [ -9906780.631477005779743, 3558191.532063436228782 ], [ -9906794.145523563027382, 3558196.160574909765273 ], [ -9906800.796992374584079, 3558214.355682574678212 ], [ -9906793.934388900175691, 3558227.922389894258231 ], [ -9906771.300243731588125, 3558236.845484661404043 ], [ -9906757.755812326446176, 3558236.754429847933352 ], [ -9906732.954569263383746, 3558232.050136792007834 ], [ -9906714.985850460827351, 3558218.316365683451295 ], [ -9906697.138133075088263, 3558186.433004390448332 ], [ -9906676.882067084312439, 3558177.221519431099296 ], [ -9906665.580197904258966, 3558179.414210150483996 ], [ -9906649.657554090023041, 3558197.457504766061902 ], [ -9906647.309483157470822, 3558211.054590288549662 ], [ -9906638.143961055204272, 3558231.412163156084716 ], [ -9906622.296773316338658, 3558238.111833593342453 ], [ -9906604.146963179111481, 3558251.602536225691438 ], [ -9906613.025394530966878, 3558274.350533120334148 ], [ -9906627.537333713844419, 3558299.411372919566929 ], [ -9906654.399637496098876, 3558333.624611361883581 ], [ -9906656.38517327606678, 3558374.476958930492401 ], [ -9906656.203892976045609, 3558401.701872982550412 ], [ -9906653.840679181739688, 3558417.567871409934014 ], [ -9906665.037203030660748, 3558431.256315705832094 ], [ -9906646.84173964522779, 3558451.553428357001394 ], [ -9906639.918310437351465, 3558474.195374749600887 ], [ -9906644.266971554607153, 3558499.182142875622958 ], [ -9906657.721038127318025, 3558512.885835142340511 ], [ -9906657.600180204957724, 3558531.035967189818621 ], [ -9906648.464647261425853, 3558546.856537785381079 ], [ -9906650.63139726780355, 3558560.484300401527435 ], [ -9906672.97930446267128, 3558594.667855872772634 ], [ -9906670.540629936382174, 3558621.877913529984653 ], [ -9906663.707869729027152, 3558630.907517105806619 ], [ -9906656.890120485797524, 3558637.668302460573614 ], [ -9906636.421805016696453, 3558660.219393270555884 ], [ -9906631.770772712305188, 3558680.60798427881673 ], [ -9906638.392107229679823, 3558703.341526001691818 ], [ -9906638.316548267379403, 3558714.685512455180287 ], [ -9906611.347691304981709, 3558696.352791498415172 ], [ -9906593.393755773082376, 3558680.349523311015218 ], [ -9906577.712409431114793, 3558662.092811687383801 ], [ -9906555.183046165853739, 3558655.134399823844433 ], [ -9906534.865913096815348, 3558654.997460046317428 ], [ -9906521.275644779205322, 3558661.712440993636847 ], [ -9906509.958005951717496, 3558666.173984278924763 ], [ -9906512.109401781111956, 3558682.070633613038808 ], [ -9906516.579026164487004, 3558688.907471962273121 ], [ -9906527.836157059296966, 3558693.521140998229384 ], [ -9906527.715104255825281, 3558711.671523999422789 ], [ -9906514.064233647659421, 3558727.461775364819914 ], [ -9906507.216170325875282, 3558738.760026538744569 ], [ -9906516.246085690334439, 3558738.820914081297815 ], [ -9906543.230016840621829, 3558754.885233978740871 ], [ -9906559.002181723713875, 3558759.529331930913031 ], [ -9906601.818895816802979, 3558771.162352085579187 ], [ -9906626.439676491543651, 3558803.092824461404234 ], [ -9906671.136387310922146, 3558871.461380527354777 ], [ -9906691.242603253573179, 3558903.361681933049113 ], [ -9906695.591491900384426, 3558928.349184395745397 ], [ -9906697.773537032306194, 3558939.708560889121145 ], [ -9906726.955215746536851, 3558964.863272278103977 ], [ -9906758.349304769188166, 3558996.839532640762627 ], [ -9906769.425718650221825, 3559028.679396532475948 ], [ -9906776.198358470574021, 3559028.724925871007144 ], [ -9906783.167050581425428, 3558999.275359547231346 ], [ -9906785.515143988654017, 3558985.677410614676774 ], [ -9906796.953658912330866, 3558963.064914326649159 ], [ -9906817.316630505025387, 3558956.394987113773823 ], [ -9906846.694579731673002, 3558952.054384684190154 ], [ -9906873.784981023520231, 3558952.236310171894729 ], [ -9906900.814944934099913, 3558961.493510067928582 ], [ -9906921.087575552985072, 3558968.436421594582498 ], [ -9906925.557434072718024, 3558975.273272398859262 ], [ -9906929.87668526917696, 3559004.798613607883453 ], [ -9906929.756194911897182, 3559022.94936274504289 ], [ -9906929.560395006090403, 3559052.444516717456281 ], [ -9906918.152156580239534, 3559070.519585588015616 ], [ -9906904.531496426090598, 3559081.772991458885372 ], [ -9906877.486203763633966, 3559074.784606276080012 ], [ -9906850.546386117115617, 3559051.914074829313904 ], [ -9906830.243593268096447, 3559049.508701776154339 ], [ -9906825.668200422078371, 3559058.553769853431731 ], [ -9906814.305056916549802, 3559069.822233627084643 ], [ -9906798.366381542757154, 3559090.135775998234749 ], [ -9906780.200416540727019, 3559105.896435826085508 ], [ -9906759.791906220838428, 3559119.373091068118811 ], [ -9906743.943740481510758, 3559126.073369657155126 ], [ -9906752.853187222033739, 3559144.285096790175885 ], [ -9906752.611683467403054, 3559180.587179070804268 ], [ -9906738.930461084470153, 3559200.915910922922194 ], [ -9906720.854773430153728, 3559203.063352113589644 ], [ -9906709.68781890720129, 3559184.836243224330246 ], [ -9906691.717885330319405, 3559171.101493343710899 ], [ -9906662.399734253063798, 3559166.366317140869796 ], [ -9906648.869511483237147, 3559164.006216354202479 ], [ -9906644.445080954581499, 3559150.362522821407765 ], [ -9906626.67178051918745, 3559107.132476149592549 ], [ -9906604.202083762735128, 3559091.098293570801616 ], [ -9906561.520440677180886, 3559059.045349879655987 ], [ -9906532.399505972862244, 3559024.814694460481405 ], [ -9906496.4755689650774, 3558995.076129401102662 ], [ -9906471.854762140661478, 3558963.144924165681005 ], [ -9906462.854977741837502, 3558958.546248393598944 ], [ -9906447.05222250521183, 3558958.439616322051734 ], [ -9906433.491879094392061, 3558960.617077661678195 ], [ -9906426.749670829623938, 3558956.033790063112974 ], [ -9906429.279857248067856, 3558915.209865691140294 ], [ -9906418.037721721455455, 3558908.327246846631169 ], [ -9906409.12892042286694, 3558890.115628752857447 ], [ -9906391.250764839351177, 3558862.767795762047172 ], [ -9906368.857607200741768, 3558835.389589243102819 ], [ -9906353.161243680864573, 3558819.401054048445076 ], [ -9906335.146806202828884, 3558812.472661181818694 ], [ -9906321.601773517206311, 3558812.381129899062216 ], [ -9906314.73823463357985, 3558825.948198312427849 ], [ -9906305.677917692810297, 3558830.424780836794525 ], [ -9906305.586883842945099, 3558844.037727237679064 ], [ -9906312.237960409373045, 3558862.234003857243806 ], [ -9906312.162104060873389, 3558873.57812379533425 ], [ -9906296.268591018393636, 3558887.084297931753099 ], [ -9906284.981027478352189, 3558887.007986559532583 ], [ -9906269.223994070664048, 3558880.094636469148099 ], [ -9906260.239525919780135, 3558873.227075634989887 ], [ -9906251.194338344037533, 3558875.434861991554499 ], [ -9906228.558490065857768, 3558884.3574164272286 ], [ -9906194.589291712269187, 3558900.010045220144093 ], [ -9906140.378755420446396, 3558904.180861164815724 ], [ -9906092.970912147313356, 3558903.859695863910019 ], [ -9906099.682722361758351, 3558912.980873956810683 ], [ -9906144.772242993116379, 3558922.362019333988428 ], [ -9906176.255719412118196, 3558940.726801575161517 ], [ -9906230.345088750123978, 3558954.706539368722588 ], [ -9906279.934725156053901, 3558966.386569101829082 ], [ -9906322.766935359686613, 3558975.751855342648923 ], [ -9906358.675141585990787, 3559007.759724248200655 ], [ -9906409.227111836895347, 3559044.40443275263533 ], [ -9906494.483739266172051, 3559124.393443491309881 ], [ -9906548.377673676237464, 3559167.867277306504548 ], [ -9906575.408013610169291, 3559177.125423972960562 ], [ -9906597.877648774534464, 3559193.159590391907841 ], [ -9906600.044523315504193, 3559206.788137631490827 ], [ -9906588.711294969543815, 3559213.518678587861359 ], [ -9906554.968742605298758, 3559195.139474729541689 ], [ -9906527.968823624774814, 3559181.343616029247642 ], [ -9906523.423349997028708, 3559185.850916668307036 ], [ -9906556.817852640524507, 3559256.414569603744894 ], [ -9906605.894794723019004, 3559345.236360488925129 ], [ -9906641.47222694568336, 3559427.160504840314388 ], [ -9906661.700021337717772, 3559440.910891697742045 ], [ -9906702.352105533704162, 3559438.915429002139717 ], [ -9906747.564765874296427, 3559430.143494584131986 ], [ -9906822.29215282201767, 3559396.610548970289528 ], [ -9906860.86735020391643, 3559367.372422731015831 ], [ -9906860.927653020247817, 3559358.296802564989775 ], [ -9906854.200153816491365, 3559351.444560426287353 ], [ -9906865.608746530488133, 3559333.36907174764201 ], [ -9906904.153689492493868, 3559308.668831563554704 ], [ -9906963.121957657858729, 3559268.222548958379775 ], [ -9907020.058110438287258, 3559193.727577314246446 ], [ -9907079.311145747080445, 3559110.172617985866964 ], [ -9907149.971454981714487, 3559008.542523254174739 ], [ -9907195.782747074961662, 3558909.015566227026284 ], [ -9907205.112938024103642, 3558863.699385142419487 ], [ -9907198.835866082459688, 3558788.783085848670453 ], [ -9907194.786267245188355, 3558718.419905501883477 ], [ -9907210.933874966576695, 3558666.343335380777717 ], [ -9907242.838605608791113, 3558621.178877267986536 ], [ -9907279.168037170544267, 3558589.657385182101279 ], [ -9907349.179386602714658, 3558585.587204853072762 ], [ -9907412.223558628931642, 3558610.965645759832114 ], [ -9907436.861176155507565, 3558640.625474299304187 ], [ -9907459.091746434569359, 3558692.958188891876489 ], [ -9907472.172851866111159, 3558763.381373117212206 ], [ -9907476.657905299216509, 3558767.949076338671148 ], [ -9907497.154766840860248, 3558740.858811514917761 ], [ -9907515.498873975127935, 3558697.871986350975931 ], [ -9907495.361034059897065, 3558670.511051579844207 ], [ -9907484.253237010911107, 3558643.210337245371193 ], [ -9907488.783130750060081, 3558640.971650613471866 ], [ -9907524.648494521155953, 3558679.781753484625369 ], [ -9907531.106883946806192, 3558727.471622521989048 ], [ -9907519.610069017857313, 3558759.159729519858956 ], [ -9907494.553274117410183, 3558793.02639723289758 ], [ -9907489.933567428961396, 3558808.878007006365806 ], [ -9907494.22417332790792, 3558842.940424222033471 ], [ -9907491.727357415482402, 3558879.226526232436299 ], [ -9907482.413047453388572, 3558922.274160967674106 ], [ -9907472.889088738709688, 3558997.085781700909138 ], [ -9907466.026662429794669, 3559010.653780017979443 ], [ -9907461.526563560590148, 3559008.354786020237952 ], [ -9907453.020295131951571, 3558928.885026820003986 ], [ -9907446.262666054069996, 3558926.570988 ], [ -9907430.504913477227092, 3558919.659057973418385 ], [ -9907426.01982481405139, 3558915.091283719986677 ], [ -9907405.582338035106659, 3558933.106463764794171 ], [ -9907400.647865980863571, 3558996.603948252275586 ], [ -9907393.650647038593888, 3559030.591482823248953 ], [ -9907422.519508831202984, 3559103.390923276543617 ], [ -9907433.642608232796192, 3559128.423853490967304 ], [ -9907442.68779244273901, 3559126.215173802338541 ], [ -9907458.595478951931, 3559110.438466839957982 ], [ -9907469.853431822732091, 3559115.051458474248648 ], [ -9907483.219184692949057, 3559142.368245275691152 ], [ -9907483.129406711086631, 3559155.981464595068246 ], [ -9907456.023648947477341, 3559158.069754898082465 ], [ -9907435.750491257756948, 3559151.127592203207314 ], [ -9907419.88773562386632, 3559160.097659156657755 ], [ -9907417.510333502665162, 3559178.233670801855624 ], [ -9907446.738841833546758, 3559196.580447182990611 ], [ -9907485.072789298370481, 3559203.643027679529041 ], [ -9907518.981212086975574, 3559197.062042801175267 ], [ -9907561.187419706955552, 3559301.717079152353108 ], [ -9907576.766350232064724, 3559335.855870740488172 ], [ -9907628.27280911244452, 3559399.731168173719198 ], [ -9907650.789187263697386, 3559408.957056995015591 ], [ -9907705.01664949581027, 3559402.510730954352766 ], [ -9907754.69893766194582, 3559400.571912303101271 ], [ -9907810.90075620636344, 3559437.24962592497468 ], [ -9907858.072345962747931, 3559473.867354577872902 ], [ -9907880.454986426979303, 3559503.513237446546555 ], [ -9907921.062508879229426, 3559508.320766019169241 ], [ -9907923.23085761256516, 3559521.949444632045925 ], [ -9907916.428160982206464, 3559526.442313824314624 ], [ -9907882.563628511503339, 3559526.217666010838002 ], [ -9907862.259842053055763, 3559523.814027900341898 ], [ -9907853.288847006857395, 3559514.678168575745076 ], [ -9907806.206651281565428, 3559464.446911178529263 ], [ -9907749.945061298087239, 3559436.844693275168538 ], [ -9907711.580573193728924, 3559434.320619575213641 ], [ -9907659.50609821267426, 3559456.664604013320059 ], [ -9907643.613058652728796, 3559470.173103114590049 ], [ -9907643.463696546852589, 3559492.862395823933184 ], [ -9907645.168719206005335, 3559576.828457955736667 ], [ -9907653.900556219741702, 3559622.267635208088905 ], [ -9907680.738536801189184, 3559661.020270582754165 ], [ -9907685.044817052781582, 3559692.815885742660612 ], [ -9907669.196388492360711, 3559699.517624394502491 ], [ -9907657.982825057581067, 3559688.097649239003658 ], [ -9907644.511498333886266, 3559676.66265112766996 ], [ -9907624.581041999161243, 3559617.534334087744355 ], [ -9907615.998641982674599, 3559549.405722794588655 ], [ -9907603.050613379105926, 3559458.557964737527072 ], [ -9907587.51630693487823, 3559417.612076779361814 ], [ -9907571.757869640365243, 3559410.700047739781439 ], [ -9907567.167913028970361, 3559422.014608606696129 ], [ -9907569.246084371581674, 3559449.256782009266317 ], [ -9907568.991943327710032, 3559487.828579459805042 ], [ -9907559.841860096901655, 3559505.919975026044995 ], [ -9907525.812877422198653, 3559530.652789360843599 ], [ -9907491.903473837301135, 3559537.23386054020375 ], [ -9907480.540556041523814, 3559548.503349050879478 ], [ -9907487.208732726052403, 3559564.431139659602195 ], [ -9907489.316676281392574, 3559587.135730652138591 ], [ -9907475.681062594056129, 3559600.65911247767508 ], [ -9907448.559379361569881, 3559605.016349586192518 ], [ -9907423.755266647785902, 3559600.312791374977678 ], [ -9907437.420882113277912, 3559582.251485801301897 ], [ -9907423.890051916241646, 3559579.892307283822447 ], [ -9907380.934946019202471, 3559588.681841661222279 ], [ -9907351.600548664107919, 3559586.216909910552204 ], [ -9907331.311780666932464, 3559581.543238725047559 ], [ -9907319.978584023192525, 3559588.274811144918203 ], [ -9907308.615382937714458, 3559599.544097526464611 ], [ -9907288.236694952473044, 3559608.484134950209409 ], [ -9907261.144862910732627, 3559608.303067987319082 ], [ -9907245.401386387646198, 3559599.121622181497514 ], [ -9907229.582965223118663, 3559601.284946837462485 ], [ -9907211.506684046238661, 3559603.433062602765858 ], [ -9907188.930316068232059, 3559603.282041112426668 ], [ -9907161.928639639168978, 3559589.487163223791867 ], [ -9907125.851497501134872, 3559582.438398908823729 ], [ -9907098.729837093502283, 3559586.794963429681957 ], [ -9907062.697776483371854, 3559572.939232675358653 ], [ -9907052.463203683495522, 3559584.215878278017044 ], [ -9907088.404978347942233, 3559611.685386953409761 ], [ -9907119.816593628376722, 3559641.39353301236406 ], [ -9907126.409121319651604, 3559668.666418800130486 ], [ -9907123.941177634522319, 3559700.416917982976884 ], [ -9907139.624487387016416, 3559718.674549398943782 ], [ -9907159.778178254142404, 3559743.769196457695216 ], [ -9907168.598591053858399, 3559775.595480469055474 ], [ -9907204.421023983508348, 3559821.216923634987324 ], [ -9907213.046308893710375, 3559882.540359714999795 ], [ -9907208.170535746961832, 3559936.966321135405451 ], [ -9907198.629112392663956, 3560014.052675272338092 ], [ -9907179.966441573575139, 3560104.693272930104285 ], [ -9907166.149626825004816, 3560145.445445830468088 ], [ -9907141.10409452021122, 3560177.046044695656747 ], [ -9907104.769584679976106, 3560208.570889106485993 ], [ -9907082.086854677647352, 3560224.303181463852525 ], [ -9907054.933533465489745, 3560233.197876369114965 ], [ -9906903.87505305185914, 3560200.416328285355121 ], [ -9906879.250846264883876, 3560168.482686394359916 ], [ -9906832.275741826742887, 3560102.361857949756086 ], [ -9906807.833150247111917, 3560043.199997046496719 ], [ -9906801.376776179298759, 3559995.504901205189526 ], [ -9906781.26870253123343, 3559963.602026568725705 ], [ -9906783.677376190200448, 3559940.92702813912183 ], [ -9906772.615281721577048, 3559906.816029680892825 ], [ -9906763.810971600934863, 3559872.720207283739001 ], [ -9906752.703692406415939, 3559845.416298559401184 ], [ -9906752.91506277397275, 3559813.650391221046448 ], [ -9906737.23220769315958, 3559795.392150207422674 ], [ -9906735.201006377115846, 3559761.342250112444162 ], [ -9906737.68521461263299, 3559727.322724911384284 ], [ -9906737.881512900814414, 3559697.826118289958686 ], [ -9906733.562429368495941, 3559668.299163572024554 ], [ -9906724.60735566355288, 3559656.893584701698273 ], [ -9906675.014486441388726, 3559645.214492868632078 ], [ -9906645.650163169950247, 3559647.285903363022953 ], [ -9906485.249109748750925, 3559598.42784436326474 ], [ -9906492.689782503992319, 3559562.300210466608405 ], [ -9906481.674217816442251, 3559521.383054010570049 ], [ -9906477.477033730596304, 3559473.704900599550456 ], [ -9906432.824713984504342, 3559398.525830142665654 ], [ -9906390.309352675452828, 3559341.513391218148172 ], [ -9906350.006314914673567, 3559291.323033843655139 ], [ -9906266.870501285418868, 3559231.767296994104981 ], [ -9906181.325914837419987, 3559194.884721531067044 ], [ -9906066.524935267865658, 3559144.18949242727831 ], [ -9905967.466689439490438, 3559102.676194571889937 ], [ -9905868.348191348835826, 3559070.237655586563051 ], [ -9905805.213385172188282, 3559058.463638271205127 ], [ -9905796.076402451843023, 3559074.284302487969398 ], [ -9905818.590790558606386, 3559083.513202364556491 ], [ -9905938.012029323726892, 3559118.358936376869678 ], [ -9905955.950480906292796, 3559136.632499818690121 ], [ -9905863.497467011213303, 3559120.121839161496609 ], [ -9905872.390372825786471, 3559140.603064462542534 ], [ -9905901.647221025079489, 3559154.415608023758978 ], [ -9905960.191411189734936, 3559177.5028002015315 ], [ -9906002.99352147616446, 3559191.407166933175176 ], [ -9906068.310630585998297, 3559214.53995957551524 ], [ -9906097.415754238143563, 3559251.041021359618753 ], [ -9906133.506517691537738, 3559255.823511029593647 ], [ -9906173.914871323853731, 3559290.13203975232318 ], [ -9906200.869118507951498, 3559310.735582773573697 ], [ -9906239.111412825062871, 3559331.415474909357727 ], [ -9906288.596279006451368, 3559358.978186500724405 ], [ -9906290.762754978612065, 3559372.60695726191625 ], [ -9906277.217211226001382, 3559372.515364233870059 ], [ -9906202.868450900539756, 3559349.322146024089307 ], [ -9906135.216731915250421, 3559337.519114917609841 ], [ -9906094.580056738108397, 3559337.243790754582733 ], [ -9906087.776922399178147, 3559341.73568627005443 ], [ -9906085.032414812594652, 3559414.325501274317503 ], [ -9906089.517267320305109, 3559418.893926354590803 ], [ -9906121.047592595219612, 3559430.452791443094611 ], [ -9906154.926928816363215, 3559428.413214288186282 ], [ -9906186.578919645398855, 3559421.820436053909361 ], [ -9906220.427844205871224, 3559424.318596480414271 ], [ -9906231.624751705676317, 3559438.008463977836072 ], [ -9906233.760887304320931, 3559456.175165157299489 ], [ -9906226.836126677691936, 3559478.818634466733783 ], [ -9906210.956853067502379, 3559490.056353288237005 ], [ -9906143.228349724784493, 3559489.597795736044645 ], [ -9906093.591171879321337, 3559484.723352679051459 ], [ -9906055.287785723805428, 3559473.118535690475255 ], [ -9906023.863916167989373, 3559445.677175344899297 ], [ -9905983.607918491587043, 3559388.678493185900152 ], [ -9905956.638635996729136, 3559370.343396594747901 ], [ -9905943.138740569353104, 3559363.444693662691861 ], [ -9905922.835658960044384, 3559361.037791966926306 ], [ -9905888.895481918007135, 3559372.152342075947672 ], [ -9905839.152161354199052, 3559383.159401234705001 ], [ -9905787.21202296949923, 3559385.075294806621969 ], [ -9905771.408937606960535, 3559384.967801712453365 ], [ -9905742.151712846010923, 3559371.154611843172461 ], [ -9905708.440777029842138, 3559348.235041833948344 ], [ -9905683.607235116884112, 3559348.065960017498583 ], [ -9905665.485412571579218, 3559357.018641244620085 ], [ -9905640.544792480766773, 3559372.731818633619696 ], [ -9905628.981467960402369, 3559413.49528638087213 ], [ -9905615.114695532247424, 3559461.050279888790101 ], [ -9905603.643013663589954, 3559488.200552203692496 ], [ -9905592.309021355584264, 3559494.930328678805381 ], [ -9905578.809203207492828, 3559488.031256528571248 ], [ -9905578.916349979117513, 3559472.148683294188231 ], [ -9905563.174401434138417, 3559462.965254053473473 ], [ -9905518.022003931924701, 3559462.657263337634504 ], [ -9905470.520360821858048, 3559475.947295307181776 ], [ -9905450.079241063445807, 3559493.959933735895902 ], [ -9905434.322030834853649, 3559487.045293255709112 ], [ -9905429.898731896653771, 3559473.400849422439933 ], [ -9905448.097532082349062, 3559453.10380956530571 ], [ -9905491.130142418667674, 3559432.976378817111254 ], [ -9905536.328021990135312, 3559426.477771718520671 ], [ -9905570.192092822864652, 3559426.708727330900729 ], [ -9905577.056677214801311, 3559413.141361801885068 ], [ -9905602.1198689956218, 3559379.277031182311475 ], [ -9905615.864374542608857, 3559349.873521379660815 ], [ -9905654.457415441051126, 3559318.370400578249246 ], [ -9905665.80650526098907, 3559309.371722662355751 ], [ -9905666.020563680678606, 3559277.607120642904192 ], [ -9905659.27830371633172, 3559273.023308988194913 ], [ -9905647.975121892988682, 3559275.215257424861193 ], [ -9905641.141280679032207, 3559284.244658135343343 ], [ -9905636.534280199557543, 3559297.827305627055466 ], [ -9905620.670118380337954, 3559306.795181524939835 ], [ -9905607.124756515026093, 3559306.702868754975498 ], [ -9905595.790930952876806, 3559313.432644069194794 ], [ -9905588.941552625969052, 3559324.730977591127157 ], [ -9905591.137960540130734, 3559333.821942120790482 ], [ -9905570.819701040163636, 3559333.68341751396656 ], [ -9905550.455510713160038, 3559340.351500337477773 ], [ -9905536.894626760855317, 3559342.528049282263964 ], [ -9905518.680638862773776, 3559365.093902481719851 ], [ -9905502.923548491671681, 3559358.179331769701093 ], [ -9905480.47039090283215, 3559339.873994488734752 ], [ -9905473.774142321199179, 3559328.483337169978768 ], [ -9905507.683900225907564, 3559321.90773330302909 ], [ -9905541.700635954737663, 3559299.449769104365259 ], [ -9905586.974884821102023, 3559281.606478481553495 ], [ -9905614.142223592847586, 3559270.446755253244191 ], [ -9905611.961108434945345, 3559259.086914133746177 ], [ -9905541.976252939552069, 3559258.609760701656342 ], [ -9905512.658488748595119, 3559253.871788162272424 ], [ -9905510.569372858852148, 3559228.898597860243171 ], [ -9905524.130137350410223, 3559226.72218239121139 ], [ -9905546.705826079472899, 3559226.876175983808935 ], [ -9905594.053603304550052, 3559236.274936132133007 ], [ -9905673.053131956607103, 3559239.082218914758414 ], [ -9905673.404757691547275, 3559186.897911299020052 ], [ -9905669.012046158313751, 3559168.716225292999297 ], [ -9905644.178860016167164, 3559168.547074332367629 ], [ -9905601.591286459937692, 3559122.877390960231423 ], [ -9905559.203020244836807, 3559047.712686244864017 ], [ -9905530.100114302709699, 3559011.210994462948292 ], [ -9905485.194641562178731, 3558974.601457001175731 ], [ -9905406.549357518553734, 3558919.610064276028425 ], [ -9905357.206381177529693, 3558871.625438377726823 ], [ -9905283.092721717432141, 3558814.395706336013973 ], [ -9905233.827451789751649, 3558755.067004687618464 ], [ -9905204.818377574905753, 3558704.952638505958021 ], [ -9905171.494405640289187, 3558625.31343006528914 ], [ -9905140.27452371828258, 3558568.377696954179555 ], [ -9905102.344220804050565, 3558502.320741233415902 ], [ -9905069.052059004083276, 3558418.14507935475558 ], [ -9905051.546891301870346, 3558336.346947278827429 ], [ -9905045.005590729415417, 3558302.269767195917666 ], [ -9905018.066692288964987, 3558279.389953937847167 ], [ -9904982.087017567828298, 3558258.72362376563251 ], [ -9904939.350789207965136, 3558235.742156493477523 ], [ -9904892.084554549306631, 3558214.998129488434643 ], [ -9904856.105368113145232, 3558194.331641290802509 ], [ -9904831.351436272263527, 3558182.817531931214035 ], [ -9904817.79171416349709, 3558184.993038225453347 ], [ -9904799.717340581119061, 3558187.13756518624723 ], [ -9904804.062163462862372, 3558212.124251314904541 ], [ -9904826.419882912188768, 3558244.041317141614854 ], [ -9904871.444198658689857, 3558262.501290290616453 ], [ -9904896.121212888509035, 3558285.359053102321923 ], [ -9904927.693864233791828, 3558290.113660147879273 ], [ -9904957.009198911488056, 3558294.85260341828689 ], [ -9904956.828409746289253, 3558322.083968508522958 ], [ -9904977.021740637719631, 3558340.373246343806386 ], [ -9904974.579395374283195, 3558367.582458041142672 ], [ -9904963.184549491852522, 3558383.386071313172579 ], [ -9904947.351839646697044, 3558387.815021296963096 ], [ -9904920.231953278183937, 3558392.166427154559642 ], [ -9904908.914120873436332, 3558396.626430941745639 ], [ -9904886.417081838473678, 3558385.127664152067155 ], [ -9904854.921333137899637, 3558369.029271579347551 ], [ -9904825.652150150388479, 3558357.483956057578325 ], [ -9904812.184939509257674, 3558346.047182517126203 ], [ -9904787.677804397419095, 3558298.233301751781255 ], [ -9904765.347001140937209, 3558261.771651210729033 ], [ -9904756.502760790288448, 3558234.485131554771215 ], [ -9904727.280460946261883, 3558216.13349899975583 ], [ -9904711.525181611999869, 3558209.218587326817214 ], [ -9904675.469017529860139, 3558199.895085030701011 ], [ -9904621.191793704405427, 3558215.402851088438183 ], [ -9904542.059772884473205, 3558233.007660566363484 ], [ -9904499.045477477833629, 3558250.861257880460471 ], [ -9904476.378614073619246, 3558264.317704863846302 ], [ -9904460.452795628458261, 3558282.358209067489952 ], [ -9904440.043350214138627, 3558295.830211537424475 ], [ -9904419.742355255410075, 3558293.421204132493585 ], [ -9904401.667854383587837, 3558295.565086763352156 ], [ -9904390.272243527695537, 3558311.374994898214936 ], [ -9904392.452092921361327, 3558322.734273481182754 ], [ -9904396.920416463166475, 3558329.571562509518117 ], [ -9904376.448639668524265, 3558352.11845803167671 ], [ -9904353.81248958222568, 3558361.037179068662226 ], [ -9904324.466093054041266, 3558360.834245678037405 ], [ -9904277.107301991432905, 3558353.700184351298958 ], [ -9904243.323939489200711, 3558342.122205478604883 ], [ -9904216.374967074021697, 3558321.516205409076065 ], [ -9904203.110477032139897, 3558280.578492715023458 ], [ -9904214.677472891286016, 3558239.820007153786719 ], [ -9904210.255931111052632, 3558226.176581720821559 ], [ -9904194.454199140891433, 3558226.067139686085284 ], [ -9904183.058595828711987, 3558241.869853134267032 ], [ -9904169.31202881410718, 3558271.269125931896269 ], [ -9904162.477702910080552, 3558280.297005483414978 ], [ -9904151.175193576142192, 3558282.487536484375596 ], [ -9904128.679111620411277, 3558270.987529202364385 ], [ -9904112.877325257286429, 3558270.877983275335282 ], [ -9904103.816671593114734, 3558275.35277711879462 ], [ -9904085.633057659491897, 3558293.377248303964734 ], [ -9904058.466420551761985, 3558304.539889107923955 ], [ -9904026.753837537020445, 3558320.201682242564857 ], [ -9903992.877098400145769, 3558322.235307125840336 ], [ -9903963.530986184254289, 3558322.031534085050225 ], [ -9903934.26287187077105, 3558310.484114444348961 ], [ -9903925.342792425304651, 3558294.533416918013245 ], [ -9903911.985643908381462, 3558267.214721486903727 ], [ -9903896.340098541229963, 3558244.417858675122261 ], [ -9903876.070517664775252, 3558237.470602118875831 ], [ -9903841.096620112657547, 3558234.958486283197999 ], [ -9903804.99420371837914, 3558232.438598128501326 ], [ -9903773.500309562310576, 3558216.337894603144377 ], [ -9903746.536860194057226, 3558197.999750616494566 ], [ -9903733.055208932608366, 3558188.830623897258192 ], [ -9903717.253621697425842, 3558188.720584744587541 ], [ -9903701.43630688637495, 3558190.879252113867551 ], [ -9903690.133802963420749, 3558193.069265634287149 ], [ -9903678.878227926790714, 3558188.453263445757329 ], [ -9903656.398487411439419, 3558174.683786185923964 ], [ -9903620.233666596934199, 3558181.23810557462275 ], [ -9903608.884186448529363, 3558190.234222364146262 ], [ -9903599.854733519256115, 3558190.171256361994892 ], [ -9903590.872261447831988, 3558183.302194165997207 ], [ -9903577.328002385795116, 3558183.207722956314683 ], [ -9903554.722963191568851, 3558187.587601897772402 ], [ -9903525.314430495724082, 3558196.457629761192948 ], [ -9903484.493725767359138, 3558223.398188031744212 ], [ -9903452.749133251607418, 3558243.595800930634141 ], [ -9903425.613683521747589, 3558250.212576806545258 ], [ -9903391.611684132367373, 3558270.394301973748952 ], [ -9903362.14003974199295, 3558288.338705859147012 ], [ -9903346.259234031662345, 3558299.578857554122806 ], [ -9903334.830999447032809, 3558319.918280149344355 ], [ -9903312.162602053955197, 3558333.37267538625747 ], [ -9903291.704623240977526, 3558353.648840094916523 ], [ -9903280.323313759639859, 3558367.182199598290026 ], [ -9903241.963279252871871, 3558364.644776643253863 ], [ -9903223.872668869793415, 3558369.055817470420152 ], [ -9903180.808946397155523, 3558393.711246687918901 ], [ -9903158.045995214954019, 3558420.777670446317643 ], [ -9903142.086611494421959, 3558443.35439881356433 ], [ -9903141.960673650726676, 3558461.50412723235786 ], [ -9903170.976582629606128, 3558509.353442316874862 ], [ -9903202.329016879200935, 3558545.874834311194718 ], [ -9903184.300899503752589, 3558541.210722585674375 ], [ -9903107.973559770733118, 3558479.416535383090377 ], [ -9903071.933530490845442, 3558467.819474332034588 ], [ -9903004.021698445081711, 3558494.569090363569558 ], [ -9902949.54375821352005, 3558537.294606752693653 ], [ -9902933.615590065717697, 3558555.333688552491367 ], [ -9902929.021741900593042, 3558566.64572959439829 ], [ -9902926.638016160577536, 3558584.779758797027171 ], [ -9902915.335025837644935, 3558586.969221369363368 ], [ -9902906.226367011666298, 3558598.249546817969531 ], [ -9902901.364106839522719, 3558648.130616651382297 ], [ -9902885.451517237350345, 3558663.900981574319303 ], [ -9902880.968293080106378, 3558659.331622147001326 ], [ -9902881.994635431095958, 3558511.862521833274513 ], [ -9902873.217612378299236, 3558475.499211699236184 ], [ -9902805.558184657245874, 3558465.947712298482656 ], [ -9902769.407829044386744, 3558470.231032512616366 ], [ -9902739.934919752180576, 3558488.174405453260988 ], [ -9902676.426445972174406, 3558530.835100625175983 ], [ -9902656.046286020427942, 3558539.766852575354278 ], [ -9902628.925536124035716, 3558544.113429543096572 ], [ -9902608.60850165784359, 3558543.970145752187818 ], [ -9902572.426340190693736, 3558552.790305133443326 ], [ -9902522.604357030242682, 3558575.127212911844254 ], [ -9902463.75229287147522, 3558597.400254491250962 ], [ -9902409.287986373528838, 3558637.855096797924489 ], [ -9902402.547463370487094, 3558633.269620732869953 ], [ -9902459.332534139975905, 3558583.755780017003417 ], [ -9902511.42816124856472, 3558559.166265912819654 ], [ -9902595.19077467918396, 3558525.724519734270871 ], [ -9902629.068051414564252, 3558523.694559732452035 ], [ -9902697.07556071691215, 3558483.334716436918825 ], [ -9902744.687044275924563, 3558454.175056118052453 ], [ -9902796.765431778505445, 3558431.853248435072601 ], [ -9902848.670253276824951, 3558434.487326263915747 ], [ -9902893.818362703546882, 3558434.804812564514577 ], [ -9902932.257597787305713, 3558425.999661384616047 ], [ -9902957.073400016874075, 3558428.442899761721492 ], [ -9902972.969825325533748, 3558414.941488964017481 ], [ -9903011.613724732771516, 3558376.642670850269496 ], [ -9903043.406468879431486, 3558349.639809675514698 ], [ -9903052.688331415876746, 3558313.403895983938128 ], [ -9903047.155114037916064, 3558297.48343148548156 ], [ -9903033.911019254475832, 3558254.275829781778157 ], [ -9903029.664215818047523, 3558215.676403752528131 ], [ -9903005.179900364950299, 3558165.590957412496209 ], [ -9902991.761899903416634, 3558147.346469192765653 ], [ -9902969.204048397019506, 3558144.919221501797438 ], [ -9902948.950928276404738, 3558135.701738850679249 ], [ -9902849.785141937434673, 3558112.316891176160425 ], [ -9902793.43025771714747, 3558100.576500312425196 ], [ -9902757.312656901776791, 3558100.32226447109133 ], [ -9902730.16126599162817, 3558109.206259476020932 ], [ -9902712.102410804480314, 3558109.079063095152378 ], [ -9902703.199580417945981, 3558090.866072441916913 ], [ -9902671.834065685048699, 3558056.613496970850974 ], [ -9902626.75058239325881, 3558047.220555179752409 ], [ -9902556.804685911163688, 3558042.189658136107028 ], [ -9902507.159031052142382, 3558039.570435433648527 ], [ -9902465.493346186354756, 3558025.663629906252027 ], [ -9902440.662582963705063, 3558025.488210616167635 ], [ -9902422.746719649061561, 3558004.9426638497971 ], [ -9902404.719809152185917, 3558000.277745267376304 ], [ -9902379.825591791421175, 3558009.176779886242002 ], [ -9902368.539000574499369, 3558009.096974275074899 ], [ -9902364.151381308212876, 3557990.915911663323641 ], [ -9902364.246656615287066, 3557977.304075752850622 ], [ -9902382.448110809549689, 3557957.013905995991081 ], [ -9902403.033926201984286, 3557918.590751237701625 ], [ -9902403.113285612314939, 3557907.247573741711676 ], [ -9902324.091288469731808, 3557908.95746330730617 ], [ -9902256.324154730886221, 3557915.284111468587071 ], [ -9902183.962779138237238, 3557932.921592416707426 ], [ -9902104.908843202516437, 3557939.16736513376236 ], [ -9902073.258571915328503, 3557945.749132132157683 ], [ -9902036.981984786689281, 3557968.179257124196738 ], [ -9902003.042443193495274, 3557979.282111434731632 ], [ -9901975.810970943421125, 3557999.507450934965163 ], [ -9901932.730115780606866, 3558026.426640428137034 ], [ -9901910.108859119936824, 3558033.072194682899863 ], [ -9901885.166605552658439, 3558048.776166721247137 ], [ -9901860.383727056905627, 3558041.793702185153961 ], [ -9901808.464894212782383, 3558041.424363231286407 ], [ -9901770.090138610452414, 3558041.151236168574542 ], [ -9901747.564714739099145, 3558034.184537256602198 ], [ -9901711.35137771256268, 3558047.53918265318498 ], [ -9901693.212724318727851, 3558058.753812969196588 ], [ -9901663.755219044163823, 3558074.425289158709347 ], [ -9901632.008322834968567, 3558094.618018010165542 ], [ -9901602.630829077214003, 3558098.946063336450607 ], [ -9901571.043997718021274, 3558096.451923227868974 ], [ -9901534.974469875916839, 3558089.388259717728943 ], [ -9901487.618429215624928, 3558082.243812984321266 ], [ -9901467.302176404744387, 3558082.098710035439581 ], [ -9901443.535979339852929, 3558091.004083571955562 ], [ -9901414.078139090910554, 3558106.675007181242108 ], [ -9901391.408312905579805, 3558120.125592682976276 ], [ -9901380.089438298717141, 3558124.582215403206646 ], [ -9901359.77329571172595, 3558124.436938143800944 ], [ -9901339.360770361497998, 3558137.903678647708148 ], [ -9901321.189439868554473, 3558153.655170332174748 ], [ -9901309.774181835353374, 3558171.723827259615064 ], [ -9901302.88958627730608, 3558187.556005218997598 ], [ -9901300.551831120625138, 3558198.883251454681158 ], [ -9901293.747570538893342, 3558203.372130729723722 ], [ -9901284.734211863949895, 3558201.038874671794474 ], [ -9901262.19270427711308, 3558196.339933783747256 ], [ -9901241.876450072973967, 3558196.194462786894292 ], [ -9901221.528026014566422, 3558200.586302813142538 ], [ -9901207.903354926034808, 3558211.832691661082208 ], [ -9901185.233210207894444, 3558225.283009396400303 ], [ -9901142.149923538789153, 3558252.199832065496594 ], [ -9901124.074890492483974, 3558254.338989081792533 ], [ -9901112.804118506610394, 3558251.989413144532591 ], [ -9901097.018619991838932, 3558249.60735752619803 ], [ -9901081.217016546055675, 3558249.494006836321205 ], [ -9901056.273143457248807, 3558265.196747657842934 ], [ -9901042.648256653919816, 3558276.443010295275599 ], [ -9901040.278102179989219, 3558292.307569984346628 ], [ -9901022.219030002132058, 3558292.177941174246371 ], [ -9901013.237907195463777, 3558285.307100179605186 ], [ -9901004.289044197648764, 3558273.898799314163625 ], [ -9900979.441717121750116, 3558275.989211365114897 ], [ -9900959.060812273994088, 3558284.918021154589951 ], [ -9900943.112989068031311, 3558305.229326215572655 ], [ -9900924.924917474389076, 3558323.2492437036708 ], [ -9900909.058575185015798, 3558332.210441168863326 ], [ -9900888.742207685485482, 3558332.064386381302029 ], [ -9900870.699150633066893, 3558329.665793073363602 ], [ -9900841.466266915202141, 3558313.573924520518631 ], [ -9900807.605592127889395, 3558313.330300110857934 ], [ -9900780.484672179445624, 3558317.67262771492824 ], [ -9900735.35315347276628, 3558315.078820044640452 ], [ -9900715.036819655448198, 3558314.932485164143145 ], [ -9900701.557197755202651, 3558305.760152608621866 ], [ -9900656.475269792601466, 3558296.353472914081067 ], [ -9900620.291495401412249, 3558305.174396086018533 ], [ -9900586.349769476801157, 3558316.273662797641009 ], [ -9900541.137265995144844, 3558325.022652600891888 ], [ -9900523.094465957954526, 3558322.623740133829415 ], [ -9900511.791330920532346, 3558324.810814309865236 ], [ -9900507.227848008275032, 3558331.584422995336354 ], [ -9900509.404200904071331, 3558342.944142578169703 ], [ -9900509.323131652548909, 3558354.287661315407604 ], [ -9900507.049491945654154, 3558356.540102430619299 ], [ -9900493.48907309025526, 3558358.71086698025465 ], [ -9900466.384091457352042, 3558360.783961096312851 ], [ -9900441.601607102900743, 3558353.798524112906307 ], [ -9900396.632386853918433, 3558328.51656226022169 ], [ -9900385.459112901240587, 3558312.554007038474083 ], [ -9900376.625209026038647, 3558285.258049085736275 ], [ -9900365.581903200596571, 3558251.146109905093908 ], [ -9900345.574193170294166, 3558207.89427488995716 ], [ -9900316.56971687451005, 3558160.040005888324231 ], [ -9900278.4546576179564, 3558123.463638593908399 ], [ -9900240.258688498288393, 3558098.230638189706951 ], [ -9900217.701504712924361, 3558095.79848251119256 ], [ -9900208.607097130268812, 3558104.807769175618887 ], [ -9900192.545299446210265, 3558140.991840535774827 ], [ -9900194.591190462931991, 3558170.500800601672381 ], [ -9900194.233266489580274, 3558220.411624572239816 ], [ -9900191.8294358253479, 3558240.813363987021148 ], [ -9900180.36359241977334, 3558265.687071367632598 ], [ -9900166.542195904999971, 3558304.16299334121868 ], [ -9900157.25211058370769, 3558340.396673006005585 ], [ -9900127.254780186340213, 3558430.932197217829525 ], [ -9900117.866861985996366, 3558480.778513923753053 ], [ -9900117.687730608507991, 3558505.734504184219986 ], [ -9900124.37857674062252, 3558517.127263944130391 ], [ -9900144.679107951000333, 3558519.543288349639624 ], [ -9900221.447473624721169, 3558517.830738473217934 ], [ -9900221.382408611476421, 3558526.905634986236691 ], [ -9900149.063692644238472, 3558537.72586000803858 ], [ -9900108.413806514814496, 3558539.699963431805372 ], [ -9900101.527596982195973, 3558555.531986729707569 ], [ -9900094.543546920642257, 3558584.976424590218812 ], [ -9900080.80343253724277, 3558612.10314471879974 ], [ -9900066.981785848736763, 3558650.573586683254689 ], [ -9900060.013981144875288, 3558677.749558235518634 ], [ -9900055.30345655605197, 3558704.941876161377877 ], [ -9900054.961215395480394, 3558752.586006645578891 ], [ -9900038.947203300893307, 3558781.965328764170408 ], [ -9900009.3066466152668, 3558822.590364479459822 ], [ -9899979.69860901683569, 3558858.67780175851658 ], [ -9899965.925401132553816, 3558890.342406501062214 ], [ -9899949.894510244950652, 3558921.990845750551671 ], [ -9899938.460193775594234, 3558942.328029525466263 ], [ -9899951.825697617605329, 3558967.383284073323011 ], [ -9899958.451450189575553, 3558987.851850771810859 ], [ -9899960.480392562225461, 3559019.631561345420778 ], [ -9899946.804774237796664, 3559037.683734584599733 ], [ -9899930.904386464506388, 3559051.181879159528762 ], [ -9899896.960163524374366, 3559062.279779687058181 ], [ -9899858.566117959097028, 3559064.269570420496166 ], [ -9899804.222474448382854, 3559086.563673234079033 ], [ -9899788.338047837838531, 3559097.792814571876079 ], [ -9899722.788232140243053, 3559108.660274048801512 ], [ -9899679.813538009300828, 3559119.691848791204393 ], [ -9899645.852461442351341, 3559133.058080025017262 ], [ -9899627.661324050277472, 3559151.077135311905295 ], [ -9899611.711147606372833, 3559171.381443435326219 ], [ -9899577.635342108085752, 3559200.629459172487259 ], [ -9899545.849564591422677, 3559225.356054770294577 ], [ -9899514.014296563342214, 3559256.889382140245289 ], [ -9899489.001010434702039, 3559281.665558604057878 ], [ -9899479.856021134182811, 3559297.481554180849344 ], [ -9899473.017813645303249, 3559306.507430449593812 ], [ -9899396.24438882060349, 3559308.21543324412778 ], [ -9899337.564530113711953, 3559305.517292620614171 ], [ -9899326.227465698495507, 3559312.241422246675938 ], [ -9899312.550807850435376, 3559330.29320075456053 ], [ -9899305.794460486620665, 3559327.974910850171 ], [ -9899292.314825044944882, 3559318.800162369851023 ], [ -9899265.273577407002449, 3559311.795328026637435 ], [ -9899208.93330530449748, 3559297.768958452623338 ], [ -9899179.667432768270373, 3559286.209619043860584 ], [ -9899157.223639637231827, 3559267.893180933315307 ], [ -9899143.711293457075953, 3559263.256194066256285 ], [ -9899130.166037544608116, 3559263.156892224680632 ], [ -9899130.034313324838877, 3559281.30778654711321 ], [ -9899125.403956105932593, 3559297.156790845561773 ], [ -9899127.579168606549501, 3559308.517668183892965 ], [ -9899123.031134100630879, 3559313.022190113551915 ], [ -9899109.535233400762081, 3559306.116336363367736 ], [ -9899105.086002547293901, 3559297.007801111321896 ], [ -9899075.914287593215704, 3559271.835745884571224 ], [ -9899073.788525065407157, 3559253.668310805223882 ], [ -9899062.714935617521405, 3559224.090482600964606 ], [ -9899049.383904859423637, 3559194.496061073616147 ], [ -9899022.672542952001095, 3559142.114082640036941 ], [ -9898957.798067342489958, 3559059.955632790923119 ], [ -9898933.262377243489027, 3559018.934495468158275 ], [ -9898926.621860774233937, 3559000.734316541813314 ], [ -9898931.301781442016363, 3558978.079411798622459 ], [ -9898954.041644237935543, 3558955.557210919447243 ], [ -9898963.384844290092587, 3558912.516404845286161 ], [ -9898968.163605639711022, 3558876.248958481475711 ], [ -9898990.969082307070494, 3558844.651765441056341 ], [ -9899025.193603111431003, 3558794.987230012658983 ], [ -9899068.39825027063489, 3558752.195432091597468 ], [ -9899091.209310434758663, 3558720.597394281066954 ], [ -9899109.482947431504726, 3558691.23602634947747 ], [ -9899120.836012920364738, 3558682.243793215136975 ], [ -9899143.426889900118113, 3558680.140481933020055 ], [ -9899161.486403683200479, 3558680.27283554058522 ], [ -9899170.516171805560589, 3558680.33900271076709 ], [ -9899177.337845420464873, 3558673.582342925481498 ], [ -9899179.759820444509387, 3558650.911364376079291 ], [ -9899164.122333640232682, 3558628.108191664330661 ], [ -9899134.874493602663279, 3558614.280613054521382 ], [ -9899116.8644550871104, 3558607.342067506164312 ], [ -9899085.385874330997467, 3558588.961294051259756 ], [ -9899044.801670424640179, 3558581.856996984686702 ], [ -9898995.171335931867361, 3558576.955058501567692 ], [ -9898965.857832241803408, 3558572.202137373387814 ], [ -9898927.597163747996092, 3558556.039157344959676 ], [ -9898867.026457825675607, 3558503.410615736618638 ], [ -9898829.079800778999925, 3558444.141891879960895 ], [ -9898802.189201913774014, 3558416.718171299435198 ], [ -9898772.87615511752665, 3558411.964824178721756 ], [ -9898748.094419786706567, 3558404.976036038715392 ], [ -9898734.517033744603395, 3558409.413724276702851 ], [ -9898716.457929346710443, 3558409.280766752082855 ], [ -9898635.373884672299027, 3558383.726433982141316 ], [ -9898621.796486726030707, 3558388.163991974201053 ], [ -9898621.647576754912734, 3558408.582311219070107 ], [ -9898623.474820517003536, 3558467.585310565307736 ], [ -9898616.338564842939377, 3558517.44707964733243 ], [ -9898573.050494650378823, 3558571.580296547617763 ], [ -9898552.45225391164422, 3558609.998833867255598 ], [ -9898540.916746862232685, 3558643.946686788927764 ], [ -9898540.668320026248693, 3558677.977895555086434 ], [ -9898542.511662090197206, 3558734.713344434741884 ], [ -9898544.305370382964611, 3558798.255376032553613 ], [ -9898546.380685281008482, 3558823.228490262292325 ], [ -9898534.911207107827067, 3558848.101808592677116 ], [ -9898525.881283113732934, 3558848.035178366117179 ], [ -9898514.743097200989723, 3558827.5328234215267 ], [ -9898478.590490490198135, 3558831.803832198958844 ], [ -9898444.645710477605462, 3558842.897675960324705 ], [ -9898430.818971067667007, 3558881.366824154742062 ], [ -9898412.626566972583532, 3558899.38372161379084 ], [ -9898378.681464968249202, 3558910.477438270580024 ], [ -9898362.879137948155403, 3558910.360631935764104 ], [ -9898360.737794760614634, 3558894.462437783367932 ], [ -9898376.689523873850703, 3558874.16012077499181 ], [ -9898388.093013845384121, 3558858.362168544437736 ], [ -9898390.466559762135148, 3558842.497408874332905 ], [ -9898361.152678994461894, 3558837.742872960865498 ], [ -9898325.149596031755209, 3558821.59440069552511 ], [ -9898314.061440678313375, 3558794.285764611791819 ], [ -9898289.379027854651213, 3558773.683121427427977 ], [ -9898260.048738116398454, 3558771.197266971226782 ], [ -9898207.894703341647983, 3558802.575637014582753 ], [ -9898153.516182051971555, 3558829.39960150513798 ], [ -9898133.099159443750978, 3558842.861658896319568 ], [ -9898123.952874125912786, 3558858.676259092055261 ], [ -9898114.873124638572335, 3558865.415603451430798 ], [ -9898072.031215174123645, 3558858.291340736206621 ], [ -9898038.185877177864313, 3558855.771376264747232 ], [ -9898029.255978820845485, 3558842.091686733532697 ], [ -9897993.31989729590714, 3558816.867119450587779 ], [ -9897937.016901724040508, 3558798.298136420547962 ], [ -9897876.082337023690343, 3558795.576548447832465 ], [ -9897846.75219988450408, 3558793.089633350260556 ], [ -9897817.388603903353214, 3558795.140252842567861 ], [ -9897799.329050302505493, 3558795.005953021813184 ], [ -9897781.269410494714975, 3558794.871626446023583 ], [ -9897754.196788487955928, 3558792.401287256274372 ], [ -9897756.253659281879663, 3558819.643287297803909 ], [ -9897751.521691903471947, 3558849.103765674401075 ], [ -9897731.254692917689681, 3558842.146222810726613 ], [ -9897731.555437160655856, 3558801.308413277380168 ], [ -9897722.525483425706625, 3558801.24120316375047 ], [ -9897675.102388875558972, 3558803.15696422662586 ], [ -9897659.250158488750458, 3558809.845507037360221 ], [ -9897645.571609431877732, 3558827.894790473394096 ], [ -9897638.564983291551471, 3558859.60723187867552 ], [ -9897634.033436497673392, 3558861.842319408431649 ], [ -9897625.003617372363806, 3558861.775038783438504 ], [ -9897616.124184228479862, 3558841.288804005365819 ], [ -9897618.732973078265786, 3558793.661515552550554 ], [ -9897587.312763549387455, 3558768.469542353413999 ], [ -9897576.025531310588121, 3558768.385400699917227 ], [ -9897555.608288241550326, 3558781.846527701709419 ], [ -9897503.636623227968812, 3558788.265564930159599 ], [ -9897474.222836526110768, 3558797.121600755490363 ], [ -9897417.769809199497104, 3558798.969076263718307 ], [ -9897383.807429688051343, 3558812.328615628182888 ], [ -9897340.680967347696424, 3558843.770952611230314 ], [ -9897322.571027610450983, 3558850.442299235612154 ], [ -9897311.115893200039864, 3558873.045586132444441 ], [ -9897310.897699009627104, 3558902.539749102666974 ], [ -9897294.96122851036489, 3558920.571799870114774 ], [ -9897283.623502979055047, 3558927.293767513241619 ], [ -9897283.757816741243005, 3558909.143552610650659 ], [ -9897284.009652877226472, 3558875.111837196163833 ], [ -9897272.789500785991549, 3558865.952257389668375 ], [ -9897247.974184740334749, 3558863.497778015676886 ], [ -9897202.757986480370164, 3558872.234884992241859 ], [ -9897165.52652233093977, 3558869.687298747710884 ], [ -9897136.16278063505888, 3558871.73614841978997 ], [ -9897109.00588958337903, 3558880.608456492424011 ], [ -9897104.457339050248265, 3558885.112078594975173 ], [ -9897086.48182287812233, 3558873.632856870535761 ], [ -9897073.071721699088812, 3558855.381210868712515 ], [ -9897059.712058736011386, 3558830.323338875547051 ], [ -9897032.757305761799216, 3558811.970169623848051 ], [ -9896996.789723230525851, 3558791.280265516135842 ], [ -9896967.426149435341358, 3558793.328887073323131 ], [ -9896940.319874798879027, 3558795.394383212551475 ], [ -9896913.14634670689702, 3558806.534838886000216 ], [ -9896888.230082165449858, 3558817.692196985241026 ], [ -9896863.246403843164444, 3558837.924552692100406 ], [ -9896845.001298783347011, 3558862.745215972885489 ], [ -9896833.680268844589591, 3558867.198020136915147 ], [ -9896799.700258487835526, 3558882.824839317705482 ], [ -9896781.573119968175888, 3558891.764317153021693 ], [ -9896761.188283573836088, 3558900.686620140913874 ], [ -9896738.613731451332569, 3558900.516830474603921 ], [ -9896718.347267035394907, 3558893.557543110568076 ], [ -9896713.933798076584935, 3558879.911053341347724 ], [ -9896700.45658203586936, 3558870.733893794938922 ], [ -9896691.882791463285685, 3558809.409472026862204 ], [ -9896658.443709773942828, 3558752.435473590157926 ], [ -9896636.038395846262574, 3558729.578001589979976 ], [ -9896595.641545161604881, 3558697.509650607127696 ], [ -9896557.519102588295937, 3558663.189494843129069 ], [ -9896537.490039978176355, 3558624.467929590959102 ], [ -9896503.950574269518256, 3558581.106905475258827 ], [ -9896483.972422769293189, 3558535.579438342247158 ], [ -9896443.66119528748095, 3558492.167401575949043 ], [ -9896421.188968148082495, 3558478.384980712085962 ], [ -9896371.492695676162839, 3558482.547396481502801 ], [ -9896351.227123377844691, 3558475.587940992321819 ], [ -9896317.535969456657767, 3558452.645175222773105 ], [ -9896290.651104288175702, 3558425.216174634173512 ], [ -9896234.471374146640301, 3558390.759326601400971 ], [ -9896180.430460708215833, 3558372.200067892670631 ], [ -9896146.63796223513782, 3558362.869067098479718 ], [ -9896099.216318979859352, 3558364.77891858201474 ], [ -9896081.20849964953959, 3558357.836104664951563 ], [ -9896060.790418760851026, 3558371.294340768363327 ], [ -9896040.354934329167008, 3558387.021185262128711 ], [ -9896015.575095184147358, 3558380.026952575426549 ], [ -9896004.390375716611743, 3558366.329370280727744 ], [ -9896018.019481748342514, 3558355.08862557914108 ], [ -9896027.185166031122208, 3558337.007621387019753 ], [ -9896016.000470716506243, 3558323.310096241068095 ], [ -9895991.27165531180799, 3558309.509822731371969 ], [ -9895954.191315323114395, 3558286.538071027491242 ], [ -9895902.528015572577715, 3558252.114437650889158 ], [ -9895880.108031626790762, 3558231.525193180888891 ], [ -9895830.566109189763665, 3558215.267777201253921 ], [ -9895798.997655309736729, 3558210.490428840741515 ], [ -9895778.647630132734776, 3558214.873491366859525 ], [ -9895751.389091566205025, 3558237.354141811374575 ], [ -9895728.730464788153768, 3558248.525879288557917 ], [ -9895672.280123753473163, 3558250.365527900401503 ], [ -9895658.753212962299585, 3558247.993826916906983 ], [ -9895615.98354073241353, 3558231.786967268679291 ], [ -9895568.630969315767288, 3558224.620275309309363 ], [ -9895548.297957791015506, 3558226.734278868883848 ], [ -9895530.307730631902814, 3558217.522006115876138 ], [ -9895514.643310002982616, 3558199.252527854871005 ], [ -9895494.686729840934277, 3558151.456303815823048 ], [ -9895488.085914136841893, 3558128.718339206650853 ], [ -9895458.877797810360789, 3558110.345633496064693 ], [ -9895404.719713995233178, 3558107.664123140275478 ], [ -9895391.295742724090815, 3558091.680357535835356 ], [ -9895391.67253783158958, 3558041.770665305200964 ], [ -9895382.711872577667236, 3558032.627361739985645 ], [ -9895229.26786626689136, 3558024.649684409610927 ], [ -9895147.954144891351461, 3558030.834379844367504 ], [ -9895140.89032799936831, 3558069.349098345730454 ], [ -9895125.089192666113377, 3558069.228260934818536 ], [ -9895102.533511830493808, 3558066.786946489941329 ], [ -9895052.718361362814903, 3558086.824526934884489 ], [ -9894980.295736774802208, 3558111.226386801805347 ], [ -9894955.413770597428083, 3558117.841989402193576 ], [ -9894944.178886495530605, 3558110.949695875868201 ], [ -9894905.85652937181294, 3558103.849787878338248 ], [ -9894865.225219929590821, 3558103.53826557379216 ], [ -9894820.010327322408557, 3558112.266360655426979 ], [ -9894801.814033815637231, 3558130.276762716006488 ], [ -9894763.405509285628796, 3558134.519564595539123 ], [ -9894765.369563428685069, 3558173.103667113929987 ], [ -9894747.311239399015903, 3558172.965025728568435 ], [ -9894720.102699901908636, 3558188.637382997199893 ], [ -9894672.681932751089334, 3558190.541895545087755 ], [ -9894636.426863795146346, 3558208.41338546294719 ], [ -9894590.935166215524077, 3558253.439304196275771 ], [ -9894540.825096867978573, 3558312.043504532892257 ], [ -9894492.971301354467869, 3558370.663789404556155 ], [ -9894483.526860391721129, 3558425.042464437428862 ], [ -9894483.094484452158213, 3558481.759625584352762 ], [ -9894464.966390542685986, 3558490.695278693456203 ], [ -9894425.018327616155148, 3558483.392553360201418 ], [ -9894368.003345139324665, 3558476.335268686991185 ], [ -9894349.961779871955514, 3558473.927299358416349 ], [ -9894334.385319318622351, 3558444.312407605815679 ], [ -9894323.202448461204767, 3558430.613222397863865 ], [ -9894330.355736723169684, 3558380.754667649976909 ], [ -9894337.300933914259076, 3558358.120365535840392 ], [ -9894348.864777684211731, 3558321.908722100313753 ], [ -9894353.55271027982235, 3558299.256932459305972 ], [ -9894355.96609484218061, 3558278.855280927848071 ], [ -9894349.19418833963573, 3558278.803072178270668 ], [ -9894335.650201048702002, 3558278.698642429895699 ], [ -9894331.239585962146521, 3558265.051963550969958 ], [ -9894342.61279846355319, 3558253.795737161301076 ], [ -9894358.517838966101408, 3558240.305806273594499 ], [ -9894349.592509675770998, 3558226.624281879514456 ], [ -9894218.737664168700576, 3558216.53976092627272 ], [ -9894164.52749509550631, 3558220.658585775177926 ], [ -9894114.745190724730492, 3558236.155380977783352 ], [ -9894065.118929337710142, 3558231.234125648159534 ], [ -9894015.527648745104671, 3558221.775587421376258 ], [ -9893968.298125963658094, 3558198.722376782912761 ], [ -9893918.950447987765074, 3558157.502480493392795 ], [ -9893887.887940077111125, 3558086.930435612797737 ], [ -9893866.307022964581847, 3557957.445213091559708 ], [ -9893850.750003520399332, 3557925.562539814505726 ], [ -9893812.568144550547004, 3557900.310655128676444 ], [ -9893778.709555188193917, 3557900.048151173628867 ], [ -9893724.343840304762125, 3557924.582432044204324 ], [ -9893688.140546459704638, 3557935.645023739896715 ], [ -9893617.589878179132938, 3558009.965396917425096 ], [ -9893542.541199803352356, 3558081.982043931726366 ], [ -9893467.444866567850113, 3558163.076223042793572 ], [ -9893430.925864281132817, 3558214.973671856336296 ], [ -9893428.476237079128623, 3558239.911081316880882 ], [ -9893442.019959751516581, 3558240.016481841448694 ], [ -9893477.962085517123342, 3558262.983828965574503 ], [ -9893477.787206891924143, 3558285.670304632280022 ], [ -9893468.622829696163535, 3558301.47888691816479 ], [ -9893443.564900830388069, 3558330.778103011194617 ], [ -9893407.115134740248322, 3558373.601478992495686 ], [ -9893406.992625573650002, 3558389.482036643195897 ], [ -9893411.472387973219156, 3558394.05459354724735 ], [ -9893474.695376396179199, 3558392.277818033937365 ], [ -9893565.010440487414598, 3558388.44130874145776 ], [ -9893589.980964105576277, 3558370.485029437579215 ], [ -9893671.419662451371551, 3558348.429823039565235 ], [ -9893689.426000451669097, 3558355.375952032860368 ], [ -9893700.590646889060736, 3558371.344124018214643 ], [ -9893675.655334243550897, 3558384.763394802808762 ], [ -9893637.158386861905456, 3558400.345961888786405 ], [ -9893623.579171663150191, 3558404.778162385337055 ], [ -9893431.630837235599756, 3558414.630745379254222 ], [ -9893400.04545159265399, 3558412.116003281436861 ], [ -9893377.525255834683776, 3558398.783234367147088 ], [ -9893326.773793084546924, 3558392.95688733458519 ], [ -9893242.117024624720216, 3558373.356118162628263 ], [ -9893171.64913285151124, 3558346.762851806357503 ], [ -9893117.835910378023982, 3558298.990987836383283 ], [ -9893031.150384793058038, 3558239.126563143450767 ], [ -9892998.336964383721352, 3558217.56200019037351 ], [ -9892970.069816397503018, 3558217.340998371131718 ], [ -9892953.415184080600739, 3558238.518850658554584 ], [ -9892924.817597791552544, 3558280.911451321095228 ], [ -9892910.430695625022054, 3558311.575249963440001 ], [ -9892891.264432214200497, 3558352.857971433550119 ], [ -9892893.344592377543449, 3558388.388149910140783 ], [ -9892893.124251129105687, 3558416.797632954549044 ], [ -9892862.262078618630767, 3558447.334911436308175 ], [ -9892852.655699234455824, 3558470.935821016319096 ], [ -9892854.827703714370728, 3558494.628997338935733 ], [ -9892901.812500013038516, 3558511.570085829123855 ], [ -9892941.620178066194057, 3558542.660676214378327 ], [ -9892974.544643249362707, 3558550.021115622483194 ], [ -9893002.812651196494699, 3558550.24215801153332 ], [ -9893049.907849306240678, 3558552.977900031022727 ], [ -9893082.685703691095114, 3558579.277915632817894 ], [ -9893103.611971385776997, 3558614.955916678067297 ], [ -9893108.01195527613163, 3558655.240248230751604 ], [ -9893138.36119750328362, 3558690.992046559229493 ], [ -9893053.07929826900363, 3558751.885039896238595 ], [ -9893013.050506837666035, 3558749.204454227350652 ], [ -9892947.017172424122691, 3558758.15875676413998 ], [ -9892902.038272609934211, 3558786.218825184274465 ], [ -9892864.089628936722875, 3558819.069179001729935 ], [ -9892809.668955311179161, 3558849.422738840337843 ], [ -9892771.922213941812515, 3558856.230032303370535 ], [ -9892746.064274165779352, 3558848.92427112814039 ], [ -9892689.710741516202688, 3558824.805540051776916 ], [ -9892659.472814213484526, 3558774.847196606919169 ], [ -9892638.345118107274175, 3558765.210764440707862 ], [ -9892593.623371861875057, 3558760.124395171180367 ], [ -9892558.471897564828396, 3558736.171704191248864 ], [ -9892535.246538136154413, 3558693.371479862835258 ], [ -9892497.942441483959556, 3558643.357768040150404 ], [ -9892453.350400874391198, 3558621.698403332848102 ], [ -9892434.560121096670628, 3558614.447805684059858 ], [ -9892415.714686583727598, 3558614.299594508484006 ], [ -9892396.832338940352201, 3558618.886326487641782 ], [ -9892318.873009212315083, 3558646.684486359823495 ], [ -9892271.592795163393021, 3558667.6209427989088 ], [ -9892224.358851173892617, 3558682.63848625542596 ], [ -9892179.360089547932148, 3558713.063262263312936 ], [ -9892160.421952683478594, 3558724.752223785035312 ], [ -9892148.680415201932192, 3558719.924326352775097 ], [ -9892132.356994733214378, 3558698.486659719143063 ], [ -9892127.701173970475793, 3558691.346999932546169 ], [ -9892111.118717370554805, 3558703.054449293296784 ], [ -9892111.044673196971416, 3558712.524452294223011 ], [ -9892122.693644635379314, 3558729.189945973921567 ], [ -9892129.594177629798651, 3558750.553349201567471 ], [ -9892122.323462761938572, 3558776.540313683915883 ], [ -9892070.145760674029589, 3558821.114271228201687 ], [ -9892027.427781850099564, 3558861.027606511954218 ], [ -9891980.072119019925594, 3558891.433412937447429 ], [ -9891949.391942217946053, 3558898.294070713222027 ], [ -9891902.165897265076637, 3558912.126890943851322 ], [ -9891838.375195764005184, 3558935.299245873000473 ], [ -9891802.890411986038089, 3558953.959955433849245 ], [ -9891708.548908038064837, 3558967.419140414800495 ], [ -9891626.060600260272622, 3558971.500612141564488 ], [ -9891557.762360651046038, 3558968.591147860512137 ], [ -9891517.69592990912497, 3558970.640917746350169 ], [ -9891477.536419311538339, 3558984.528340897988528 ], [ -9891451.455324636772275, 3559005.630532865412533 ], [ -9891437.246255416423082, 3559014.988464439753443 ], [ -9891434.797258026897907, 3559026.807567349635065 ], [ -9891434.592222461476922, 3559052.850750494748354 ], [ -9891427.450329173356295, 3559062.264939008746296 ], [ -9891408.473715525120497, 3559078.688090270850807 ], [ -9891365.920618372038007, 3559097.291676168330014 ], [ -9891321.160865450277925, 3559096.935756741091609 ], [ -9891285.842857858166099, 3559094.287133762612939 ], [ -9891238.914157368242741, 3559070.236442593857646 ], [ -9891196.640917722135782, 3559053.325866164173931 ], [ -9891159.060888795182109, 3559038.820219640154392 ], [ -9891126.183198286220431, 3559025.535895329900086 ], [ -9891093.258543783798814, 3559018.170353328343481 ], [ -9891055.622511832043529, 3559010.767160615883768 ], [ -9890989.661242300644517, 3559010.240983782801777 ], [ -9890937.68472496047616, 3559028.767790690530092 ], [ -9890904.610258501023054, 3559040.342245670501143 ], [ -9890880.80901182256639, 3559070.93236667662859 ], [ -9890861.644110275432467, 3559111.030514974612743 ], [ -9890842.422835139557719, 3559158.231459095608443 ], [ -9890830.418852234259248, 3559186.548396497033536 ], [ -9890837.204979440197349, 3559222.118738707620651 ], [ -9890839.335709400475025, 3559250.548695334233344 ], [ -9890824.957119451835752, 3559281.214600389823318 ], [ -9890813.103123035281897, 3559290.590883711352944 ], [ -9890779.840322410687804, 3559325.841314518358558 ], [ -9890744.352858977392316, 3559344.499578061513603 ], [ -9890661.748834440484643, 3559362.780611980706453 ], [ -9890640.452389642596245, 3559374.448947539553046 ], [ -9890630.859992550686002, 3559395.682073274627328 ], [ -9890632.821264548227191, 3559445.421163444872946 ], [ -9890634.632135637104511, 3559514.101695105433464 ], [ -9890641.323936935514212, 3559561.51128908758983 ], [ -9890659.889080768451095, 3559597.177052523009479 ], [ -9890657.288949515670538, 3559627.93789225211367 ], [ -9890649.93948333337903, 3559663.396409556735307 ], [ -9890633.185245454311371, 3559696.411824002396315 ], [ -9890609.4008076954633, 3559724.635317469481379 ], [ -9890583.298020504415035, 3559748.104578184895217 ], [ -9890545.471954900771379, 3559764.37628848105669 ], [ -9890533.654828663915396, 3559769.01713087502867 ], [ -9890526.436795528978109, 3559787.902066410053521 ], [ -9890526.248681442812085, 3559811.579087232705206 ], [ -9890526.004132084548473, 3559842.359206820838153 ], [ -9890518.785862432792783, 3559861.244243870023638 ], [ -9890509.268056454136968, 3559873.007242572959512 ], [ -9890504.367983002215624, 3559896.646630155853927 ], [ -9890508.985833017155528, 3559908.523026287555695 ], [ -9890515.940753750503063, 3559922.785994935315102 ], [ -9890513.528435127809644, 3559929.870296780019999 ], [ -9890506.441713728010654, 3559932.181375195737928 ], [ -9890480.658163651823997, 3559915.399352811742574 ], [ -9890466.654494054615498, 3559898.711912961676717 ], [ -9890466.767430305480957, 3559884.505655390676111 ], [ -9890471.629925232380629, 3559865.601715716067702 ], [ -9890483.541261624544859, 3559849.122339329682291 ], [ -9890490.740667439997196, 3559832.604993860702962 ], [ -9890488.497627710923553, 3559818.379911221098155 ], [ -9890474.437408056110144, 3559808.795643769204617 ], [ -9890458.002622723579407, 3559801.560296611860394 ], [ -9890436.780658213421702, 3559803.757795021403581 ], [ -9890424.869303641840816, 3559820.237159442622215 ], [ -9890417.613142404705286, 3559843.857500480022281 ], [ -9890403.289448728784919, 3559867.421141977887601 ], [ -9890388.984356610104442, 3559888.617053184658289 ], [ -9890355.907238969579339, 3559900.190764791332185 ], [ -9890337.022208796814084, 3559904.774786448571831 ], [ -9890308.882976515218616, 3559887.973620726261288 ], [ -9890280.838286940008402, 3559859.333855246193707 ], [ -9890259.653735652565956, 3559856.795654998160899 ], [ -9890247.855281976982951, 3559859.068692106753588 ], [ -9890240.655729968100786, 3559875.585832531098276 ], [ -9890216.681393811479211, 3559927.486159234307706 ], [ -9890202.338179253041744, 3559953.417476128321141 ], [ -9890190.558500600978732, 3559953.322708437219262 ], [ -9890185.922056939452887, 3559943.813833081629127 ], [ -9890193.537302171811461, 3559875.206850280053914 ], [ -9890212.705203514546156, 3559835.107499380595982 ], [ -9890233.98403905890882, 3559825.807151532266289 ], [ -9890266.966775143519044, 3559826.07234628777951 ], [ -9890299.930658901110291, 3559828.70519685652107 ], [ -9890332.856861654669046, 3559836.073357652872801 ], [ -9890363.389466742053628, 3559848.157916717696935 ], [ -9890377.61919910646975, 3559836.432893250137568 ], [ -9890380.238891456276178, 3559803.303889910224825 ], [ -9890392.470502123236656, 3559746.573886640369892 ], [ -9890420.7788304425776, 3559742.065382411703467 ], [ -9890453.855477955192327, 3559730.491629844065756 ], [ -9890493.94321958348155, 3559726.077569419052452 ], [ -9890543.586400594562292, 3559705.165150094311684 ], [ -9890574.476043108850718, 3559672.263130652252585 ], [ -9890598.382917640730739, 3559628.649896973744035 ], [ -9890591.74754761531949, 3559574.137030897662044 ], [ -9890568.677847625687718, 3559512.389277389738709 ], [ -9890550.169499222189188, 3559469.620594353880733 ], [ -9890522.181520108133554, 3559433.879490651655942 ], [ -9890480.115114357322454, 3559390.922162043396384 ], [ -9890470.823564149439335, 3559374.273223887663335 ], [ -9890501.76921165175736, 3559334.269356300588697 ], [ -9890520.935591652989388, 3559294.171006129123271 ], [ -9890544.681708512827754, 3559270.683987924363464 ], [ -9890554.142614722251892, 3559266.02414653589949 ], [ -9890584.824550520628691, 3559259.166927602142096 ], [ -9890608.476604249328375, 3559247.517658662982285 ], [ -9890646.376015830785036, 3559221.775929457973689 ], [ -9890674.814650630578399, 3559200.693959814030677 ], [ -9890689.193601921200752, 3559170.028429578989744 ], [ -9890701.047668112441897, 3559160.652397854719311 ], [ -9890701.16032992862165, 3559146.446862993761897 ], [ -9890694.337064789608121, 3559115.611850588582456 ], [ -9890624.133393038064241, 3559055.856872214470059 ], [ -9890554.080895204097033, 3558977.16137932986021 ], [ -9890455.986141745001078, 3558869.828829485923052 ], [ -9890399.938227051869035, 3558807.819654463324696 ], [ -9890355.405569680035114, 3558779.050245465710759 ], [ -9890317.714019862934947, 3558778.747546509839594 ], [ -9890301.167543213814497, 3558785.717586394865066 ], [ -9890280.022653289139271, 3558778.444736283272505 ], [ -9890263.62700972892344, 3558766.474723749328405 ], [ -9890244.950903203338385, 3558745.015692281071097 ], [ -9890207.68409538641572, 3558691.44400395732373 ], [ -9890184.127105228602886, 3558691.254561410285532 ], [ -9890141.80002979747951, 3558681.443523412104696 ], [ -9890097.268378226086497, 3558652.67338468041271 ], [ -9890043.40867724083364, 3558611.990067372098565 ], [ -9889987.174596287310123, 3558573.655093149282038 ], [ -9889930.865268122404814, 3558544.789811010938138 ], [ -9889904.971798507496715, 3558542.213365416973829 ], [ -9889862.456114972010255, 3558556.076160466764122 ], [ -9889817.395238772034645, 3558593.594415561296046 ], [ -9889788.954983154311776, 3558614.674597374629229 ], [ -9889762.890880133956671, 3558633.40517654363066 ], [ -9889765.000217076390982, 3558664.201465774793178 ], [ -9889771.839989945292473, 3558692.668353370390832 ], [ -9889764.67812773399055, 3558704.448728706687689 ], [ -9889752.899598453193903, 3558704.353596593718976 ], [ -9889745.889313019812107, 3558697.194023185409606 ], [ -9889738.860175184905529, 3558692.401975717861205 ], [ -9889720.014529487118125, 3558692.249719503801316 ], [ -9889717.65878964215517, 3558692.230685148388147 ], [ -9889708.160277081653476, 3558701.624464846681803 ], [ -9889708.065492328256369, 3558713.461920020636171 ], [ -9889707.951749861240387, 3558727.666917511262 ], [ -9889712.53036617487669, 3558744.277444965206087 ], [ -9889710.098789390176535, 3558753.728459014091641 ], [ -9889707.6673922855407, 3558763.179389244411141 ], [ -9889693.476087760180235, 3558770.167683677747846 ], [ -9889683.996461091563106, 3558777.194050797261298 ], [ -9889672.085121981799603, 3558793.671264965087175 ], [ -9889662.662272602319717, 3558793.595086107496172 ], [ -9889655.651991132646799, 3558786.435410334728658 ], [ -9889658.254219153895974, 3558755.676997178699821 ], [ -9889667.942634550854564, 3558722.60826276615262 ], [ -9889663.439853128045797, 3558696.527735336218029 ], [ -9889656.524454029276967, 3558677.530777759384364 ], [ -9889642.617843024432659, 3558649.006632967852056 ], [ -9889631.010105304419994, 3558627.604215963277966 ], [ -9889640.451893739402294, 3558625.312811228446662 ], [ -9889663.989834221079946, 3558627.870879717171192 ], [ -9889701.623967221006751, 3558635.277976640034467 ], [ -9889722.862983178347349, 3558630.714353608433157 ], [ -9889758.444683093577623, 3558600.222610962577164 ], [ -9889782.190981172025204, 3558576.7381511926651 ], [ -9889789.466403698548675, 3558550.753062565345317 ], [ -9889784.868718491867185, 3558536.510312405880541 ], [ -9889761.520375786349177, 3558510.278025387786329 ], [ -9889731.048257006332278, 3558491.091214973013848 ], [ -9889679.375394279137254, 3558471.73283623252064 ], [ -9889644.211164025589824, 3558450.140130143612623 ], [ -9889634.940319629386067, 3558431.124489188194275 ], [ -9889632.698445683345199, 3558416.900779114570469 ], [ -9889632.869170356541872, 3558395.593908940907568 ], [ -9889640.163750100880861, 3558367.241916554514319 ], [ -9889640.334460478276014, 3558345.935129432938993 ], [ -9889635.71804284863174, 3558334.059926784131676 ], [ -9889621.660067213699222, 3558324.475991924759001 ], [ -9889598.160640347748995, 3558317.183196222409606 ], [ -9889574.585322324186563, 3558319.360081137623638 ], [ -9889558.020062766969204, 3558328.696292181499302 ], [ -9889539.061042312532663, 3558342.748243403155357 ], [ -9889524.851312572136521, 3558352.103581973817199 ], [ -9889505.892222916707397, 3558366.155505015514791 ], [ -9889498.71131556853652, 3558380.302790458314121 ], [ -9889493.867080111056566, 3558396.836722487583756 ], [ -9889484.44452634267509, 3558396.760417231358588 ], [ -9889470.462598524987698, 3558377.706491997931153 ], [ -9889470.614590302109718, 3558358.767159205395728 ], [ -9889487.237027859315276, 3558342.328674277756363 ], [ -9889515.637687960639596, 3558325.985638431273401 ], [ -9889525.250078745186329, 3558302.3877566549927 ], [ -9889520.746406879276037, 3558278.679798588622361 ], [ -9889513.79344148747623, 3558264.41810413915664 ], [ -9889464.534219587221742, 3558237.976139470934868 ], [ -9889422.361265810206532, 3558209.223864333704114 ], [ -9889408.351181706413627, 3558193.721208572387695 ], [ -9889415.855228409171104, 3558139.328613421879709 ], [ -9889427.975351400673389, 3558096.811100722290576 ], [ -9889428.165404967963696, 3558073.137360530439764 ], [ -9889414.088929997757077, 3558065.920798464678228 ], [ -9889371.764344066381454, 3558056.107690610457212 ], [ -9889329.382849426940084, 3558053.39646974299103 ], [ -9889308.220650566741824, 3558048.489881027955562 ], [ -9889280.220083694905043, 3558015.117392564658076 ], [ -9889261.81324078142643, 3557960.515358118806034 ], [ -9889243.0257786847651, 3557953.260331836994737 ], [ -9889188.790631584823132, 3557959.922478512860835 ], [ -9889158.16830357350409, 3557959.6737185199745 ], [ -9889118.180835258215666, 3557952.246232347562909 ], [ -9889063.983790108934045, 3557954.173128259368241 ], [ -9889016.777043178677559, 3557965.626637856010348 ], [ -9888997.93256395868957, 3557965.473291366826743 ], [ -9888993.259523138403893, 3557960.700268757995218 ], [ -9888988.643926326185465, 3557948.825186726171523 ], [ -9888976.904273582622409, 3557943.994646484963596 ], [ -9888967.462961683049798, 3557946.285236881114542 ], [ -9888960.319791743531823, 3557955.697148784529418 ], [ -9888943.830933999270201, 3557955.562894658185542 ], [ -9888939.138823037967086, 3557953.157147006131709 ], [ -9888929.754788426682353, 3557948.345740791875869 ], [ -9888903.90084059163928, 3557941.032636562827975 ], [ -9888880.364493768662214, 3557938.473345775622874 ], [ -9888854.376822074875236, 3557947.731625154614449 ], [ -9888840.24339889921248, 3557947.616424783598632 ], [ -9888830.916753586381674, 3557935.702892092987895 ], [ -9888833.444383013993502, 3557914.416056107264012 ], [ -9888952.921328719705343, 3557704.684178881812841 ], [ -9889120.906533788889647, 3557613.720120845828205 ], [ -9889147.255294851958752, 3557559.483242901973426 ], [ -9889185.190874759107828, 3557529.014798338524997 ], [ -9889241.865285944193602, 3557511.719263428356498 ], [ -9889258.315519416704774, 3557516.587609243579209 ], [ -9889270.073928577825427, 3557519.050491901114583 ], [ -9889277.064383555203676, 3557528.576884591020644 ], [ -9889302.955791359767318, 3557531.15440387185663 ], [ -9889331.202558144927025, 3557533.750876344740391 ], [ -9889350.027221586555243, 3557536.270984542556107 ], [ -9889361.842713510617614, 3557531.631937857717276 ], [ -9889355.042714541777968, 3557498.432799914851785 ], [ -9889359.829816536977887, 3557489.002052226569504 ], [ -9889366.877182269468904, 3557491.426548643503338 ], [ -9889373.848319385200739, 3557503.320168099366128 ], [ -9889378.445298319682479, 3557517.561921617947519 ], [ -9889392.559444641694427, 3557520.043777217622846 ], [ -9889420.825032763183117, 3557520.272814660333097 ], [ -9889456.290365440770984, 3557503.988139512948692 ], [ -9889477.489899303764105, 3557504.15981206484139 ], [ -9889510.675544023513794, 3557478.386890504509211 ], [ -9889539.131045030429959, 3557454.943010163959116 ], [ -9889546.178612427785993, 3557457.367395426146686 ], [ -9889548.533945890143514, 3557457.38645260501653 ], [ -9889548.344151889905334, 3557481.059092355892062 ], [ -9889550.585798157379031, 3557495.28170003509149 ], [ -9889557.405471349135041, 3557526.113418927881867 ], [ -9889566.751681886613369, 3557535.658707315567881 ], [ -9889599.709595920518041, 3557538.292743244674057 ], [ -9889611.449134970083833, 3557543.122515414841473 ], [ -9889611.297389997169375, 3557562.060676780063659 ], [ -9889601.666757183149457, 3557588.024641822092235 ], [ -9889596.462421340867877, 3557649.536059494595975 ], [ -9889601.021759064868093, 3557668.512564595323056 ], [ -9889612.628636986017227, 3557689.913394300732762 ], [ -9889612.495854085311294, 3557706.484606879297644 ], [ -9889612.401009012013674, 3557718.321147656068206 ], [ -9889595.817377887666225, 3557730.024266309570521 ], [ -9889588.618044914677739, 3557746.538284273818135 ], [ -9889602.732128206640482, 3557749.019936665892601 ], [ -9889623.970014840364456, 3557744.456749524921179 ], [ -9889635.956293843686581, 3557718.511593360453844 ], [ -9889666.596871167421341, 3557716.391754661221057 ], [ -9889692.431905472651124, 3557726.070328515954316 ], [ -9889725.276660151779652, 3557742.907889094203711 ], [ -9889750.90341566875577, 3557778.626898914575577 ], [ -9889802.535862481221557, 3557802.718455665744841 ], [ -9889868.41822394169867, 3557812.717673284932971 ], [ -9889903.808175712823868, 3557805.900582699105144 ], [ -9889965.165818057954311, 3557792.190198859665543 ], [ -9890000.536749182268977, 3557787.74020666629076 ], [ -9890007.433044815436006, 3557809.102932979352772 ], [ -9890044.668429056182504, 3557866.222498011775315 ], [ -9890096.113087004050612, 3557913.986506304237992 ], [ -9890147.690038505941629, 3557945.178833985235542 ], [ -9890175.881287736818194, 3557954.875727567821741 ], [ -9890213.438431741669774, 3557971.750129739753902 ], [ -9890276.473504070192575, 3558043.282209381926805 ], [ -9890377.123171744868159, 3558124.586443474981934 ], [ -9890456.686741651967168, 3558191.515794442035258 ], [ -9890498.805437531322241, 3558227.36684255907312 ], [ -9890531.633712159469724, 3558246.570563049986959 ], [ -9890552.759068556129932, 3558256.210058428812772 ], [ -9890578.70855793915689, 3558251.682734824251384 ], [ -9890637.805575149133801, 3558226.112915417179465 ], [ -9890673.252508092671633, 3558212.191232646815479 ], [ -9890718.027919318526983, 3558210.181867436505854 ], [ -9890774.506337776780128, 3558217.73610478034243 ], [ -9890809.784301694482565, 3558225.120871854014695 ], [ -9890847.474104128777981, 3558225.422017552889884 ], [ -9890894.586329841986299, 3558225.798291656654328 ], [ -9890915.73072549700737, 3558233.069723373278975 ], [ -9890927.377688540145755, 3558249.735723956022412 ], [ -9890941.305331397801638, 3558275.890183047391474 ], [ -9890955.157266180962324, 3558309.143773749470711 ], [ -9890999.670987453311682, 3558340.277600112371147 ], [ -9891041.960132148116827, 3558354.820241743698716 ], [ -9891077.294649448245764, 3558355.101946915034205 ], [ -9891112.722747476771474, 3558343.546371694188565 ], [ -9891146.038140945136547, 3558301.195601073093712 ], [ -9891162.976767910644412, 3558246.878962705843151 ], [ -9891165.911618711426854, 3558173.508127454668283 ], [ -9891149.88967496342957, 3558114.191843506414443 ], [ -9891117.173080392181873, 3558080.785634787287563 ], [ -9891075.090554563328624, 3558040.202367323916405 ], [ -9891028.072501309216022, 3558027.989904726389796 ], [ -9890950.394661938771605, 3558020.267682113684714 ], [ -9890853.891006357967854, 3558010.027164114639163 ], [ -9890764.548007942736149, 3557988.00558071071282 ], [ -9890679.897724535316229, 3557968.388417582958937 ], [ -9890654.099094929173589, 3557953.976864928845316 ], [ -9890635.555050676688552, 3557915.94848080445081 ], [ -9890612.149735813960433, 3557896.821080981753767 ], [ -9890551.093369074165821, 3557872.657122340984643 ], [ -9890499.402956999838352, 3557855.670483748894185 ], [ -9890442.944961946457624, 3557845.747910425998271 ], [ -9890381.8325404971838, 3557828.685360020957887 ], [ -9890351.417590791359544, 3557802.398906519170851 ], [ -9890304.514111893251538, 3557775.98003691714257 ], [ -9890264.865916950628161, 3557725.944743565283716 ], [ -9890222.975594967603683, 3557661.686827446799725 ], [ -9890185.777710936963558, 3557599.834214758593589 ], [ -9890174.169959839433432, 3557578.433864898979664 ], [ -9890174.358595406636596, 3557554.761012309696525 ], [ -9890158.153219308704138, 3557519.119327066466212 ], [ -9890123.122819632291794, 3557480.958753676153719 ], [ -9890102.357645118609071, 3557426.341204986907542 ], [ -9890093.332018602639437, 3557376.553106400184333 ], [ -9890068.196168053895235, 3557279.287828326690942 ], [ -9890047.582398649305105, 3557205.733276038430631 ], [ -9890019.97839424200356, 3557122.653489735908806 ], [ -9890004.113957455381751, 3557044.403294845949858 ], [ -9889978.75241756811738, 3556975.546425494365394 ], [ -9889948.661774180829525, 3556909.018986638635397 ], [ -9889916.159130750223994, 3556849.574494866188616 ], [ -9889911.9210369233042, 3556790.35785318352282 ], [ -9889893.853378497064114, 3556693.153586279600859 ], [ -9889873.279511699452996, 3556614.868008010089397 ], [ -9889864.349773013964295, 3556553.247309496160597 ], [ -9889836.729289455339313, 3556472.538330843206495 ], [ -9889820.431417671963573, 3556448.734622032847255 ], [ -9889808.785141978412867, 3556432.071824811398983 ], [ -9889802.362685669213533, 3556351.534449672326446 ], [ -9889797.822480034083128, 3556330.19292557425797 ], [ -9889778.999233946204185, 3556327.673871399834752 ], [ -9889746.06337676756084, 3556322.67352255480364 ], [ -9889687.295452907681465, 3556307.995728844311088 ], [ -9889628.50862648896873, 3556295.68465907452628 ], [ -9889569.7598587423563, 3556278.639229409396648 ], [ -9889518.096110243350267, 3556259.283631559461355 ], [ -9889487.591777792200446, 3556244.833606296218932 ], [ -9889478.379645606502891, 3556218.719853055197746 ], [ -9889476.233201900497079, 3556192.66344077931717 ], [ -9889464.665856206789613, 3556166.530804465524852 ], [ -9889427.001032056286931, 3556163.858561859000474 ], [ -9889358.642395909875631, 3556170.406233269255608 ], [ -9889295.127199407666922, 3556160.422445058822632 ], [ -9889252.944485912099481, 3556134.039873781148344 ], [ -9889253.058649577200413, 3556119.837754453998059 ], [ -9889241.434761563315988, 3556100.806109839584678 ], [ -9889213.210292879492044, 3556095.842587691731751 ], [ -9889170.83527234941721, 3556093.131376678589731 ], [ -9889126.143482737243176, 3556085.666827807668597 ], [ -9889079.267846556380391, 3556056.879826749209315 ], [ -9889037.121791575103998, 3556025.764120038133115 ], [ -9889025.517380099743605, 3556004.365331666078418 ], [ -9889011.500740740448236, 3555990.048412140924484 ], [ -9888985.593511987477541, 3555989.837626598309726 ], [ -9888952.792497515678406, 3555968.266329489182681 ], [ -9888905.86068426631391, 3555946.579956693109125 ], [ -9888821.112104363739491, 3555941.155130436178297 ], [ -9888750.628577753901482, 3555919.276217790320516 ], [ -9888675.626184167340398, 3555873.68883668538183 ], [ -9888647.612913278862834, 3555842.687493760604411 ], [ -9888648.282695222645998, 3555759.843946824781597 ], [ -9888643.648902382701635, 3555750.337816001847386 ], [ -9888620.250536547973752, 3555731.209896955639124 ], [ -9888601.390171865001321, 3555733.422895833849907 ], [ -9888587.163586914539337, 3555745.142191714607179 ], [ -9888579.925772182643414, 3555766.386976599693298 ], [ -9888570.390276625752449, 3555780.511757000815123 ], [ -9888556.259329009801149, 3555780.396281726658344 ], [ -9888537.552179116755724, 3555763.67364038201049 ], [ -9888474.384725373238325, 3555711.080917119048536 ], [ -9888429.905396288260818, 3555677.57775519695133 ], [ -9888406.488253386691213, 3555660.816510441713035 ], [ -9888394.904476523399353, 3555637.05083939852193 ], [ -9888404.516719846054912, 3555613.458793240599334 ], [ -9888404.67015365883708, 3555594.523410876747221 ], [ -9888393.009662726894021, 3555580.225486733019352 ], [ -9888367.045816970989108, 3555587.114171714987606 ], [ -9888291.739490469917655, 3555579.39612098922953 ], [ -9888251.760058740153909, 3555571.967330200597644 ], [ -9888233.053642926737666, 3555555.244418509770185 ], [ -9888153.479537442326546, 3555493.048212345223874 ], [ -9888085.547093916684389, 3555447.516786905005574 ], [ -9888033.869690846651793, 3555430.523081019055098 ], [ -9887968.023415295407176, 3555418.146784720476717 ], [ -9887920.977795992046595, 3555408.28815807774663 ], [ -9887885.689994171261787, 3555403.263757402077317 ], [ -9887813.039165472611785, 3555358.875817605759948 ], [ -9887782.693164467811584, 3555325.487730513326824 ], [ -9887674.842695711180568, 3555265.42371356440708 ], [ -9887583.381969599053264, 3555217.329387004487216 ], [ -9887484.934092739596963, 3555159.708759799599648 ], [ -9887421.599748115986586, 3555128.414772672113031 ], [ -9887400.423754662275314, 3555125.872738135047257 ], [ -9887388.609872145578265, 3555130.50912536168471 ], [ -9887379.054243471473455, 3555146.998921524267644 ], [ -9887367.279063232243061, 3555146.90156608633697 ], [ -9887353.226278275251389, 3555137.317455534357578 ], [ -9887336.915385477244854, 3555115.879746860358864 ], [ -9887247.909075694158673, 3555055.968977703712881 ], [ -9887191.640833426266909, 3555024.732480124570429 ], [ -9887142.263177219778299, 3555014.855602792464197 ], [ -9887069.335720265284181, 3555004.783278051763773 ], [ -9887015.403781469911337, 3554975.932476403191686 ], [ -9886992.164684645831585, 3554937.868492362555116 ], [ -9886964.215860959142447, 3554899.765396798960865 ], [ -9886959.913992373272777, 3554850.024145191069692 ], [ -9886955.447024131193757, 3554820.400510487612337 ], [ -9886913.368733594194055, 3554782.180453236680478 ], [ -9886831.412134476006031, 3554724.693811329081655 ], [ -9886758.739620380103588, 3554683.852196619380265 ], [ -9886725.887311531230807, 3554669.377597074955702 ], [ -9886711.991580929607153, 3554640.859280413016677 ], [ -9886700.41172894090414, 3554617.094130176585168 ], [ -9886627.857242360711098, 3554562.051883606705815 ], [ -9886564.703669028356671, 3554509.454696672502905 ], [ -9886494.48581438139081, 3554456.798608832992613 ], [ -9886447.680748954415321, 3554420.905490211211145 ], [ -9886358.683715846389532, 3554360.991735977120697 ], [ -9886321.103350972756743, 3554348.843759270850569 ], [ -9886295.27788183838129, 3554339.160843432415277 ], [ -9886217.919324968010187, 3554295.911446719896048 ], [ -9886107.73046132363379, 3554235.819433687720448 ], [ -9886053.804523279890418, 3554206.965995837468654 ], [ -9885997.494515219703317, 3554181.642977030482143 ], [ -9885938.839311031624675, 3554155.11673108395189 ], [ -9885882.460664948448539, 3554138.076495375484228 ], [ -9885811.972848014906049, 3554118.550807280465961 ], [ -9885746.155618848279119, 3554103.797621013596654 ], [ -9885678.062413303181529, 3554079.557798366528004 ], [ -9885605.181071657687426, 3554064.744560106191784 ], [ -9885511.067245464771986, 3554054.485680466983467 ], [ -9885358.043875932693481, 3554048.463347344659269 ], [ -9885197.936517106369138, 3554044.746148041449487 ], [ -9885051.918608859181404, 3554045.87942732963711 ], [ -9884955.371569756418467, 3554045.062935239169747 ], [ -9884894.067347282543778, 3554054.011150382924825 ], [ -9884823.403322467580438, 3554055.779532167129219 ], [ -9884806.879922304302454, 3554060.373071179259568 ], [ -9884804.346691560000181, 3554081.652549391612411 ], [ -9884809.01664244197309, 3554086.425654877908528 ], [ -9884820.751063702628016, 3554091.258611248340458 ], [ -9884832.445842368528247, 3554100.824857659172267 ], [ -9884822.967124106362462, 3554107.84492462920025 ], [ -9884818.138442361727357, 3554122.004664124455303 ], [ -9884829.853073062375188, 3554129.204281847458333 ], [ -9884851.026716297492385, 3554131.750452822539955 ], [ -9884902.733768055215478, 3554144.022219181060791 ], [ -9884904.989477979019284, 3554155.8751764241606 ], [ -9884881.381738187745214, 3554162.775705444160849 ], [ -9884829.615154817700386, 3554157.603717896156013 ], [ -9884787.327580543234944, 3554145.41146441269666 ], [ -9884761.563333874568343, 3554128.625600236933678 ], [ -9884745.23833093047142, 3554109.552916401065886 ], [ -9884726.578369729220867, 3554088.093719172757119 ], [ -9884707.759682772681117, 3554085.567319748457521 ], [ -9884594.271784422919154, 3554139.040237344801426 ], [ -9884556.4554394017905, 3554155.286705133039504 ], [ -9884509.060633519664407, 3554190.385882034897804 ], [ -9884487.290438240393996, 3554258.838211172260344 ], [ -9884475.138146195560694, 3554303.704246231820434 ], [ -9884472.544705418869853, 3554332.084025515709072 ], [ -9884486.4549829531461, 3554358.237378681078553 ], [ -9884507.449736787006259, 3554382.083924051374197 ], [ -9884542.573927095159888, 3554406.050703094806522 ], [ -9884561.373163467273116, 3554410.944230127613991 ], [ -9884570.713203374296427, 3554420.490784908644855 ], [ -9884568.278781462460756, 3554429.93743639998138 ], [ -9884565.824477067217231, 3554441.750806047115475 ], [ -9884568.060124529525638, 3554455.970902622211725 ], [ -9884567.920977996662259, 3554472.537640207912773 ], [ -9884565.466663518920541, 3554484.351049507036805 ], [ -9884532.498287973925471, 3554484.070991422049701 ], [ -9884513.659179313108325, 3554483.910918609704822 ], [ -9884492.465332318097353, 3554483.730803810525686 ], [ -9884476.020848646759987, 3554478.857342610601336 ], [ -9884455.006014853715897, 3554457.376994788646698 ], [ -9884436.30635979026556, 3554440.650096593424678 ], [ -9884443.609730323776603, 3554412.310131742618978 ], [ -9884450.97276359051466, 3554376.87021896475926 ], [ -9884439.278038704767823, 3554367.303587988950312 ], [ -9884403.975173020735383, 3554364.636482027359307 ], [ -9884394.496028507128358, 3554371.656354018952698 ], [ -9884389.567210283130407, 3554397.649617365561426 ], [ -9884380.008383685722947, 3554414.13603782095015 ], [ -9884368.2141092736274, 3554416.402467473875731 ], [ -9884349.375203998759389, 3554416.242150408215821 ], [ -9884335.146329659968615, 3554427.955241403076798 ], [ -9884323.1926478035748, 3554449.155123477801681 ], [ -9884327.643298741430044, 3554479.961950837634504 ], [ -9884332.01445989869535, 3554520.235750367864966 ], [ -9884322.276141652837396, 3554558.022484246641397 ], [ -9884305.692325668409467, 3554569.715621105860919 ], [ -9884289.207951879128814, 3554569.575252888258547 ], [ -9884277.632781678810716, 3554545.808028911240399 ], [ -9884261.56727048009634, 3554495.967330723535269 ], [ -9884245.561511237174273, 3554439.026592164300382 ], [ -9884241.410290131345391, 3554372.718897535465658 ], [ -9884251.607057059183717, 3554280.500788882374763 ], [ -9884277.928754745051265, 3554231.022161032538861 ], [ -9884306.346091432496905, 3554212.329699241556227 ], [ -9884344.461655840277672, 3554160.584671918302774 ], [ -9884349.569695441052318, 3554113.29252393078059 ], [ -9884363.77828055806458, 3554103.946343829389662 ], [ -9884399.160219985991716, 3554097.146990235894918 ], [ -9884434.601641725748777, 3554083.247696436941624 ], [ -9884456.133311413228512, 3554043.195742076262832 ], [ -9884461.518172774463892, 3553962.772845659870654 ], [ -9884454.692433634772897, 3553934.313834819477051 ], [ -9884450.420675592496991, 3553882.209187843371183 ], [ -9884427.290824545547366, 3553832.311193628702313 ], [ -9884368.95928567647934, 3553767.91369350720197 ], [ -9884329.187533805146813, 3553736.807998737785965 ], [ -9884312.843861544504762, 3553720.101956349797547 ], [ -9884315.357997760176659, 3553701.189777611289173 ], [ -9884329.625892512500286, 3553684.744023850187659 ], [ -9884329.725475147366524, 3553672.911552220582962 ], [ -9884283.168822728097439, 3553608.61449233815074 ], [ -9884257.227075045928359, 3553613.127065621316433 ], [ -9884235.955071287229657, 3553622.412127478513867 ], [ -9884219.412255337461829, 3553629.371214929968119 ], [ -9884203.088624354451895, 3553610.298722104169428 ], [ -9884182.255198689177632, 3553567.521004166454077 ], [ -9884165.931749936193228, 3553548.448376765474677 ], [ -9884159.166863577440381, 3553512.890741292387247 ], [ -9884147.692638963460922, 3553477.292969776783139 ], [ -9884079.845645222812891, 3553424.648154404945672 ], [ -9884009.604650009423494, 3553376.715947850141674 ], [ -9883946.308203404769301, 3553343.042781672440469 ], [ -9883882.972104473039508, 3553314.102205540053546 ], [ -9883784.296587537974119, 3553287.225783579051495 ], [ -9883708.907466067001224, 3553291.314160150010139 ], [ -9883621.684964267536998, 3553302.400545492302626 ], [ -9883548.610215838998556, 3553311.240931335836649 ], [ -9883482.679858027026057, 3553310.67569065419957 ], [ -9883438.021566962823272, 3553300.82615574169904 ], [ -9883360.538948897272348, 3553274.128271057736129 ], [ -9883313.727515891194344, 3553240.593678680248559 ], [ -9883431.916391439735889, 3552910.28671736875549 ], [ -9883486.112051893025637, 3552906.018450790084898 ], [ -9883559.224433466792107, 3552892.445793946273625 ], [ -9883556.869995072484016, 3552892.425619196612388 ], [ -9883688.866740670055151, 3552876.990250391885638 ], [ -9883787.619106812402606, 3552894.400770423933864 ], [ -9883841.554481266066432, 3552920.893980254419148 ], [ -9883904.828468773514032, 3552956.932915078476071 ], [ -9883975.326584197580814, 3552974.100912085734308 ], [ -9884085.733345231041312, 3553005.808205149136484 ], [ -9884142.184040734544396, 3553013.389188145752996 ], [ -9884226.870213637128472, 3553023.57693186821416 ], [ -9884314.010551415383816, 3553021.952405649702996 ], [ -9884365.811995489522815, 3553022.393076133448631 ], [ -9884420.077581137418747, 3553009.838273508474231 ], [ -9884443.653635771945119, 3553006.488827890716493 ], [ -9884486.175773493945599, 3552990.284115068148822 ], [ -9884509.960428230464458, 3552962.087293981574476 ], [ -9884531.350408148020506, 3552938.603264425415546 ], [ -9884547.83286484144628, 3552938.743210977409035 ], [ -9884564.076337167993188, 3552967.279910491313785 ], [ -9884578.14440674521029, 3552974.498965145554394 ], [ -9884611.049288354814053, 3552981.87794535420835 ], [ -9884665.264958970248699, 3552975.238109521567822 ], [ -9884801.832186928018928, 3552976.395541786216199 ], [ -9884924.212383350357413, 3552984.531210318207741 ], [ -9885023.145558228716254, 3552980.634740219451487 ], [ -9885034.819707214832306, 3552992.566198708023876 ], [ -9885072.236310819163918, 3553023.647929222323 ], [ -9885123.741364184767008, 3553059.581671283114702 ], [ -9885198.69429855979979, 3553107.546277177054435 ], [ -9885259.57930426299572, 3553148.292148310225457 ], [ -9885308.829386990517378, 3553172.37350695207715 ], [ -9885344.050509933382273, 3553184.503336002118886 ], [ -9885431.271281836554408, 3553173.40504078567028 ], [ -9885490.098077610135078, 3553178.633328849915415 ], [ -9885574.845844091847539, 3553181.712850697338581 ], [ -9885645.386937452480197, 3553194.138867063447833 ], [ -9885722.894087474793196, 3553218.45610397355631 ], [ -9885859.228791013360023, 3553247.999505190178752 ], [ -9885983.888929765671492, 3553265.610732596367598 ], [ -9886092.086326166987419, 3553280.716246904805303 ], [ -9886190.904099345207214, 3553291.009349757339805 ], [ -9886289.741893986240029, 3553298.9350904552266 ], [ -9886369.683797303587198, 3553313.802334780804813 ], [ -9886430.690812250599265, 3553340.344337359536439 ], [ -9886470.525335855782032, 3553364.343009885400534 ], [ -9886479.788013549521565, 3553383.353402317501605 ], [ -9886479.378208018839359, 3553433.049841241445392 ], [ -9886474.141883468255401, 3553496.906243327073753 ], [ -9886459.428004961460829, 3553567.784118329640478 ], [ -9886440.004481893032789, 3553638.622991359326988 ], [ -9886427.840242344886065, 3553685.855709435883909 ], [ -9886392.186917493119836, 3553725.792341751977801 ], [ -9886349.273636458441615, 3553789.335865188390017 ], [ -9886306.418575303629041, 3553845.779506827704608 ], [ -9886306.359927397221327, 3553852.87935413653031 ], [ -9886330.005455179139972, 3553841.243092292919755 ], [ -9886403.784910811111331, 3553747.189572915434837 ], [ -9886429.824008941650391, 3553730.839844380039722 ], [ -9886458.432512819766998, 3553688.477593022398651 ], [ -9886480.230264695361257, 3553615.291473194956779 ], [ -9886509.091964485123754, 3553542.164596552494913 ], [ -9886535.832671100273728, 3553440.62035047262907 ], [ -9886538.752974320203066, 3553372.011601976584643 ], [ -9886525.268486766144633, 3553293.799822943285108 ], [ -9886497.461053570732474, 3553239.13553068600595 ], [ -9886472.067057408392429, 3553177.391651856712997 ], [ -9886437.098577065393329, 3553134.501087987795472 ], [ -9886383.195554476231337, 3553103.285642195027322 ], [ -9886326.918544320389628, 3553074.416681579314172 ], [ -9886287.026569828391075, 3553057.517445942852646 ], [ -9886247.076037807390094, 3553047.717419848311692 ], [ -9886221.390285974368453, 3553021.470353644806892 ], [ -9886188.621093183755875, 3552997.530616516713053 ], [ -9886139.448102435097098, 3552963.987393452785909 ], [ -9886102.009269865229726, 3552935.275362923741341 ], [ -9886055.113215487450361, 3552911.217135134153068 ], [ -9886003.70398848131299, 3552863.455595214385539 ], [ -9885968.561486771330237, 3552841.862271543592215 ], [ -9885933.301515704020858, 3552834.467212497722358 ], [ -9885895.647720111533999, 3552831.78512924304232 ], [ -9885860.466244649142027, 3552814.924407839775085 ], [ -9885830.092182176187634, 3552786.271155403926969 ], [ -9885792.635053226724267, 3552759.92495933920145 ], [ -9885757.414629906415939, 3552747.796825236640871 ], [ -9885701.116202047094703, 3552734.266934397164732 ], [ -9885634.99526397511363, 3552709.151935493107885 ], [ -9885596.801088413223624, 3552684.271195231005549 ], [ -9885537.706226427108049, 3552653.952008035033941 ], [ -9885468.445922145619988, 3552586.707931997720152 ], [ -9885350.37472621537745, 3552512.035978638101369 ], [ -9885100.15657371468842, 3552376.604919388424605 ], [ -9884954.13500395976007, 3552305.202835937961936 ], [ -9884884.674289464950562, 3552262.514603068586439 ], [ -9884829.059024766087532, 3552233.97708698362112 ], [ -9884773.355833359062672, 3552215.963528065010905 ], [ -9884703.89610942825675, 3552173.274489475414157 ], [ -9884630.916898101568222, 3552134.063914411235601 ], [ -9884533.592362804338336, 3552084.121367282699794 ], [ -9884450.260370824486017, 3552030.788774827960879 ], [ -9884363.497487293556333, 3551970.410113558638841 ], [ -9884266.204982485622168, 3551916.958248609211296 ], [ -9884141.258446834981441, 3551831.698896163608879 ], [ -9883995.189658986404538, 3551767.305130295921117 ], [ -9883887.428842889145017, 3551713.76202971348539 ], [ -9883818.004746954888105, 3551667.562124460935593 ], [ -9883727.727235686033964, 3551610.659218770451844 ], [ -9883658.155663132667542, 3551581.998662363737822 ], [ -9883606.096308032050729, 3551546.471240639220923 ], [ -9883550.487038444727659, 3551517.929626163095236 ], [ -9883491.328058738261461, 3551496.373860360123217 ], [ -9883446.101419948041439, 3551478.445387041661888 ], [ -9883411.316281776875257, 3551464.114471142645925 ], [ -9883348.786726571619511, 3551428.496548797935247 ], [ -9883251.279161706566811, 3551401.348350265063345 ], [ -9883147.044700663536787, 3551344.322835662402213 ], [ -9883081.115753212943673, 3551298.150362324435264 ], [ -9883043.109875109046698, 3551252.218017500359565 ], [ -9883008.475176764652133, 3551220.34717433899641 ], [ -9882928.406601138412952, 3551195.101190351415426 ], [ -9882869.280251424759626, 3551170.03538968693465 ], [ -9882796.40240210480988, 3551120.29409714601934 ], [ -9882754.698272602632642, 3551098.88612276641652 ], [ -9882768.869146905839443, 3551074.451910312287509 ], [ -9882723.644913828000426, 3551056.521509400103241 ], [ -9882640.207489602267742, 3551017.212903807871044 ], [ -9882612.524989387020469, 3550988.909572551958263 ], [ -9882584.662835547700524, 3550981.652849164325744 ], [ -9882521.987975331023335, 3550963.571073898114264 ], [ -9882442.041974807158113, 3550924.291649093851447 ], [ -9882337.842530367895961, 3550863.749015411827713 ], [ -9882240.446817679330707, 3550824.317399514839053 ], [ -9882118.710267648100853, 3550774.150232334621251 ], [ -9882094.459468111395836, 3550752.892138646915555 ], [ -9882060.039481155574322, 3550696.466199554502964 ], [ -9882001.188435614109039, 3550639.82838971959427 ], [ -9881918.208144759759307, 3550547.901861437130719 ], [ -9881827.992862638086081, 3550485.729266373906285 ], [ -9881821.254045765846968, 3550457.607759495265782 ], [ -9881824.864900076761842, 3550443.607749375514686 ], [ -9881832.147018047049642, 3550408.592471677344292 ], [ -9881828.868204360827804, 3550384.009002082515508 ], [ -9881804.709129117429256, 3550352.228414390701801 ], [ -9881769.959153471514583, 3550334.386845721397549 ], [ -9881759.458783589303493, 3550337.803214801475406 ], [ -9881741.827074909582734, 3550358.696838905103505 ], [ -9881713.755184020847082, 3550375.991667953785509 ], [ -9881692.814579395577312, 3550375.80931583000347 ], [ -9881668.504867529496551, 3550361.565983797423542 ], [ -9881612.996042774990201, 3550322.496344146318734 ], [ -9881540.097708443179727, 3550276.259069692809135 ], [ -9881394.363118842244148, 3550176.768792835995555 ], [ -9881279.859073897823691, 3550098.597469010856003 ], [ -9881259.131384717300534, 3550073.861949753947556 ], [ -9881228.297873053699732, 3550006.945115651935339 ], [ -9881179.862859807908535, 3549957.413368670269847 ], [ -9881141.655346252024174, 3549936.032654982060194 ], [ -9881106.846717810258269, 3549925.204802570398897 ], [ -9881068.821759724989533, 3549882.779339093714952 ], [ -9880874.7540831156075, 3549723.232766003347933 ], [ -9880732.703868726268411, 3549602.726062014233321 ], [ -9880559.858578618615866, 3549411.796487331390381 ], [ -9880421.396456118673086, 3549280.798398013226688 ], [ -9880119.960990469902754, 3549029.107696857769042 ], [ -9879825.394109215587378, 3548791.505269981455058 ], [ -9879579.261384300887585, 3548603.433203846681863 ], [ -9879492.514862738549709, 3548546.545894449576735 ], [ -9879471.762263523414731, 3548525.317649827338755 ], [ -9879461.570779394358397, 3548493.661238795146346 ], [ -9879461.97144404053688, 3548448.06974316900596 ], [ -9879451.749489825218916, 3548419.920532802119851 ], [ -9879434.486751472577453, 3548398.723468692041934 ], [ -9879316.120397182181478, 3548366.105947514530271 ], [ -9879208.25400741957128, 3548330.07360744709149 ], [ -9878955.130412550643086, 3548226.944148547016084 ], [ -9878537.530336728319526, 3548049.354469274636358 ], [ -9878119.764261463657022, 3547891.812309758737683 ], [ -9877787.779123956337571, 3547815.271524121519178 ], [ -9877482.229746723547578, 3547759.021393948700279 ], [ -9877169.970531309023499, 3547709.389841644093394 ], [ -9876957.324137702584267, 3547680.714922374580055 ], [ -9876644.948854546993971, 3547644.446249783504754 ], [ -9876259.094661843031645, 3547640.928478077054024 ], [ -9875759.902909902855754, 3547663.105974490288645 ], [ -9875360.560451479628682, 3547679.496827746275812 ], [ -9875081.08833921700716, 3547683.607855349313468 ], [ -9874987.828437514603138, 3547696.120176437776536 ], [ -9874848.00055712275207, 3547708.201357499696314 ], [ -9874721.599925398826599, 3547707.032139326445758 ], [ -9874555.099768860265613, 3547725.549892232287675 ], [ -9874268.297254424542189, 3547803.127766479738057 ], [ -9874048.141561325639486, 3547867.946798917837441 ], [ -9873861.124677561223507, 3547946.444398672319949 ], [ -9873667.267071910202503, 3548044.936405193526298 ], [ -9873379.52313675917685, 3548222.789128350559622 ], [ -9873065.159124782308936, 3548400.387601688038558 ], [ -9872729.955051057040691, 3548671.403075129725039 ], [ -9872347.788701696321368, 3548982.094889827538282 ], [ -9872072.873733252286911, 3549206.862692280672491 ], [ -9871898.630269829183817, 3549338.959128859452903 ], [ -9871650.754239194095135, 3549517.16723208874464 ], [ -9871443.297106478363276, 3549642.257168571464717 ], [ -9871089.011887170374393, 3549812.756973427254707 ], [ -9870735.098715586587787, 3549943.126491174567491 ], [ -9870394.676330581307411, 3550053.553146459627897 ], [ -9870220.786421269178391, 3550145.511029360815883 ], [ -9870112.795880516991019, 3550304.980954102706164 ], [ -9870065.963125815615058, 3550331.281568334437907 ], [ -9869966.026271784678102, 3550343.694470606744289 ], [ -9869806.331989439204335, 3550342.154139799065888 ], [ -9869740.303814614191651, 3550288.013288586400449 ], [ -9869627.890685735270381, 3550213.360663524828851 ], [ -9869508.761444369331002, 3550145.330174954142421 ], [ -9869349.774654535576701, 3550070.225248928647488 ], [ -9869223.93027918599546, 3550008.815652700141072 ], [ -9869110.945111064240336, 3549994.343751476611942 ], [ -9868991.370174996554852, 3549973.11950751254335 ], [ -9868938.397809425368905, 3549945.853652936406434 ], [ -9868845.117004040628672, 3549958.322243127040565 ], [ -9868745.31159446015954, 3549957.350968578830361 ], [ -9868639.174354203045368, 3549922.87863771757111 ], [ -9868559.072053162381053, 3549948.84860002156347 ], [ -9868499.188181923702359, 3549948.26456083310768 ], [ -9868432.715627197176218, 3549940.928110881708562 ], [ -9868372.961603308096528, 3549926.969373456202447 ], [ -9868213.337607648223639, 3549918.722043340094388 ], [ -9868053.454675316810608, 3549937.220595052931458 ], [ -9867930.264082444831729, 3549946.045841302257031 ], [ -9867690.861293083056808, 3549930.321659571025521 ], [ -9867510.951428079977632, 3549955.30471371486783 ], [ -9867391.054781921207905, 3549967.500454863999039 ], [ -9867231.235605116933584, 3549979.301631840877235 ], [ -9867144.737403616309166, 3549978.448778626509011 ], [ -9867091.44268187507987, 3549984.610833627637476 ], [ -9867037.886300325393677, 3550017.520653653889894 ], [ -9866864.104844408109784, 3550096.056970532983541 ], [ -9866763.119724342599511, 3550215.43861747905612 ], [ -9866548.361058797687292, 3550400.572567415423691 ], [ -9866347.429584739729762, 3550532.338762779720128 ], [ -9866112.762938145548105, 3550710.583767640870064 ], [ -9866031.728599255904555, 3550830.163743725046515 ], [ -9865957.874415436759591, 3550896.309862462803721 ], [ -9865857.402289310470223, 3550962.190836259163916 ], [ -9865717.003701655194163, 3551027.672952513676137 ], [ -9865657.05345200933516, 3551033.760262997820973 ], [ -9865596.967207161709666, 3551053.224799357354641 ], [ -9865503.146417630836368, 3551119.170138035900891 ], [ -9865422.963990898802876, 3551151.809898506384343 ], [ -9865349.436078911647201, 3551184.515572322998196 ], [ -9865188.870232718065381, 3551269.856174417305738 ], [ -9865108.022810762748122, 3551369.372006434481591 ], [ -9865007.742460664361715, 3551415.184752931818366 ], [ -9864993.901910843327641, 3551468.553361545782536 ], [ -9864973.539568552747369, 3551508.48000669060275 ], [ -9864866.669560346752405, 3551547.537582009565085 ], [ -9864726.925912657752633, 3551546.132718961685896 ], [ -9864647.33848493359983, 3551518.577988109085709 ], [ -9864573.872658312320709, 3551544.592280924785882 ], [ -9864486.897739259526134, 3551590.535973890684545 ], [ -9864433.461759710684419, 3551610.062770218588412 ], [ -9864427.140344120562077, 3551576.556594667956233 ], [ -9864387.54816035553813, 3551542.714477302972227 ], [ -9864327.658038502559066, 3551542.110313568729907 ], [ -9864294.117933668196201, 3551568.525813221465796 ], [ -9864226.570903522893786, 3551668.172409611288458 ], [ -9864202.845070471987128, 3551711.408512196037918 ], [ -9864148.147168729454279, 3551858.001182161271572 ], [ -9864132.696991566568613, 3552071.88415949838236 ], [ -9864124.436158200725913, 3552232.332511743530631 ], [ -9864110.323436800390482, 3552312.456271449103951 ], [ -9864129.685786034911871, 3552372.852821041364223 ], [ -9864109.319462586194277, 3552412.780265808105469 ], [ -9864088.819363247603178, 3552466.085162739269435 ], [ -9864055.075906382873654, 3552512.566652763169259 ], [ -9864040.158610804006457, 3552672.953193832654506 ], [ -9864024.369913810864091, 3552920.29251518426463 ], [ -9863572.961212527006865, 3552802.000747037120163 ], [ -9863553.197815259918571, 3552781.732247281353921 ], [ -9863566.844123087823391, 3552748.425588875543326 ], [ -9863607.110521152615547, 3552715.388216977007687 ], [ -9863621.025414783507586, 3552655.327581039629877 ], [ -9863614.840697025880218, 3552608.441550978459418 ], [ -9863588.556844571605325, 3552574.72944022109732 ], [ -9863602.270018830895424, 3552534.734310081694275 ], [ -9863615.848701324313879, 3552508.116155744995922 ], [ -9863617.058226624503732, 3552387.726941287983209 ], [ -9863597.698582492768764, 3552327.330122573301196 ], [ -9863558.576232556253672, 3552246.66647666785866 ], [ -9863532.024051032960415, 3552239.707344556692988 ], [ -9863524.763985330238938, 3552299.834014110732824 ], [ -9863517.705831272527575, 3552339.895913937594742 ], [ -9863471.256110426038504, 3552326.045972530264407 ], [ -9863432.269156718626618, 3552232.005384700372815 ], [ -9863400.206812245771289, 3552111.280134942848235 ], [ -9863375.001461582258344, 3551970.560222041793168 ], [ -9863302.271437153220177, 3551922.999298545531929 ], [ -9863263.881239023059607, 3551768.775418140925467 ], [ -9863205.944791574031115, 3551574.217412975616753 ], [ -9863186.520521743223071, 3551520.511859659105539 ], [ -9863179.798841189593077, 3551527.131504187826067 ], [ -9863165.344045635312796, 3551640.689414144027978 ], [ -9863136.973046354949474, 3551814.303599443286657 ], [ -9863156.543606881052256, 3551854.62933343835175 ], [ -9863149.484874801710248, 3551894.689328310079873 ], [ -9863129.251208679750562, 3551921.237882680259645 ], [ -9863069.291587501764297, 3551927.315976640675217 ], [ -9863043.078021142631769, 3551886.916533743496984 ], [ -9863050.935363346710801, 3551766.606917019933462 ], [ -9863025.329503815621138, 3551666.017075462266803 ], [ -9863019.754690412431955, 3551558.943834939040244 ], [ -9862994.689442239701748, 3551404.85351141076535 ], [ -9862969.89478257112205, 3551224.015032376162708 ], [ -9862943.884938806295395, 3551163.554789405781776 ], [ -9862957.666220104321837, 3551116.87737053213641 ], [ -9862972.054915703833103, 3551010.012280380818993 ], [ -9862980.396585587412119, 3550842.893179481383413 ], [ -9862955.468033622950315, 3550675.436788782011718 ], [ -9862910.105396717786789, 3550554.590134721715003 ], [ -9862867.288978287950158, 3550539.057284932117909 ], [ -9862778.488420596346259, 3550546.257633925881237 ], [ -9862721.703667653724551, 3550578.104034294374287 ], [ -9862664.426266610622406, 3550658.585289067123085 ], [ -9862598.343763798475266, 3550811.937334776856005 ], [ -9862523.045648423954844, 3551078.693044961430132 ], [ -9862553.830516263842583, 3551224.933454715646803 ], [ -9862641.241304976865649, 3551355.540326185058802 ], [ -9862664.6183046028018, 3551436.851008579134941 ], [ -9862615.238146230578423, 3551533.63214309932664 ], [ -9862574.908402930945158, 3551533.219679799862206 ], [ -9862518.61139103025198, 3551516.429323516786098 ], [ -9862429.968160754069686, 3551507.414565929677337 ], [ -9862324.617874938994646, 3551554.978448091540486 ], [ -9862250.953921124339104, 3551659.617821332998574 ], [ -9862113.09046309441328, 3551731.169392382260412 ], [ -9861992.429994191974401, 3551697.500611437950283 ], [ -9861485.428422100841999, 3551578.779474768787622 ], [ -9861267.979831915348768, 3551544.105149247683585 ], [ -9861251.267780816182494, 3551600.683342675212771 ], [ -9861161.961095148697495, 3551656.510942065156996 ], [ -9861024.756472550332546, 3551663.198435381054878 ], [ -9860928.379999563097954, 3551621.664324887562543 ], [ -9860855.453631995245814, 3551653.337570745963603 ], [ -9860822.69050838984549, 3551701.64149034069851 ], [ -9860669.353015108034015, 3551708.157839815597981 ], [ -9860613.22467016428709, 3551675.146012364886701 ], [ -9860589.776595909148455, 3551601.937547683250159 ], [ -9860469.788680739700794, 3551503.403984559699893 ], [ -9860357.367527320981026, 3551453.592022858560085 ], [ -9859986.841820884495974, 3551401.087042704224586 ], [ -9859777.383069137111306, 3551374.578243149444461 ], [ -9859778.054137494415045, 3551309.728974137455225 ], [ -9859826.951210916042328, 3551261.597840861883014 ], [ -9860132.778906174004078, 3551329.646796412300318 ], [ -9860438.693690240383148, 3551389.581164196599275 ], [ -9860526.833934295922518, 3551447.247132665477693 ], [ -9860567.2465580701828, 3551439.559728537220508 ], [ -9860712.348268542438745, 3551449.173446079716086 ], [ -9860825.103705573827028, 3551466.557170007843524 ], [ -9860898.195375349372625, 3551418.672042017336935 ], [ -9860971.785178674384952, 3551322.148859949316829 ], [ -9861158.127819936722517, 3551243.006642364431173 ], [ -9861433.273667957633734, 3551156.671936913393438 ], [ -9861627.676867393776774, 3551077.606852036435157 ], [ -9861830.060225501656532, 3551006.728303934913129 ], [ -9861980.829053642228246, 3550892.315829950850457 ], [ -9862146.993928454816341, 3550732.593110712710768 ], [ -9862250.519840806722641, 3550568.290801062248647 ], [ -9862275.620833007618785, 3550411.060411719605327 ], [ -9862261.989897560328245, 3550210.126578820403665 ], [ -9862215.944387776777148, 3550115.164432387799025 ], [ -9862177.133969563990831, 3550079.332801824435592 ], [ -9862122.175827089697123, 3550090.580076140817255 ], [ -9862086.682689838111401, 3550113.838340976741165 ], [ -9862030.603622915223241, 3550235.312560588121414 ], [ -9861989.991685219109058, 3550376.632186410948634 ], [ -9861926.27659604139626, 3550478.344027455896139 ], [ -9861866.517600266262889, 3550576.159689695574343 ], [ -9861857.801506688818336, 3550662.689176432788372 ], [ -9861884.26005819439888, 3550757.455460199620575 ], [ -9861883.458552492782474, 3550836.192838036455214 ], [ -9861803.990918198600411, 3550945.620414113625884 ], [ -9861760.379260860383511, 3550996.357109755743295 ], [ -9861638.501488266512752, 3551038.412809331901371 ], [ -9861575.704129597172141, 3551049.577846302650869 ], [ -9861505.514227436855435, 3551017.355471039190888 ], [ -9861385.285021528601646, 3550897.995026619173586 ], [ -9861292.196805452927947, 3550806.476060870569199 ], [ -9861230.08509049192071, 3550750.712540507316589 ], [ -9861172.213400075212121, 3550663.494790489319712 ], [ -9861157.229817412793636, 3550596.406963754445314 ], [ -9861189.574406426399946, 3550498.311294827144593 ], [ -9861229.6316799223423, 3550412.107347909361124 ], [ -9861269.567758627235889, 3550337.714198308531195 ], [ -9861289.7167674228549, 3550282.802322649862617 ], [ -9861278.448622684925795, 3550235.440696937497705 ], [ -9861259.064819259569049, 3550215.554783617146313 ], [ -9861212.422615183517337, 3550179.639208247885108 ], [ -9861200.9133131057024, 3550155.897667514160275 ], [ -9861154.835774730890989, 3550064.868856238666922 ], [ -9861147.445063315331936, 3550021.484969654120505 ], [ -9861190.974944200366735, 3549978.627419567666948 ], [ -9861269.717021284624934, 3549940.070667883381248 ], [ -9861321.241040455177426, 3549881.547678904607892 ], [ -9861345.104872861877084, 3549846.361026911064982 ], [ -9861353.461698718369007, 3549795.266522611491382 ], [ -9861326.365042394027114, 3549763.491089337971061 ], [ -9861268.054367756471038, 3549719.582523066084832 ], [ -9861248.953067786991596, 3549672.141817867290229 ], [ -9861221.655742973089218, 3549660.049063510261476 ], [ -9861163.265184927731752, 3549624.013375370763242 ], [ -9861163.587475970387459, 3549592.521326848771423 ], [ -9861155.914949940517545, 3549576.69443867309019 ], [ -9861089.288232881575823, 3549579.942479124292731 ], [ -9861006.953815348446369, 3549586.964528113137931 ], [ -9860960.113030256703496, 3549570.732153535820544 ], [ -9860914.28143997117877, 3549456.088114641141146 ], [ -9860891.466795343905687, 3549388.925105120055377 ], [ -9860860.657519575208426, 3549337.427165329921991 ], [ -9860857.225224375724792, 3549290.149876995943487 ], [ -9860861.707313841208816, 3549235.080714744515717 ], [ -9860862.232191201299429, 3549183.908253146801144 ], [ -9860862.51481693610549, 3549156.353583197109401 ], [ -9860835.380517197772861, 3549128.514945601113141 ], [ -9860808.448137514293194, 3549080.9947698591277 ], [ -9860801.261064426973462, 3549017.932465658057481 ], [ -9860798.758211316540837, 3548880.121844963170588 ], [ -9860807.116491388529539, 3548829.031522669363767 ], [ -9860803.644095819443464, 3548785.692104157060385 ], [ -9860796.174441520124674, 3548750.184834775980562 ], [ -9860804.815339375287294, 3548671.541710590943694 ], [ -9860805.542294699698687, 3548600.690089537296444 ], [ -9860739.567185243591666, 3548540.95749004278332 ], [ -9860716.714733356609941, 3548477.73524448601529 ], [ -9860717.40172790363431, 3548410.821054716128856 ], [ -9860725.638748001307249, 3548371.541032448410988 ], [ -9860741.587394043803215, 3548344.150675972457975 ], [ -9860718.977711385115981, 3548257.313142141792923 ], [ -9860673.718663083389401, 3548087.575372871477157 ], [ -9860630.84071397408843, 3548067.448536234907806 ], [ -9860595.674128536134958, 3548059.210804253350943 ], [ -9860560.507896473631263, 3548050.972831760998815 ], [ -9860537.333467045798898, 3548019.240927875507623 ], [ -9860521.789185805246234, 3548007.270236472133547 ], [ -9860502.248030427843332, 3548003.130844444502145 ], [ -9860392.630744783207774, 3547998.05573114939034 ], [ -9860059.823416225612164, 3547986.716790331993252 ], [ -9859734.767412269487977, 3547983.3258092016913 ], [ -9859527.120326958596706, 3547989.028101212345064 ], [ -9859526.834881689399481, 3548016.580009107943624 ], [ -9859536.710877830162644, 3548953.584997688885778 ], [ -9859536.180651262402534, 3549004.756643326953053 ], [ -9859469.352860519662499, 3549027.677699638530612 ], [ -9859398.567276600748301, 3549054.49363676737994 ], [ -9859355.279643464833498, 3549073.723742945119739 ], [ -9859291.959274765104055, 3549136.048294481821358 ], [ -9859259.767173336818814, 3549218.382850280962884 ], [ -9859235.735316311940551, 3549269.309382705483586 ], [ -9859223.044806255027652, 3549359.722963286563754 ], [ -9859215.047899648547173, 3549375.386360626667738 ], [ -9859179.551347395405173, 3549398.634786838665605 ], [ -9859172.321603333577514, 3549717.4470105455257 ], [ -9859179.091720947995782, 3549819.878802323248237 ], [ -9859194.432045537978411, 3549851.535595402121544 ], [ -9859194.023003950715065, 3549890.901022262871265 ], [ -9859169.948767075315118, 3549945.76637604041025 ], [ -9859169.294153112918139, 3550008.751877222210169 ], [ -9859173.609440691769123, 3550347.385713736992329 ], [ -9859211.880202936008573, 3550434.404479135293514 ], [ -9859356.847794706001878, 3550809.959911845624447 ], [ -9859345.014235846698284, 3550817.710395830217749 ], [ -9859261.485047871246934, 3550938.89060374442488 ], [ -9859218.149906784296036, 3550962.059937540441751 ], [ -9859179.059168864041567, 3550953.774944166187197 ], [ -9859143.967815488576889, 3550937.657380788587034 ], [ -9859128.093878785148263, 3550957.177295587956905 ], [ -9859123.726373368874192, 3551000.441770979203284 ], [ -9859111.769808933138847, 3551020.003196373116225 ], [ -9859060.845503598451614, 3551019.4683195380494 ], [ -9859033.301552901044488, 3551030.9908243753016 ], [ -9858993.801073111593723, 3551062.074345979373902 ], [ -9858977.476186793297529, 3551124.900555896572769 ], [ -9858953.603176245465875, 3551160.085878901183605 ], [ -9859008.322779146954417, 3551172.473424007650465 ], [ -9859008.158864121884108, 3551188.221184252761304 ], [ -9858933.729725861921906, 3551187.438714720308781 ], [ -9858921.731684347614646, 3551210.936641066800803 ], [ -9858921.198595214635134, 3551262.117449403740466 ], [ -9858936.539911564439535, 3551293.777986064553261 ], [ -9858959.716010304167867, 3551325.520963447168469 ], [ -9858986.932777862995863, 3551345.494264665525407 ], [ -9859041.530000949278474, 3551369.692786964587867 ], [ -9859037.325903927907348, 3551397.21056534582749 ], [ -9859009.658303152769804, 3551420.544590535108 ], [ -9858974.360934333875775, 3551424.111065599601716 ], [ -9858946.939016534015536, 3551423.822738604154438 ], [ -9858911.149324102327228, 3551474.633293024264276 ], [ -9858583.073801530525088, 3551376.67928710905835 ], [ -9858595.072484729811549, 3551353.181102266069502 ], [ -9858650.532047206535935, 3551294.704290342517197 ], [ -9858689.993165612220764, 3551267.558373943436891 ], [ -9858726.029526062309742, 3551193.127458594273776 ], [ -9858749.9851945489645, 3551150.068489166442305 ], [ -9858754.518425786867738, 3551091.056046213954687 ], [ -9858774.638402016833425, 3551040.082167891785502 ], [ -9858775.130995994433761, 3550992.83953008055687 ], [ -9858783.211773594841361, 3550969.300599952694029 ], [ -9858799.126984855160117, 3550945.844477709382772 ], [ -9858826.958177851513028, 3550906.764170112553984 ], [ -9858842.709121331572533, 3550899.055345281492919 ], [ -9858847.036670435220003, 3550859.728106029331684 ], [ -9858851.446086414158344, 3550812.527024424169213 ], [ -9858859.731694888323545, 3550769.304517935961485 ], [ -9858883.808948550373316, 3550714.436194079462439 ], [ -9858907.968295464292169, 3550651.694649797398597 ], [ -9858908.214314399287105, 3550628.074009016621858 ], [ -9858916.663590978831053, 3550569.104749998543411 ], [ -9858917.31957945972681, 3550506.116567125078291 ], [ -9858917.647566087543964, 3550474.622743639629334 ], [ -9858915.575311625376344, 3550297.429698900319636 ], [ -9858916.641202006489038, 3550195.076406396459788 ], [ -9858906.160895198583603, 3550072.917276858817786 ], [ -9858887.929208274930716, 3549942.803806187119335 ], [ -9858872.876589832827449, 3549883.590695070102811 ], [ -9858818.736980006098747, 3549816.09260751446709 ], [ -9858779.650211343541741, 3549807.807414878159761 ], [ -9858732.15476923622191, 3549854.551108488813043 ], [ -9858696.245992038398981, 3549917.164727696683258 ], [ -9858644.956051224842668, 3549952.057455792091787 ], [ -9858613.415227465331554, 3549971.41018590470776 ], [ -9858597.09003552608192, 3550034.23042150400579 ], [ -9858577.094224249944091, 3550073.390052294358611 ], [ -9858537.595571495592594, 3550104.469915568362921 ], [ -9858443.875984100624919, 3550075.922251061536372 ], [ -9858416.62163352034986, 3550059.886401055380702 ], [ -9858405.200066149234772, 3550028.269559729844332 ], [ -9858417.362310720607638, 3549989.027682405430824 ], [ -9858445.110185289755464, 3549957.824495002627373 ], [ -9858437.605315115302801, 3549926.249408960808069 ], [ -9858441.769446931779385, 3549902.671315880957991 ], [ -9858461.518285047262907, 3549887.131772439926863 ], [ -9858512.479209061712027, 3549883.732221232261509 ], [ -9858532.22853953205049, 3549868.192593307234347 ], [ -9858540.391044916585088, 3549836.782963023521006 ], [ -9858560.181066814810038, 3549817.306594588793814 ], [ -9858603.308079548180103, 3549813.824261592235416 ], [ -9858670.100470354780555, 3549794.843123171944171 ], [ -9858693.848231244832277, 3549771.471579070203006 ], [ -9858721.594639260321856, 3549740.268119423184544 ], [ -9858741.220056055113673, 3549736.537724494934082 ], [ -9858788.222509874030948, 3549737.032426042016596 ], [ -9858827.350083099678159, 3549741.381117315031588 ], [ -9858839.223933169618249, 3549729.695166387129575 ], [ -9858830.221050318330526, 3549465.828382795210928 ], [ -9858827.411707328632474, 3549359.504140595439821 ], [ -9858851.855411849915981, 3549269.21463064616546 ], [ -9858896.046061819419265, 3549163.386218570638448 ], [ -9858943.701975420117378, 3549100.899084790609777 ], [ -9859009.071690334007144, 3548841.763196090236306 ], [ -9859020.985146978870034, 3548826.141709449701011 ], [ -9858813.775113962590694, 3548788.533918634057045 ], [ -9858819.884882925078273, 3548202.050634704064578 ], [ -9858894.911052146926522, 3548143.79245811002329 ], [ -9858985.520030053332448, 3548093.570781119167805 ], [ -9859104.197289366275072, 3547980.660475220996886 ], [ -9859104.524562986567616, 3547949.172648006584495 ], [ -9859073.726040048524737, 3547897.676450473256409 ], [ -9859038.683836113661528, 3547877.626689862925559 ], [ -9858955.82732142880559, 3547935.802288942504674 ], [ -9858746.457943812012672, 3548106.803233537822962 ], [ -9858568.783860607072711, 3548242.708551635500044 ], [ -9858481.965070074424148, 3548304.777299914509058 ], [ -9858469.845911469310522, 3548340.07819057488814 ], [ -9858453.481239899992943, 3548406.826359413564205 ], [ -9858462.763563001528382, 3548643.118206697516143 ], [ -9858478.182948481291533, 3548666.90068681165576 ], [ -9858517.307540457695723, 3548671.249708620365709 ], [ -9858519.209893936291337, 3548864.165022497065365 ], [ -9858515.088017469272017, 3548883.804958079475909 ], [ -9858503.296908590942621, 3548887.617388790473342 ], [ -9858472.457577148452401, 3548840.052293689921498 ], [ -9858457.161364378407598, 3548804.460778000298887 ], [ -9858418.242353538051248, 3548780.430581870023161 ], [ -9858379.446928450837731, 3548744.591518052387983 ], [ -9858352.401557670906186, 3548708.876311217900366 ], [ -9858310.019261118024588, 3548641.506471114233136 ], [ -9858290.724811712279916, 3548613.746723401360214 ], [ -9858263.43288648314774, 3548601.648712270427495 ], [ -9858255.805638475343585, 3548581.885357677470893 ], [ -9858256.258628619834781, 3548538.58769544120878 ], [ -9858256.752791754901409, 3548491.353991874027997 ], [ -9858237.99408783391118, 3548412.42506062425673 ], [ -9858191.655968300998211, 3548348.951349003240466 ], [ -9858129.240234049037099, 3548324.672403364442289 ], [ -9858046.953941721469164, 3548327.7388387597166 ], [ -9857968.62568392790854, 3548326.910065862350166 ], [ -9857905.673778155818582, 3548353.799339040182531 ], [ -9857866.385531414300203, 3548365.192690541036427 ], [ -9857819.305829772725701, 3548372.566946774721146 ], [ -9857799.764950094744563, 3548368.423455276526511 ], [ -9857788.263700032606721, 3548344.682567758485675 ], [ -9857812.133892420679331, 3548309.506869381293654 ], [ -9857874.920576239004731, 3548298.362475077155977 ], [ -9857918.331192540004849, 3548267.330185167025775 ], [ -9857949.992822594940662, 3548236.173611850943416 ], [ -9857985.487921902909875, 3548212.930512364488095 ], [ -9858020.776341574266553, 3548209.367360321804881 ], [ -9858063.856713730841875, 3548209.823055042419583 ], [ -9858130.394295293837786, 3548214.463124133180827 ], [ -9858130.724019296467304, 3548182.974822061602026 ], [ -9858138.803881149739027, 3548159.441553689539433 ], [ -9858181.884097311645746, 3548159.896843276452273 ], [ -9858264.045763328671455, 3548168.637648481409997 ], [ -9858311.206801081076264, 3548153.389653031714261 ], [ -9858362.695583069697022, 3548098.822870477568358 ], [ -9858386.234945071861148, 3548095.134897457901388 ], [ -9858386.111542608588934, 3548106.942797516472638 ], [ -9858342.373408066108823, 3548169.464557614643127 ], [ -9858314.382396541535854, 3548224.279625247232616 ], [ -9858333.84063339792192, 3548236.294493206311017 ], [ -9858373.00497399456799, 3548236.707812807057053 ], [ -9858459.453485691919923, 3548210.064395151566714 ], [ -9858550.023517955094576, 3548163.781550869345665 ], [ -9858656.628073245286942, 3548082.239139840938151 ], [ -9858735.734592981636524, 3548008.279794022906572 ], [ -9858810.677960673347116, 3547957.894869803451002 ], [ -9858949.018637014552951, 3547837.321280261967331 ], [ -9858937.310706218704581, 3547833.262000442948192 ], [ -9858890.110599482432008, 3547852.447816552128643 ], [ -9858815.332169281318784, 3547887.08893105853349 ], [ -9858733.500351052731276, 3547846.864366392139345 ], [ -9858659.173059862107038, 3547838.209320132620633 ], [ -9858553.227905087172985, 3547856.77524882927537 ], [ -9858458.784865856170654, 3547899.079775904770941 ], [ -9858431.453183164820075, 3547890.918822180479765 ], [ -9858369.203741736710072, 3547850.898442177567631 ], [ -9858260.041968554258347, 3547802.510085314046592 ], [ -9858138.720342418178916, 3547793.355560930911452 ], [ -9857950.946187570691109, 3547771.687835820484906 ], [ -9857755.422783728688955, 3547742.062633915338665 ], [ -9857532.404132792726159, 3547720.01540622767061 ], [ -9857414.958478350192308, 3547714.831460149493068 ], [ -9857250.186554430052638, 3547740.633782624267042 ], [ -9857108.994514251127839, 3547758.812682448420674 ], [ -9856889.560506975278258, 3547768.282724924851209 ], [ -9856689.665746053680778, 3547781.894138401839882 ], [ -9856411.487513650208712, 3547790.728425288107246 ], [ -9856113.76969183050096, 3547795.410655344836414 ], [ -9856035.27755930274725, 3547810.313645489979535 ], [ -9855890.58606880530715, 3547789.078176823910326 ], [ -9855800.512738177552819, 3547788.109990124590695 ], [ -9855793.099677562713623, 3547748.667030396871269 ], [ -9855679.697309263050556, 3547731.701770595274866 ], [ -9855472.432241732254624, 3547701.915592626668513 ], [ -9855241.62905759178102, 3547675.808092644438148 ], [ -9855139.976652499288321, 3547658.965158651582897 ], [ -9855030.534379104152322, 3547638.100875150412321 ], [ -9854940.757761312648654, 3547609.57596202287823 ], [ -9854823.653091920539737, 3547572.882105181459337 ], [ -9854803.565069328993559, 3547619.899744419846684 ], [ -9854573.273015504702926, 3547546.550852158106863 ], [ -9854444.416360450908542, 3547509.737255995627493 ], [ -9854385.843860242515802, 3547493.356234856881201 ], [ -9854327.780239317566156, 3547429.745848000515252 ], [ -9854257.417685389518738, 3547417.172310013789684 ], [ -9854222.257679164409637, 3547408.917568276636302 ], [ -9854156.193534344434738, 3547360.964490719139576 ], [ -9854124.695172857493162, 3547376.366431229747832 ], [ -9854081.193465745076537, 3547415.254926540888846 ], [ -9854065.444184070453048, 3547422.955837148241699 ], [ -9854061.740398911759257, 3547403.234461410436779 ], [ -9854101.410597240552306, 3547356.432005202863365 ], [ -9854199.991847651079297, 3547294.525886832736433 ], [ -9854247.281343288719654, 3547267.487025018781424 ], [ -9854274.778671154752374, 3547259.913690241985023 ], [ -9854302.190868105739355, 3547260.211669922340661 ], [ -9854310.319566639140248, 3547232.746922559570521 ], [ -9854287.629181807860732, 3547157.713583257514983 ], [ -9854276.771739641204476, 3547074.937079591210932 ], [ -9854265.532459143549204, 3547027.581688983831555 ], [ -9854223.262584218755364, 3546952.336527660489082 ], [ -9854161.413840923458338, 3546876.878657402470708 ], [ -9854091.903425853699446, 3546785.593479038216174 ], [ -9854018.350939340889454, 3546706.072477655485272 ], [ -9853909.556619184091687, 3546626.16752893012017 ], [ -9853827.91937462426722, 3546570.1738161011599 ], [ -9853781.227426892146468, 3546542.113002337515354 ], [ -9853746.197738533839583, 3546522.051048538181931 ], [ -9853714.956470156088471, 3546513.8382274992764 ], [ -9853597.950776366516948, 3546469.26519564865157 ], [ -9853472.816186936572194, 3546452.153876620344818 ], [ -9853382.667479917407036, 3546459.039607655256987 ], [ -9853350.957106979563832, 3546494.115881344303489 ], [ -9853374.153084686025977, 3546521.921265087090433 ], [ -9853381.259180575609207, 3546588.910170197486877 ], [ -9853380.192244024947286, 3546687.297741888556629 ], [ -9853375.593592517077923, 3546750.2234764136374 ], [ -9853355.758066032081842, 3546773.622377678286284 ], [ -9853366.993559222668409, 3546820.97758919140324 ], [ -9853382.315829014405608, 3546852.633576781023294 ], [ -9853409.300481704995036, 3546892.28914080420509 ], [ -9853400.871216980740428, 3546947.301683794241399 ], [ -9853377.119253110140562, 3546970.658260262105614 ], [ -9853286.497309932485223, 3547020.83512329403311 ], [ -9853235.120058037340641, 3547063.569478100631386 ], [ -9853144.325893590226769, 3547129.4882967248559 ], [ -9853092.605094676837325, 3547203.707593375816941 ], [ -9853056.462515618652105, 3547285.970281107816845 ], [ -9853039.899792896583676, 3547368.448053189087659 ], [ -9853062.241048570722342, 3547474.970527627505362 ], [ -9853089.011895013973117, 3547534.307638813275844 ], [ -9853100.033209247514606, 3547601.344830721151084 ], [ -9853091.302445437759161, 3547683.910669972188771 ], [ -9853082.871186692267656, 3547738.926356836222112 ], [ -9853062.905020983889699, 3547774.13400168903172 ], [ -9853007.736090013757348, 3547805.018999168183655 ], [ -9852948.864603580906987, 3547816.181690800469369 ], [ -9852858.277814995497465, 3547862.422565621323884 ], [ -9852818.472653808072209, 3547921.030111441854388 ], [ -9852781.897360684350133, 3548042.655398261733353 ], [ -9852777.552365155890584, 3548081.97155610146001 ], [ -9852796.962125398218632, 3548097.930497616995126 ], [ -9852824.247508637607098, 3548110.039831242058426 ], [ -9853071.230709131807089, 3548089.133388196118176 ], [ -9853066.800696210935712, 3548136.321824145503342 ], [ -9852914.065243937075138, 3548134.645103735849261 ], [ -9852902.059094998985529, 3548158.131641148589551 ], [ -9852784.570180721580982, 3548156.840444245375693 ], [ -9852741.276289395987988, 3548176.04632903682068 ], [ -9852740.718658668920398, 3548227.213868440594524 ], [ -9852767.661011530086398, 3548270.811154581140727 ], [ -9852786.856937242671847, 3548306.45030446909368 ], [ -9852814.057009987533092, 3548326.431526103522629 ], [ -9852829.508040215820074, 3548346.283890181221068 ], [ -9852804.8093854598701, 3548456.234081991948187 ], [ -9852780.067394271492958, 3548570.120945424307138 ], [ -9852743.746936483308673, 3548668.135748730972409 ], [ -9852703.209267470985651, 3548793.660194453317672 ], [ -9852686.642074204981327, 3548876.146869921591133 ], [ -9852721.075435940176249, 3548951.321898381691426 ], [ -9852759.726014943793416, 3548998.987140574026853 ], [ -9852790.543756796047091, 3549046.566002456471324 ], [ -9852782.410380620509386, 3549074.033500937744975 ], [ -9852746.903722446411848, 3549097.263059362303466 ], [ -9852707.823598708957434, 3549088.95974967489019 ], [ -9852680.707999024540186, 3549061.104283584747463 ], [ -9852661.039375152438879, 3549068.761155725456774 ], [ -9852600.572635684162378, 3549225.563819610979408 ], [ -9852603.930833140388131, 3549276.778501219116151 ], [ -9852595.58213347941637, 3549323.927631940227002 ], [ -9852531.927239295095205, 3549413.772223003674299 ], [ -9852511.956967039033771, 3549448.983431831933558 ], [ -9852495.946342550218105, 3549480.301315256860107 ], [ -9852511.0973438937217, 3549527.710229631513357 ], [ -9852530.294187637045979, 3549563.3530287980102 ], [ -9852522.202873837202787, 3549586.884814742021263 ], [ -9852475.030168259516358, 3549602.112228143028915 ], [ -9852439.349303316324949, 3549641.087535892147571 ], [ -9852411.845997858792543, 3549648.65793613018468 ], [ -9852333.123608019202948, 3549683.221376224886626 ], [ -9852297.355951527133584, 3549730.068871816154569 ], [ -9852288.919818600639701, 3549785.092179603874683 ], [ -9852284.141843693330884, 3549863.777520435396582 ], [ -9852276.265316922217607, 3549867.62755266809836 ], [ -9852264.60078058950603, 3549859.625109231099486 ], [ -9852261.717708613723516, 3549765.107543956488371 ], [ -9852250.397801147773862, 3549725.613524480257183 ], [ -9852254.788228530436754, 3549682.356706399936229 ], [ -9852290.555708725005388, 3549635.509095245506614 ], [ -9852353.611136006191373, 3549600.77320221113041 ], [ -9852385.332165965810418, 3549565.691786116920412 ], [ -9852413.00735261850059, 3549542.376120299100876 ], [ -9852440.854455200955272, 3549503.314803410787135 ], [ -9852437.281711176037788, 3549471.781029858160764 ], [ -9852402.246643161401153, 3549451.710812114644796 ], [ -9852398.588131295517087, 3549428.04945805342868 ], [ -9852418.472503308206797, 3549400.711392215453088 ], [ -9852450.10685090534389, 3549373.502589530311525 ], [ -9852474.079720361158252, 3549330.462449150159955 ], [ -9852494.307953050360084, 3549271.634184331633151 ], [ -9852518.323452148586512, 3549224.657801510300487 ], [ -9852522.497838402166963, 3549201.083497046492994 ], [ -9852522.841629700735211, 3549169.593616089317948 ], [ -9852542.811410835012794, 3549134.383115098811686 ], [ -9852562.695308864116669, 3549107.045248540583998 ], [ -9852582.621770469471812, 3549075.771272474899888 ], [ -9852602.677127690985799, 3549032.688682007603347 ], [ -9852591.614587482064962, 3548969.580084161832929 ], [ -9852572.504484934732318, 3548926.066522305831313 ], [ -9852529.336551867425442, 3548933.464271603152156 ], [ -9852451.306688906624913, 3548905.047868507914245 ], [ -9852392.8599545173347, 3548876.847022169269621 ], [ -9852283.412722494453192, 3548855.956396745052189 ], [ -9852279.754419945180416, 3548832.296383001841605 ], [ -9852366.77593800239265, 3548396.299379215575755 ], [ -9852347.409168269485235, 3548376.403410783037543 ], [ -9852327.999131724238396, 3548360.443428239785135 ], [ -9852296.883537029847503, 3548340.417740132659674 ], [ -9852343.965956384316087, 3548333.064275690354407 ], [ -9852387.045601390302181, 3548333.539404465816915 ], [ -9852390.962016027420759, 3548333.582591460086405 ], [ -9852418.419614013284445, 3548329.948804850690067 ], [ -9852423.023939073085785, 3548267.016286118421704 ], [ -9852412.736942952498794, 3548133.064342777710408 ], [ -9852173.843189937993884, 3548130.42828536266461 ], [ -9852158.307324284687638, 3548118.447443054523319 ], [ -9852147.032447699457407, 3548075.022603361401707 ], [ -9852151.896133100613952, 3547988.475997094064951 ], [ -9852183.527718847617507, 3547961.270830682013184 ], [ -9852308.890142373740673, 3547958.718215412460268 ], [ -9852395.047191640362144, 3547959.668464619200677 ], [ -9852410.32513615116477, 3547995.264212146401405 ], [ -9852590.51571481116116, 3547993.313001094385982 ], [ -9852592.619641952216625, 3547800.455577450804412 ], [ -9852581.042790738865733, 3547784.582893044687808 ], [ -9852553.672305040061474, 3547780.345173758454621 ], [ -9852534.43515557795763, 3547748.642928916029632 ], [ -9852539.253219550475478, 3547666.034070174675435 ], [ -9852549.877037473022938, 3547410.296159511897713 ], [ -9852546.948789024725556, 3547319.731772466097027 ], [ -9852599.703262591734529, 3547151.058282889891416 ], [ -9852663.903502443805337, 3547010.06526081264019 ], [ -9852699.747648507356644, 3546955.354581619147211 ], [ -9852747.896483475342393, 3546849.610777695197612 ], [ -9852764.460318073630333, 3546767.136489922646433 ], [ -9852789.24134817533195, 3546649.329231176059693 ], [ -9852882.218103796243668, 3546382.707248971331865 ], [ -9852906.183762891218066, 3546339.675672358367592 ], [ -9852925.805315742269158, 3546335.955239774659276 ], [ -9852933.465528251603246, 3546351.782861238811165 ], [ -9852909.071877282112837, 3546434.168867176398635 ], [ -9852924.435206523165107, 3546461.888982098549604 ], [ -9852947.972639050334692, 3546458.211437939666212 ], [ -9853017.193754533305764, 3546214.946468855254352 ], [ -9853009.747449325397611, 3546179.442219998687506 ], [ -9852994.12750405818224, 3546175.334991643205285 ], [ -9852962.117059003561735, 3546237.957170139532536 ], [ -9852957.602023119106889, 3546293.009682239498943 ], [ -9852930.106292486190796, 3546300.579569623339921 ], [ -9852902.739147806540132, 3546296.343234544619918 ], [ -9852907.168630886822939, 3546249.161554207559675 ], [ -9852908.410375971347094, 3546135.035857963841408 ], [ -9852913.096657859161496, 3546064.24290577461943 ], [ -9852890.587686030194163, 3545973.472541702911258 ], [ -9852809.430629421025515, 3545874.187052320223302 ], [ -9852647.37753389775753, 3545652.005905699450523 ], [ -9852570.526216400787234, 3545517.347918463405222 ], [ -9852563.167358163744211, 3545473.974887161981314 ], [ -9852587.132120793685317, 3545430.946876508183777 ], [ -9852595.394480969756842, 3545391.659419347997755 ], [ -9852592.03690560720861, 3545340.459693391341716 ], [ -9852568.973202371969819, 3545300.850203184876591 ], [ -9852438.769883472472429, 3545031.800530999898911 ], [ -9852359.211852561682463, 3544786.926014457829297 ], [ -9852313.389449639245868, 3544680.165345892775804 ], [ -9852321.649836571887136, 3544640.90266937809065 ], [ -9852345.527656113728881, 3544605.747678234707564 ], [ -9852362.219625808298588, 3544511.483480465598404 ], [ -9852335.114377938210964, 3544483.637414764147252 ], [ -9852245.065611062571406, 3544482.644488201476634 ], [ -9852236.934121942147613, 3544510.102100564166903 ], [ -9852216.541329460218549, 3544584.648432380985469 ], [ -9852145.335986526682973, 3544650.763741455506533 ], [ -9852086.048017611727118, 3544701.269024112727493 ], [ -9851983.519749624654651, 3544767.038053611293435 ], [ -9851853.799054149538279, 3544812.828686322551221 ], [ -9851763.316549902781844, 3544851.18154236022383 ], [ -9851677.18068771995604, 3544850.227792529854923 ], [ -9851614.709055693820119, 3544833.794054074212909 ], [ -9851540.621600337326527, 3544805.424973329529166 ], [ -9851497.467226261273026, 3544812.817258147522807 ], [ -9851447.044746965169907, 3544768.968547830823809 ], [ -9851392.750592097640038, 3544721.141378070227802 ], [ -9851369.605349585413933, 3544689.401470946613699 ], [ -9851334.411712624132633, 3544685.0754104857333 ], [ -9851303.003494502976537, 3544692.597375468350947 ], [ -9851244.145248590037227, 3544703.749767506029457 ], [ -9851193.290800968185067, 3544699.2492307680659 ], [ -9851142.306358790025115, 3544706.553291119635105 ], [ -9851071.832173641771078, 3544705.769555913750082 ], [ -9851009.058717001229525, 3544716.877227401360869 ], [ -9850922.967087073251605, 3544711.983480221126229 ], [ -9850856.62567444331944, 3544691.567673118785024 ], [ -9850813.688910910859704, 3544679.283189568202943 ], [ -9850692.665226357057691, 3544646.450969826895744 ], [ -9850629.978795485571027, 3544649.686979779973626 ], [ -9850583.170054109767079, 3544633.42320931982249 ], [ -9850489.205796647816896, 3544632.374009250663221 ], [ -9850446.138629127293825, 3544631.892965846229345 ], [ -9850375.272944256663322, 3544666.519133429508656 ], [ -9850351.651068326085806, 3544678.061018135398626 ], [ -9850316.370543820783496, 3544681.601934849750251 ], [ -9850281.221136717125773, 3544673.338091359473765 ], [ -9850245.940765233710408, 3544676.8786586583592 ], [ -9850206.657844575121999, 3544688.245339513290673 ], [ -9850167.680376060307026, 3544672.067481125239283 ], [ -9850156.196635125204921, 3544648.32684907829389 ], [ -9850113.304259361699224, 3544632.105046294163913 ], [ -9850054.838535690680146, 3544607.838142599444836 ], [ -9850035.218957534059882, 3544611.553712147288024 ], [ -9850003.547936568036675, 3544642.681437469087541 ], [ -9849979.488763052970171, 3544693.571465843822807 ], [ -9849928.416364248842001, 3544708.740245403721929 ], [ -9849901.141122553497553, 3544696.628200221341103 ], [ -9849862.557688681408763, 3544645.035813194699585 ], [ -9849831.36740330606699, 3544632.879758487921208 ], [ -9849772.814871782436967, 3544616.481237432919443 ], [ -9849698.426567489281297, 3544615.645902981981635 ], [ -9849620.210674602538347, 3544606.896465995814651 ], [ -9849580.839981123805046, 3544626.130487710703164 ], [ -9849557.17367566563189, 3544641.60589142749086 ], [ -9849525.98355975933373, 3544629.449094661511481 ], [ -9849486.919636286795139, 3544621.139065003488213 ], [ -9849451.639105735346675, 3544624.677390966098756 ], [ -9849373.247972793877125, 3544631.665750763844699 ], [ -9849208.547135403379798, 3544653.422579871956259 ], [ -9849102.617576867341995, 3544671.90492575103417 ], [ -9849016.219694048166275, 3544694.542129716835916 ], [ -9848972.852604249492288, 3544721.59823018591851 ], [ -9848925.606242522597313, 3544744.676836755592376 ], [ -9848882.45083437487483, 3544752.060233506374061 ], [ -9848831.773216556757689, 3544731.81076034065336 ], [ -9848796.492396328598261, 3544735.347266871482134 ], [ -9848718.01228996925056, 3544750.201443630736321 ], [ -9848643.005848217755556, 3544804.44811485754326 ], [ -9848552.349112452939153, 3544894.644817930646241 ], [ -9848365.016719100996852, 3544996.96064669964835 ], [ -9848203.706178875640035, 3545095.218140945304185 ], [ -9848107.334252009168267, 3545194.212294619530439 ], [ -9847941.493661629036069, 3545309.823209688533098 ], [ -9847805.961814368143678, 3545425.789899329189211 ], [ -9847648.824253043159842, 3545537.145702734589577 ], [ -9847431.266988316550851, 3545630.403395072091371 ], [ -9847300.692057555541396, 3545689.837447769474238 ], [ -9847053.020157618448138, 3545765.337815709412098 ], [ -9846970.313811238855124, 3545803.557485348545015 ], [ -9846900.892594814300537, 3545815.817736310884356 ], [ -9846787.186571396887302, 3545914.607648645993322 ], [ -9846625.061533588916063, 3546082.472589096054435 ], [ -9846453.975007737055421, 3546276.346718225162476 ], [ -9846357.729115871712565, 3546362.280731010250747 ], [ -9846264.224584424868226, 3546587.513249195646495 ], [ -9846246.557947440072894, 3546617.775305965915322 ], [ -9846207.589343702420592, 3546617.326519823167473 ], [ -9846172.751756198704243, 3546634.333404228556901 ], [ -9846111.488511528819799, 3546690.205417382065207 ], [ -9846001.352528216317296, 3546854.318907395470887 ], [ -9845886.884263396263123, 3547018.383776954375207 ], [ -9845829.20074681378901, 3547139.581641264259815 ], [ -9845797.596114184707403, 3547252.37730479799211 ], [ -9845796.948925647884607, 3547308.950559783726931 ], [ -9845822.53127608075738, 3547344.06509017618373 ], [ -9845857.022766185924411, 3547357.520646973047405 ], [ -9845882.85398905724287, 3547370.876053964719176 ], [ -9845895.595571432262659, 3547392.785087971482426 ], [ -9845895.446312526240945, 3547405.840623891446739 ], [ -9845847.367055542767048, 3547444.457230390049517 ], [ -9845817.056363804265857, 3547444.107142445165664 ], [ -9845786.595967387780547, 3547456.812476392369717 ], [ -9845773.057786693796515, 3547504.532738454639912 ], [ -9845781.070919955149293, 3547561.207104451954365 ], [ -9845815.314020486548543, 3547596.422493429388851 ], [ -9845845.027781473472714, 3547648.995468572247773 ], [ -9845835.919585550203919, 3547688.062692482490093 ], [ -9845809.340970017015934, 3547739.985809224657714 ], [ -9845787.191701307892799, 3547783.255126212723553 ], [ -9845756.083113737404346, 3547852.536327979061753 ], [ -9845767.280738607048988, 3548009.358761120121926 ], [ -9845791.170869421213865, 3548192.44585241144523 ], [ -9845833.678197480738163, 3548262.579672481399029 ], [ -9845854.932111790403724, 3548297.646845739800483 ], [ -9845875.58829447068274, 3548384.939755591098219 ], [ -9845901.123096130788326, 3548424.409445621073246 ], [ -9845913.76596849411726, 3548455.024701385293156 ], [ -9845904.209346301853657, 3548533.264220118522644 ], [ -9845938.305807143449783, 3548581.538556651677936 ], [ -9845997.987984845414758, 3548664.93092036806047 ], [ -9845988.481070460751653, 3548738.819592193234712 ], [ -9846000.229185694828629, 3548847.776960375253111 ], [ -9846051.10217597335577, 3548944.127798550762236 ], [ -9846153.496782582253218, 3549080.250177225563675 ], [ -9846129.457541730254889, 3549288.917250923346728 ], [ -9846075.499487074092031, 3549462.418002414051443 ], [ -9846009.741236943751574, 3549531.308760768268257 ], [ -9845814.007091134786606, 3549603.051863791421056 ], [ -9845748.994403010234237, 3549606.653511380311102 ], [ -9845666.957227922976017, 3549583.939294116571546 ], [ -9845615.037141662091017, 3549578.985427209176123 ], [ -9845554.705171298235655, 3549552.168292297516018 ], [ -9845546.342847399413586, 3549525.952815959230065 ], [ -9845542.610928598791361, 3549473.672255335841328 ], [ -9845538.928943201899529, 3549417.039496513549238 ], [ -9845517.5745151899755, 3549390.673864804208279 ], [ -9845461.42430997826159, 3549376.964349664747715 ], [ -9845391.882005559280515, 3549397.924054246395826 ], [ -9845243.535413052886724, 3549491.972209454514086 ], [ -9845074.032586898654699, 3549542.242071392945945 ], [ -9844974.474124010652304, 3549536.732425204943866 ], [ -9844917.972686076536775, 3549553.488127514719963 ], [ -9844913.441607648506761, 3549570.847927154973149 ], [ -9844925.832474814727902, 3549623.229726606048644 ], [ -9844916.869855623692274, 3549649.244398267008364 ], [ -9844899.546471435576677, 3549649.042983553837985 ], [ -9844869.330927040427923, 3549639.985323249362409 ], [ -9844834.583538075909019, 3549648.287464659195393 ], [ -9844812.828898096457124, 3549656.740852895658463 ], [ -9844808.047205924987793, 3549695.864162905607373 ], [ -9844788.716728905215859, 3549869.767522125504911 ], [ -9844780.004544734954834, 3549874.019282246939838 ], [ -9844758.349864363670349, 3549873.767270482610911 ], [ -9844754.621135732159019, 3549821.485110992565751 ], [ -9844755.825630886480212, 3549717.022408443037421 ], [ -9844721.479458056390285, 3549690.502995887305588 ], [ -9844669.659473232924938, 3549676.840228349436074 ], [ -9844618.040866618975997, 3549645.766668341122568 ], [ -9844592.357086054980755, 3549619.348574860952795 ], [ -9844565.81918740272522, 3549666.924206795170903 ], [ -9844538.678771611303091, 3549766.731573432218283 ], [ -9844516.62213528342545, 3549801.300191116519272 ], [ -9844468.630075495690107, 3549831.212979985401034 ], [ -9844447.126363284885883, 3549817.902487232815474 ], [ -9844421.694125480949879, 3549769.720578320324421 ], [ -9844430.859024163335562, 3549726.295489229261875 ], [ -9844444.304008619859815, 3549687.273219622205943 ], [ -9844427.382962614297867, 3549652.250602330081165 ], [ -9844349.729246344417334, 3549625.225684025790542 ], [ -9844332.00329752266407, 3549659.843970597255975 ], [ -9844339.759783523157239, 3549738.292161697521806 ], [ -9844365.191653944551945, 3549786.474283128976822 ], [ -9844355.925830665975809, 3549838.604773635510355 ], [ -9844333.767573934048414, 3549881.878364711534232 ], [ -9844333.314572598785162, 3549921.052272363565862 ], [ -9844354.567029910162091, 3549956.126294614281505 ], [ -9844375.668295379728079, 3550004.258665970992297 ], [ -9844371.337252268567681, 3550004.208126578014344 ], [ -9844341.07062023319304, 3549999.501716904807836 ], [ -9844315.236070208251476, 3549986.140446809586138 ], [ -9844280.336351135745645, 3550007.499070798512548 ], [ -9844271.523528162389994, 3550020.456067275255919 ], [ -9844262.307460201904178, 3550068.234810956288129 ], [ -9844296.301075108349323, 3550125.224731917958707 ], [ -9844321.733123818412423, 3550173.408386488910764 ], [ -9844342.985587790608406, 3550208.483281777240336 ], [ -9844329.790883680805564, 3550225.742635651957244 ], [ -9844308.135968958958983, 3550225.489846420008689 ], [ -9844286.883578047156334, 3550190.414678211789578 ], [ -9844248.206521600484848, 3550163.843058251775801 ], [ -9844244.177646910771728, 3550137.675922249443829 ], [ -9844201.220138812437654, 3550106.70105223543942 ], [ -9844188.630346477031708, 3550071.727408671285957 ], [ -9844171.457604985684156, 3550058.466800928115845 ], [ -9844140.737301977351308, 3550092.934312022291124 ], [ -9844118.578171920031309, 3550136.208375460002571 ], [ -9844110.016829865053296, 3550127.401839838828892 ], [ -9844084.63608399219811, 3550074.865486359223723 ], [ -9844076.226417988538742, 3550053.000456131994724 ], [ -9844111.377983661368489, 3550009.87863216875121 ], [ -9844120.443333346396685, 3549975.158307488076389 ], [ -9844120.594555912539363, 3549962.100218222942203 ], [ -9844081.76725435629487, 3549948.586461098399013 ], [ -9844055.579747786745429, 3549965.693261569365859 ], [ -9844016.651621701195836, 3549960.884797550737858 ], [ -9844038.811090599745512, 3549917.611336960457265 ], [ -9844060.818452078849077, 3549887.396141958422959 ], [ -9844061.121004182845354, 3549861.2801569160074 ], [ -9844048.128365032374859, 3549861.128218324389309 ], [ -9843991.62469414062798, 3549877.880194031633437 ], [ -9843965.437219001352787, 3549894.986882979050279 ], [ -9843935.120541704818606, 3549894.632103054318577 ], [ -9843887.682472327724099, 3549876.663727262523025 ], [ -9843887.934890324249864, 3549854.900482615455985 ], [ -9843896.899409033358097, 3549828.88614037912339 ], [ -9843884.461787069216371, 3549780.855220213532448 ], [ -9843919.664664953947067, 3549733.382010197266936 ], [ -9843911.30526614561677, 3549707.165119857992977 ], [ -9843872.478394690901041, 3549693.65046260971576 ], [ -9843851.076856348663568, 3549671.633974692318588 ], [ -9843872.983234219253063, 3549650.124631393700838 ], [ -9843907.529307529330254, 3549659.23553716763854 ], [ -9843950.635700952261686, 3549677.15251149982214 ], [ -9843994.095985287800431, 3549664.60163778020069 ], [ -9843981.658120987936854, 3549616.571426595561206 ], [ -9843964.990686606615782, 3549559.785484945401549 ], [ -9843965.394285066053271, 3549524.965304378420115 ], [ -9843983.221893472597003, 3549481.642729855142534 ], [ -9844026.378577871248126, 3549495.206772505305707 ], [ -9844031.062429629266262, 3549464.789998820982873 ], [ -9843996.718861650675535, 3549438.269616602919996 ], [ -9843944.698894586414099, 3549442.013946311548352 ], [ -9843897.111027225852013, 3549437.103960123378783 ], [ -9843897.413849111646414, 3549410.989070704206824 ], [ -9843932.211266165599227, 3549398.33709168061614 ], [ -9843967.260845435783267, 3549363.922618254553527 ], [ -9843984.886440847069025, 3549338.010555025190115 ], [ -9844023.610978461802006, 3549360.228866803459823 ], [ -9844057.55141356959939, 3549421.568823694251478 ], [ -9844087.463402708992362, 3549456.743190933018923 ], [ -9844104.584886593744159, 3549474.355868052691221 ], [ -9844116.972366312518716, 3549526.738023153040558 ], [ -9844129.662642596289515, 3549553.005026574246585 ], [ -9844151.46791517175734, 3549540.200443314854056 ], [ -9844234.508773352950811, 3549475.874016667250544 ], [ -9844295.643237888813019, 3549433.056908836122602 ], [ -9844317.498468723148108, 3549415.899757659994066 ], [ -9844313.469598731026053, 3549389.734336779918522 ], [ -9844326.965516481548548, 3549346.361172289121896 ], [ -9844296.801270987838507, 3549332.949833884835243 ], [ -9844319.008600901812315, 3549285.325629545375705 ], [ -9844349.474650671705604, 3549272.622067532036453 ], [ -9844349.87716319411993, 3549237.802478398196399 ], [ -9844298.21056585945189, 3549211.081377007998526 ], [ -9844142.305192295461893, 3549209.260302000679076 ], [ -9843925.871025305241346, 3549198.023034694138914 ], [ -9843778.526469320058823, 3549205.003662786446512 ], [ -9843622.469690281897783, 3549216.233321641106158 ], [ -9843518.279920417815447, 3549236.776241321116686 ], [ -9843444.6074563190341, 3549240.26432015420869 ], [ -9843340.423446590080857, 3549260.797169372905046 ], [ -9843314.287118142470717, 3549273.549210764933378 ], [ -9843331.103436456993222, 3549317.277215441223234 ], [ -9843360.911973914131522, 3549361.158167222049087 ], [ -9843390.417245393618941, 3549431.154301933944225 ], [ -9843389.505835894495249, 3549509.499564703088254 ], [ -9843371.777575477957726, 3549544.116265636868775 ], [ -9843354.555692045018077, 3549535.207685219589621 ], [ -9843328.976019408553839, 3549500.082187087275088 ], [ -9843277.918755000457168, 3549421.126198838930577 ], [ -9843247.704931892454624, 3549412.064669052604586 ], [ -9843217.135640125721693, 3549433.470721728634089 ], [ -9843190.542855681851506, 3549485.395295880734921 ], [ -9843190.137238433584571, 3549520.215586020145565 ], [ -9843163.645235750824213, 3549563.435384988319129 ], [ -9843132.771761184558272, 3549610.956792140845209 ], [ -9843097.921954490244389, 3549627.959132697898895 ], [ -9843072.140167038887739, 3549610.243240544572473 ], [ -9843059.80719349347055, 3549553.50699948053807 ], [ -9843047.474648546427488, 3549496.771179659292102 ], [ -9843038.813260965049267, 3549496.669208151288331 ], [ -9843021.185259621590376, 3549522.580337692517787 ], [ -9843015.788715653121471, 3549613.932872277218848 ], [ -9843032.65482459962368, 3549653.309967310167849 ], [ -9843027.918159814551473, 3549688.079729496035725 ], [ -9842997.501250619068742, 3549696.42849327949807 ], [ -9842946.089010417461395, 3549647.937369911931455 ], [ -9842907.467077689245343, 3549617.010134801268578 ], [ -9842903.593386638909578, 3549577.786099931225181 ], [ -9842904.812570648267865, 3549473.325258012861013 ], [ -9842901.294492395594716, 3549403.634208046365529 ], [ -9842919.226970789954066, 3549351.608360753394663 ], [ -9842945.922438453882933, 3549290.980201221536845 ], [ -9842994.423451341688633, 3549217.549802028108388 ], [ -9843024.941161051392555, 3549200.496957602445036 ], [ -9843003.541811928153038, 3549178.480055445805192 ], [ -9842938.784624310210347, 3549160.305177482310683 ], [ -9842865.467738918960094, 3549133.323321477975696 ], [ -9842752.870552664622664, 3549131.995720812585205 ], [ -9842709.309563919901848, 3549153.246684840880334 ], [ -9842681.850274920463562, 3549279.160582185722888 ], [ -9842680.832872839644551, 3549366.209709827788174 ], [ -9842711.147918889299035, 3549366.567417337559164 ], [ -9842737.742704091593623, 3549314.644344347994775 ], [ -9842751.243562236428261, 3549271.273051402531564 ], [ -9842790.169123448431492, 3549276.085248145740479 ], [ -9842798.576214779168367, 3549297.949479388073087 ], [ -9842810.501233922317624, 3549389.504683064296842 ], [ -9842856.157551854848862, 3549559.814494508318603 ], [ -9842850.556188879534602, 3549668.577489272691309 ], [ -9842854.582629716023803, 3549694.744580884929746 ], [ -9842655.515562700107694, 3549679.336469921283424 ], [ -9842382.77419219724834, 3549667.407902227248996 ], [ -9842278.93589448928833, 3549657.473190850578249 ], [ -9842226.608375631272793, 3549687.326561517082155 ], [ -9842213.259105622768402, 3549717.641142854001373 ], [ -9842187.120697835460305, 3549730.391363001894206 ], [ -9842165.8747747708112, 3549695.314160018227994 ], [ -9842145.088405130431056, 3549621.063705349806696 ], [ -9842119.358671497553587, 3549598.993151086848229 ], [ -9842093.016116144135594, 3549629.153083658777177 ], [ -9842092.199297459796071, 3549698.794837601017207 ], [ -9842070.340654419735074, 3549715.948603931348771 ], [ -9842000.791188580915332, 3549736.89041548082605 ], [ -9841982.752127362415195, 3549797.621432888321579 ], [ -9841939.238662721589208, 3549814.518714264500886 ], [ -9841908.922238567844033, 3549814.159174520988017 ], [ -9841887.421535011380911, 3549800.844404027797282 ], [ -9841879.015378845855594, 3549778.978540448937565 ], [ -9841909.689377995207906, 3549748.869884938932955 ], [ -9841923.040168005973101, 3549718.555627117399126 ], [ -9841914.889602856710553, 3549674.926763136405498 ], [ -9841906.53461049683392, 3549648.708498888183385 ], [ -9841902.510548198595643, 3549622.541823842562735 ], [ -9841933.081835761666298, 3549601.138562377076596 ], [ -9841963.704474814236164, 3549575.38265287084505 ], [ -9841955.605376163497567, 3549527.402133299503475 ], [ -9841913.370845764875412, 3549435.485880480613559 ], [ -9841874.649707788601518, 3549413.261264029424638 ], [ -9841875.161160247400403, 3549369.736449205782264 ], [ -9841884.180781876668334, 3549339.371782249305397 ], [ -9841858.758926298469305, 3549291.186631647869945 ], [ -9841790.54223794862628, 3549198.963481563143432 ], [ -9841735.52274533174932, 3549089.485501646064222 ], [ -9841719.377577489241958, 3548989.175780651625246 ], [ -9841720.247608378529549, 3548915.186125302687287 ], [ -9841733.700062904506922, 3548876.169706505257636 ], [ -9841747.152261113747954, 3548837.153393696062267 ], [ -9841773.596236348152161, 3548798.291403797920793 ], [ -9841795.709435734897852, 3548759.378085129428655 ], [ -9841796.272164735943079, 3548711.503448608797044 ], [ -9841779.359427163377404, 3548676.479958105366677 ], [ -9841753.836975501850247, 3548637.001623930875212 ], [ -9841728.109965804964304, 3548614.932112331036478 ], [ -9841671.659772861748934, 3548627.320248763542622 ], [ -9841615.261023186147213, 3548635.355875499546528 ], [ -9841559.477032221853733, 3548591.164903601165861 ], [ -9841477.710364039987326, 3548546.664839803241193 ], [ -9841408.371690014377236, 3548550.19294771971181 ], [ -9841377.750497579574585, 3548575.945434911642224 ], [ -9841372.95860780403018, 3548615.063589903991669 ], [ -9841225.876044783741236, 3548600.25402027182281 ], [ -9841169.425432667136192, 3548612.63995833741501 ], [ -9841129.937282286584377, 3548655.697380309458822 ], [ -9841103.337827730923891, 3548707.614299697335809 ], [ -9841106.846147332340479, 3548777.301715257577598 ], [ -9841110.765624947845936, 3548812.171467451378703 ], [ -9841041.630898078903556, 3548798.288665423635393 ], [ -9841002.861715354025364, 3548780.41466584103182 ], [ -9840964.246961556375027, 3548749.483975606039166 ], [ -9840917.537220124155283, 3548670.575521833263338 ], [ -9840879.077395223081112, 3548626.588230709079653 ], [ -9840836.133175330236554, 3548595.605874248314649 ], [ -9840801.849566545337439, 3548564.726900148205459 ], [ -9840802.467465814203024, 3548512.500927838031203 ], [ -9840802.93087905831635, 3548473.331636533606797 ], [ -9840820.509992565959692, 3548451.777802797034383 ], [ -9840855.101854315027595, 3548456.543504980392754 ], [ -9840889.539694797247648, 3548474.365754030179232 ], [ -9840910.882846852764487, 3548500.736991550773382 ], [ -9840949.445308707654476, 3548536.019256487488747 ], [ -9840979.758680628612638, 3548536.380929904524237 ], [ -9840992.904547372832894, 3548523.479548155330122 ], [ -9841011.306111538782716, 3548432.291152554564178 ], [ -9841055.689489275217056, 3548341.413231875747442 ], [ -9841087.081571729853749, 3548250.380959310568869 ], [ -9841126.979525048285723, 3548172.508474876172841 ], [ -9841136.564636031165719, 3548094.275319762062281 ], [ -9841119.808886235579848, 3548046.19693809049204 ], [ -9841102.95016417466104, 3548006.822650959715247 ], [ -9841077.482251789420843, 3547962.993192362133414 ], [ -9841082.120549513027072, 3547936.933054466266185 ], [ -9841104.029059078544378, 3547915.431288244668394 ], [ -9841147.279887732118368, 3547920.299361513461918 ], [ -9841185.995373981073499, 3547942.523560691159219 ], [ -9841203.316355077549815, 3547942.729893101379275 ], [ -9841207.801040692254901, 3547929.725482566747814 ], [ -9841208.160413594916463, 3547899.261941582895815 ], [ -9841191.249911108985543, 3547864.239980364218354 ], [ -9841156.710873043164611, 3547855.12352479249239 ], [ -9841126.399115033447742, 3547854.762325096409768 ], [ -9841069.695157716050744, 3547888.906682825181633 ], [ -9840995.515368459746242, 3547935.900357144419104 ], [ -9840956.234554344788194, 3547961.547200246714056 ], [ -9840878.238433454185724, 3547964.96907469490543 ], [ -9840826.378366703167558, 3547955.644652510527521 ], [ -9840747.764275256544352, 3548011.28935935581103 ], [ -9840651.776815172284842, 3548071.078676657285541 ], [ -9840599.297539133578539, 3548113.977454469539225 ], [ -9840538.00272062048316, 3548169.82851609075442 ], [ -9840459.127986438572407, 3548247.232663998845965 ], [ -9840406.492441292852163, 3548303.187169719487429 ], [ -9840358.496717939153314, 3548333.081453649327159 ], [ -9840336.328630495816469, 3548376.343067701440305 ], [ -9840326.686304302886128, 3548458.929488453548402 ], [ -9840308.951366981491446, 3548493.538937772158533 ], [ -9840299.980364488437772, 3548519.548126148991287 ], [ -9840248.221847340464592, 3548501.51667150715366 ], [ -9840222.394164832308888, 3548488.148751271422952 ], [ -9840196.566869825124741, 3548474.780968700069934 ], [ -9840179.038370050489902, 3548491.981761147733778 ], [ -9840139.547263106331229, 3548535.035848097875714 ], [ -9840117.791184060275555, 3548543.480402132961899 ], [ -9840115.379965495318174, 3548541.986788228619844 ], [ -9840132.896683199331164, 3548668.270332514308393 ], [ -9839841.41891865991056, 3549105.515391841996461 ], [ -9839925.845237443223596, 3549602.427569305989891 ], [ -9840034.615001676604152, 3549806.290198231581599 ], [ -9840204.060928812250495, 3550168.043281266000122 ], [ -9840260.845606874674559, 3550360.811347214970738 ], [ -9840257.193750908598304, 3550668.111750165466219 ], [ -9840236.155480308458209, 3551268.598749957047403 ], [ -9840454.771804723888636, 3551589.066535715013742 ], [ -9840523.347615851089358, 3551482.901666366495192 ], [ -9840607.009381299838424, 3551353.379830759484321 ], [ -9840598.945458170026541, 3551154.196371945552528 ], [ -9840583.228141516447067, 3551014.299874386750162 ], [ -9840618.182751927524805, 3550997.255115544889122 ], [ -9840735.207313487306237, 3551092.958843985106796 ], [ -9840947.669017450883985, 3551346.977214610204101 ], [ -9841123.491281364113092, 3551761.232014074921608 ], [ -9841321.523414419963956, 3551767.087404536549002 ], [ -9841499.158872036263347, 3551734.274975042324513 ], [ -9841613.627107677981257, 3551753.101970896590501 ], [ -9841883.894944990053773, 3551822.680104660801589 ], [ -9841913.732815977185965, 3551945.287099123932421 ], [ -9841894.468586880713701, 3552105.73497910797596 ], [ -9841850.836896937340498, 3552269.388377830386162 ], [ -9841827.931715950369835, 3552443.769261304754764 ], [ -9841912.716389693319798, 3552622.925112086348236 ], [ -9841905.914262158796191, 3552905.791312841698527 ], [ -9841791.024076655507088, 3552921.892127764876932 ], [ -9841693.427863093093038, 3552945.184075949247926 ], [ -9841563.030225986614823, 3553097.334831172134727 ], [ -9841502.796129977330565, 3553194.429198476951569 ], [ -9841283.353089481592178, 3553233.73289440991357 ], [ -9840923.609684901311994, 3553086.212109548505396 ], [ -9840647.986462391912937, 3552912.954245115164667 ], [ -9840470.109678806737065, 3552883.473300160840154 ], [ -9839847.401577666401863, 3553494.513139781076461 ], [ -9839374.743848877027631, 3553488.811416297219694 ], [ -9838515.866412490606308, 3553226.886643655598164 ], [ -9838296.137602206319571, 3553000.647407530341297 ], [ -9838044.906735757365823, 3553081.425622703041881 ], [ -9837788.606987528502941, 3553581.334844252094626 ], [ -9837308.834244921803474, 3554162.367032587062567 ], [ -9836720.515557326376438, 3554518.478329930454493 ], [ -9835940.59960569255054, 3554620.659845791757107 ], [ -9835627.201161321252584, 3555231.677771157119423 ], [ -9835319.609761711210012, 3555367.617134616710246 ], [ -9834570.545624319463968, 3555218.54573063692078 ], [ -9834348.092514850199223, 3555215.769752679858357 ], [ -9833542.049294967204332, 3555177.727879553567618 ], [ -9831965.855913955718279, 3554459.111114499159157 ], [ -9831446.010497784242034, 3553781.763915376272053 ], [ -9831232.390334453433752, 3553080.388901866506785 ], [ -9831126.469500202685595, 3552659.864328571595252 ], [ -9831374.894528761506081, 3551372.616139178629965 ], [ -9830118.262802021577954, 3551163.340399981942028 ], [ -9829946.304739622399211, 3551443.219803729094565 ], [ -9829851.194327231496572, 3552364.114048531278968 ], [ -9829790.976117396727204, 3552726.61629258422181 ], [ -9828756.632742263376713, 3553160.409559928346425 ], [ -9827672.73713955283165, 3553118.404870728030801 ], [ -9823930.277321022003889, 3552258.759782450273633 ], [ -9821496.680935747921467, 3551276.102204724214971 ], [ -9820560.235976813361049, 3550620.798574178013951 ], [ -9818816.743410969153047, 3550038.236276392824948 ], [ -9817816.179501941427588, 3550024.477904876694083 ], [ -9817427.07276245392859, 3550019.105909754522145 ], [ -9817355.547624688595533, 3549915.484021240379661 ], [ -9817029.642714105546474, 3549172.087705655023456 ], [ -9816994.998406725004315, 3549093.060467015486211 ], [ -9817002.275950040668249, 3548562.388181077782065 ], [ -9817084.421727731823921, 3548105.911876553203911 ], [ -9817178.070074733346701, 3547585.491362226661295 ], [ -9817260.140820436179638, 3547129.387281139846891 ], [ -9817526.930216310545802, 3546781.935658367816359 ], [ -9817842.863182062283158, 3546032.177195480559021 ], [ -9817653.560036206617951, 3544815.522388162557036 ], [ -9817414.4974654186517, 3544650.538992879446596 ], [ -9816714.911725150421262, 3544829.493980992119759 ], [ -9816227.178144358098507, 3545199.99648252595216 ], [ -9815113.900065954774618, 3545484.927258733194321 ], [ -9815099.168765893206, 3545491.366904439404607 ], [ -9813484.632232815027237, 3545692.096996371168643 ], [ -9813036.185196217149496, 3545965.042600410990417 ], [ -9812837.387572702020407, 3546269.448286219034344 ], [ -9812584.972201516851783, 3546433.446290439460427 ], [ -9812419.0486822091043, 3546375.230071845464408 ], [ -9812286.414459245279431, 3545926.47596921864897 ], [ -9812320.485460579395294, 3545480.107036325149238 ], [ -9812298.98986835218966, 3545032.963806301355362 ], [ -9811786.484727611765265, 3543795.162299017887563 ], [ -9811661.87340285629034, 3543814.785069067031145 ], [ -9811493.58790073543787, 3543836.727477198000997 ], [ -9811395.217387342825532, 3543846.907863224856555 ], [ -9811065.476110195741057, 3546151.245105853304267 ], [ -9809385.725962180644274, 3549226.711404696106911 ], [ -9808157.047396106645465, 3551368.554887005127966 ], [ -9808081.413213590160012, 3554114.791458082385361 ], [ -9807910.262619173154235, 3556674.391997742466629 ], [ -9807676.867371151223779, 3557965.709376735147089 ], [ -9807858.575204307213426, 3559139.540181548800319 ], [ -9807868.629764916375279, 3560299.76595774339512 ], [ -9808020.305596677586436, 3560949.514246805105358 ], [ -9808010.550911780446768, 3561623.919203436933458 ], [ -9807786.824197189882398, 3562241.26304236985743 ], [ -9807266.995427347719669, 3562908.260955726727843 ], [ -9806825.292532045394182, 3563738.341301747132093 ], [ -9806818.217450331896544, 3564224.012686002068222 ], [ -9806990.834180876612663, 3565279.129185167141259 ], [ -9807455.324422495439649, 3566581.552260549739003 ], [ -9807539.221212210133672, 3568202.470471941400319 ], [ -9807451.983884187415242, 3568660.139115717727691 ], [ -9807280.237479662522674, 3569386.569052407983691 ], [ -9807002.601724479347467, 3570003.477630799636245 ], [ -9806700.835187610238791, 3570431.043677070178092 ], [ -9806291.205294756218791, 3570884.024602601770312 ], [ -9805582.881812732666731, 3571548.605030674487352 ], [ -9805131.596396736800671, 3573000.169964952860028 ], [ -9805111.304575141519308, 3574377.275914570316672 ], [ -9805281.096115041524172, 3575622.298823513556272 ], [ -9805592.042135151103139, 3576410.297014771029353 ], [ -9805365.519240036606789, 3577190.354036129079759 ], [ -9804820.035287195816636, 3577722.547460123896599 ], [ -9803732.542468415573239, 3578543.811417629010975 ], [ -9803305.629878602921963, 3579257.514308355282992 ], [ -9802553.415420038625598, 3581016.083097857423127 ], [ -9802405.849153546616435, 3581892.142829833552241 ], [ -9802254.741737583652139, 3582106.059743100777268 ], [ -9802144.971123633906245, 3582253.039412495214492 ], [ -9802061.070081725716591, 3582467.977909253910184 ], [ -9802151.320748388767242, 3582726.099814872257411 ], [ -9802402.291146548464894, 3583027.201047064270824 ], [ -9802507.817378109320998, 3583163.936710140667856 ], [ -9802623.149962777271867, 3583544.078115139622241 ], [ -9802698.76161459647119, 3583883.085473421029747 ], [ -9802622.23451497592032, 3584503.622910312376916 ], [ -9802524.676928324624896, 3584731.911593651864678 ], [ -9802387.183564051985741, 3584932.567155189812183 ], [ -9802304.482741698622704, 3585066.474127559922636 ], [ -9802248.063896611332893, 3585241.328706732019782 ], [ -9802199.816665608435869, 3585767.740015288814902 ], [ -9802358.94667349755764, 3585918.836436129640788 ], [ -9802518.283012008294463, 3586056.418771621771157 ], [ -9802663.56873993575573, 3586234.339912906289101 ], [ -9802713.311172492802143, 3586505.440308538731188 ], [ -9802603.100242113694549, 3586679.502832919359207 ], [ -9802453.758560683578253, 3586771.866977785713971 ], [ -9802251.637808367609978, 3586795.840578678995371 ], [ -9802049.110329374670982, 3586846.840517009142786 ], [ -9801724.737776104360819, 3586950.057673841714859 ], [ -9801871.444441115483642, 3587033.395172453485429 ], [ -9802059.106336306780577, 3587076.798585122451186 ], [ -9802634.131538551300764, 3587301.80355087062344 ], [ -9802590.951784720644355, 3587490.409232440870255 ], [ -9802494.583859976381063, 3587637.655966811347753 ], [ -9802356.042338628321886, 3587905.935376618523151 ], [ -9802137.814912267029285, 3588105.413624991197139 ], [ -9801853.554245539009571, 3588222.771352978888899 ], [ -9801514.268985420465469, 3588420.403130586259067 ], [ -9800998.90318088978529, 3588696.460590598639101 ], [ -9800766.168321523815393, 3588963.305122838355601 ], [ -9800629.622081197798252, 3589096.419110572431237 ], [ -9800549.945777464658022, 3589027.59902713727206 ], [ -9800554.655817274004221, 3588716.710792683064938 ], [ -9800611.115589339286089, 3588541.817720993421972 ], [ -9800709.149017613381147, 3588286.445761194452643 ], [ -9800791.684572953730822, 3588166.03322337474674 ], [ -9800942.07619259133935, 3588006.100045795552433 ], [ -9801199.441890874877572, 3587888.355248232837766 ], [ -9801415.234155973419547, 3587851.086492549162358 ], [ -9801792.613687017932534, 3587802.752055592369288 ], [ -9801941.362808294594288, 3587750.936345113441348 ], [ -9802037.534849800169468, 3587617.208531387615949 ], [ -9801998.81436014175415, 3587508.471482862252742 ], [ -9801878.998061181977391, 3587425.540680545847863 ], [ -9801597.193771779537201, 3587380.70143528888002 ], [ -9801395.469711480662227, 3587377.631060382351279 ], [ -9801128.545346260070801, 3587238.379655439872295 ], [ -9800901.153679318726063, 3587153.800500073004514 ], [ -9800713.086396545171738, 3587137.409540990833193 ], [ -9800551.301566554233432, 3587161.972315538208932 ], [ -9800320.431859020143747, 3587307.139659880194813 ], [ -9800142.529431816190481, 3587507.190382495056838 ], [ -9799911.854210434481502, 3587638.838071056175977 ], [ -9799761.249048365280032, 3587812.269476824905723 ], [ -9799704.164407750591636, 3588027.695976654533297 ], [ -9799685.368098078295588, 3588378.90822854405269 ], [ -9799696.966241586953402, 3588500.762219733092934 ], [ -9799511.222802298143506, 3589086.794426429551095 ], [ -9799183.046403614804149, 3589560.943816283717752 ], [ -9798912.797889199107885, 3589637.899613310582936 ], [ -9798574.465503297746181, 3589767.880774110555649 ], [ -9798258.674197312444448, 3590182.147990819066763 ], [ -9798114.203373327851295, 3590828.949788646772504 ], [ -9797879.70564397983253, 3591203.933818759862334 ], [ -9797714.952280793339014, 3591417.735365302301943 ], [ -9797591.383533552289009, 3591578.087294610682875 ], [ -9797442.975751904770732, 3591783.57571415649727 ], [ -9797307.718923501670361, 3591828.800748551730067 ], [ -9797279.666672186926007, 3591902.740938283503056 ], [ -9797271.689202059060335, 3591983.755812837276608 ], [ -9797310.797171274200082, 3592065.504581770393997 ], [ -9797624.757982186973095, 3592212.385970454197377 ], [ -9798207.06778622046113, 3592410.757265501189977 ], [ -9798580.243442986160517, 3592646.442498558200896 ], [ -9798679.904166938737035, 3592729.128373978659511 ], [ -9798899.617419136688113, 3592881.290253812912852 ], [ -9798965.750307282432914, 3592956.695302036590874 ], [ -9799090.258196339011192, 3593175.008641447871923 ], [ -9799027.956812409684062, 3593289.006158174946904 ], [ -9798898.691756119951606, 3593381.682730253320187 ], [ -9798674.724741693586111, 3593506.706217045895755 ], [ -9798586.44075109064579, 3593559.439943764358759 ], [ -9798491.428659446537495, 3593612.069064182695001 ], [ -9798422.910642437636852, 3593692.158224017824978 ], [ -9798360.808023143559694, 3593792.634675711859018 ], [ -9798252.526860095560551, 3594271.109770240727812 ], [ -9798228.19102118909359, 3594541.249362184666097 ], [ -9798230.039111202582717, 3594859.142837329301983 ], [ -9798207.362710557878017, 3595021.108128935098648 ], [ -9798176.295475136488676, 3595291.159126933198422 ], [ -9798186.220378207042813, 3595521.270672091748565 ], [ -9798237.762805039063096, 3595670.868587076663971 ], [ -9798268.705366974696517, 3595847.203357798047364 ], [ -9798253.37890193797648, 3595968.712716854177415 ], [ -9798185.261463006958365, 3596021.766099923755974 ], [ -9798098.828310195356607, 3595952.786933559924364 ], [ -9797972.752664359286427, 3595835.845955356955528 ], [ -9797813.973695864900947, 3595657.524057499598712 ], [ -9797742.667799469083548, 3595480.56336829578504 ], [ -9797543.943852044641972, 3595274.568482543341815 ], [ -9797490.743417700752616, 3595233.160045911092311 ], [ -9797430.815149394795299, 3595191.646742088720202 ], [ -9797383.822130104526877, 3595184.151405306067318 ], [ -9797363.220344452187419, 3595210.883769779466093 ], [ -9797355.657632995396852, 3595264.872774482239038 ], [ -9797375.112173741683364, 3595312.519564437679946 ], [ -9797500.238742921501398, 3595490.317973205354065 ], [ -9797682.904397927224636, 3595865.158593126572669 ], [ -9797916.081221304833889, 3596457.239598328247666 ], [ -9798072.527924820780754, 3596996.601663938723505 ], [ -9798112.770289339125156, 3597443.678669470828027 ], [ -9798086.415328668430448, 3598282.100753020960838 ], [ -9798094.030012559145689, 3598703.399732857942581 ], [ -9798118.454008426517248, 3598866.14541397197172 ], [ -9798207.269859448075294, 3599219.325552097056061 ], [ -9798231.072196738794446, 3599422.661635314580053 ], [ -9798175.356193633750081, 3599543.577955150045455 ], [ -9798134.140650505200028, 3599597.06325658550486 ], [ -9798119.014806455001235, 3599705.079898129682988 ], [ -9798114.02030436694622, 3600029.762700328603387 ], [ -9798147.33001222461462, 3600490.371746445540339 ], [ -9798381.125423425808549, 3601048.840787433087826 ], [ -9798391.054041350260377, 3601279.05721477791667 ], [ -9798387.935451043769717, 3601482.008481349330395 ], [ -9798317.291586618870497, 3601697.448401373811066 ], [ -9798180.159599771723151, 3601857.723210566677153 ], [ -9798056.696129636839032, 3602004.676992048509419 ], [ -9797946.276752587407827, 3602178.902391180861741 ], [ -9797875.829470416530967, 3602380.820028786547482 ], [ -9797653.514074893668294, 3602823.999441259540617 ], [ -9797124.418067701160908, 3603072.90672335959971 ], [ -9796040.498179757967591, 3603489.048819991294295 ], [ -9795930.669655786827207, 3603622.677852172404528 ], [ -9795768.031338799744844, 3603687.79748967429623 ], [ -9795566.472791682928801, 3603657.552136677782983 ], [ -9795435.621633794158697, 3603411.85039120959118 ], [ -9795425.11382076330483, 3603222.190633092075586 ], [ -9795494.76078967936337, 3603074.402171125169843 ], [ -9795511.39226813800633, 3602871.640348347835243 ], [ -9795392.112948400899768, 3602747.94756676023826 ], [ -9795299.764417141675949, 3602624.679728519171476 ], [ -9795221.938743291422725, 3602433.969736919738352 ], [ -9795182.603894198313355, 3602365.677506296429783 ], [ -9795007.149618942290545, 3602389.975843796040863 ], [ -9794845.370531985536218, 3602400.953622453846037 ], [ -9794631.219657607376575, 3602316.360817732755095 ], [ -9794484.60270051471889, 3602219.300621326547116 ], [ -9794420.043200748041272, 3602042.33611782733351 ], [ -9794409.126568706706166, 3601879.757466266863048 ], [ -9794466.799028372392058, 3601637.066305282525718 ], [ -9794633.443620748817921, 3601314.905159626621753 ], [ -9794809.942046435549855, 3601222.964933323673904 ], [ -9794945.415360582992435, 3601170.973678480833769 ], [ -9795162.297262843698263, 3601079.667197465430945 ], [ -9795366.135963724926114, 3600961.086343346629292 ], [ -9795530.427768955007195, 3600787.749939486850053 ], [ -9795969.849811162799597, 3600239.837394393514842 ], [ -9796351.608440356329083, 3599934.596257748547941 ], [ -9796515.453447945415974, 3599788.316151498816907 ], [ -9796681.810257704928517, 3599479.699043986387551 ], [ -9796724.498410113155842, 3599331.524453053250909 ], [ -9796766.556928601115942, 3599223.934366774745286 ], [ -9797041.209967099130154, 3598876.427448562346399 ], [ -9797492.705269675701857, 3598409.908814373891801 ], [ -9797571.059341430664062, 3597694.054004160687327 ], [ -9797615.698168605566025, 3596544.807093935087323 ], [ -9797286.350868890061975, 3596079.729456983972341 ], [ -9797220.943702779710293, 3595956.961747207213193 ], [ -9797101.709590524435043, 3595833.355129721108824 ], [ -9796899.226557562127709, 3595870.776016854681075 ], [ -9796790.732897007837892, 3595923.190423411782831 ], [ -9796576.257139971479774, 3595865.726944278925657 ], [ -9796470.277772903442383, 3595755.849961223546416 ], [ -9796301.841306317597628, 3595333.874932959210128 ], [ -9796117.230347475036979, 3595087.501822837162763 ], [ -9795929.474373579025269, 3595043.976856875233352 ], [ -9795727.001535085961223, 3595081.376710907090455 ], [ -9795576.668020686134696, 3595227.805978634394705 ], [ -9795480.156787693500519, 3595375.081910795066506 ], [ -9795342.85181444324553, 3595548.770462562795728 ], [ -9795313.408322747796774, 3595710.631627514958382 ], [ -9795323.702313579618931, 3595913.702628943137825 ], [ -9795403.179760260507464, 3595996.118428728543222 ], [ -9795495.904766581952572, 3596092.27028902200982 ], [ -9795586.946403130888939, 3596296.617579013109207 ], [ -9795542.571592133492231, 3596552.950098078232259 ], [ -9795460.139244748279452, 3596659.877898939419538 ], [ -9795124.116203177720308, 3596627.528400502167642 ], [ -9794950.644456682726741, 3596530.095773336477578 ], [ -9794779.290272215381265, 3596297.416653529275209 ], [ -9794742.302233092486858, 3596080.390156211331487 ], [ -9794813.393540477380157, 3595838.019593609496951 ], [ -9794993.824674712494016, 3595489.162562835030258 ], [ -9795079.207935703918338, 3595192.920478369574994 ], [ -9795109.286018511280417, 3594990.49735221080482 ], [ -9795126.75119262188673, 3594733.774076476693153 ], [ -9795158.514668129384518, 3594423.178047974593937 ], [ -9795119.625333392992616, 3594327.885243793949485 ], [ -9795082.00263375043869, 3594151.459886738099158 ], [ -9795190.307464815676212, 3593906.645690520759672 ], [ -9795777.6969691850245, 3593347.836065128911287 ], [ -9796127.076511399820447, 3592947.583743106108159 ], [ -9796203.379835337400436, 3592800.013700330164284 ], [ -9796293.030088137835264, 3592659.415804954245687 ], [ -9796361.555252492427826, 3592579.345269351731986 ], [ -9796477.690038461238146, 3592466.210301449522376 ], [ -9796485.35897926799953, 3592405.473652894608676 ], [ -9796445.417843954637647, 3592377.80157274659723 ], [ -9796384.459023913368583, 3592403.895031203515828 ], [ -9796302.795982280746102, 3592463.473345253616571 ], [ -9795310.469071410596371, 3593536.599521707277745 ], [ -9795009.194684352725744, 3593869.978689061012119 ], [ -9794451.574695663526654, 3594672.70997277693823 ], [ -9794363.994052434340119, 3595026.308243669103831 ], [ -9794294.594887919723988, 3595160.47464153310284 ], [ -9794173.489658147096634, 3595158.557250364683568 ], [ -9794122.634578878059983, 3594968.381833411753178 ], [ -9794152.93934465572238, 3594752.442542290315032 ], [ -9794433.275120722129941, 3594040.015959871001542 ], [ -9795134.454489219933748, 3593090.818456414621323 ], [ -9795340.688035972416401, 3592810.057136032730341 ], [ -9795753.967709580436349, 3592194.461086524184793 ], [ -9796176.465130170807242, 3591849.482603350188583 ], [ -9796368.783165495842695, 3591595.558029698207974 ], [ -9796548.813011270016432, 3591362.492980065755546 ], [ -9796529.681027064099908, 3591294.581337051931769 ], [ -9796369.302553858608007, 3591224.460821534972638 ], [ -9795826.490194084122777, 3591087.49401457188651 ], [ -9795375.852919075638056, 3591080.415481812786311 ], [ -9795174.496853506192565, 3591050.202967999037355 ], [ -9795107.132501216605306, 3591055.903418231755495 ], [ -9795106.39476028829813, 3591103.21949778823182 ], [ -9795186.368414150550961, 3591151.806530077941716 ], [ -9795313.319290544837713, 3591207.893527959939092 ], [ -9795413.472499798983335, 3591256.796982665546238 ], [ -9795479.996293362230062, 3591305.17128726048395 ], [ -9795478.20788717456162, 3591420.084536208305508 ], [ -9795442.472892761230469, 3591554.74921640381217 ], [ -9795386.453070377930999, 3591695.857625549193472 ], [ -9795318.032297473400831, 3591769.157325863838196 ], [ -9795209.674224957823753, 3591814.782416787464172 ], [ -9795006.830408005043864, 3591879.202674556523561 ], [ -9794932.102145124226809, 3591925.355594199616462 ], [ -9794843.28720842115581, 3592011.855542321689427 ], [ -9794675.302796617150307, 3592428.43038478679955 ], [ -9794446.826061993837357, 3593270.075387064367533 ], [ -9794323.833041278645396, 3593389.8516208473593 ], [ -9794228.170181818306446, 3593483.010781392920762 ], [ -9793995.097658090293407, 3593756.579696800559759 ], [ -9793785.101429926231503, 3594273.973850502632558 ], [ -9793755.323043022304773, 3594456.097834942862391 ], [ -9793692.223623430356383, 3594617.406527687329799 ], [ -9793588.649111945182085, 3594784.837157178204507 ], [ -9793425.052502293139696, 3594917.499382288660854 ], [ -9793296.583274798467755, 3594956.035256449133158 ], [ -9793020.738437777385116, 3594951.644270992837846 ], [ -9792872.831048008054495, 3594942.52418353036046 ], [ -9792784.300591785460711, 3595008.744004159700125 ], [ -9792702.283553557470441, 3595088.593835594132543 ], [ -9792634.576353410258889, 3595114.56617527641356 ], [ -9792493.823233796283603, 3595078.502790259663016 ], [ -9792420.457409886643291, 3595036.751667244825512 ], [ -9792272.014543738216162, 3595061.431643354706466 ], [ -9792197.364567168056965, 3595100.816895398311317 ], [ -9792129.549251906573772, 3595133.547957602422684 ], [ -9792048.706278301775455, 3595139.01727382838726 ], [ -9791894.498948788270354, 3595102.731677311938256 ], [ -9791821.886166891083121, 3595013.646929847542197 ], [ -9791796.369438933208585, 3594925.317356744781137 ], [ -9791798.837246377021074, 3594769.806555097457021 ], [ -9791840.598427588120103, 3594682.556864725891501 ], [ -9791867.938375314697623, 3594655.943056638352573 ], [ -9791975.689135506749153, 3594650.905927049461752 ], [ -9792022.997528960928321, 3594638.137454189825803 ], [ -9792111.100582463666797, 3594598.969900628086179 ], [ -9792185.533593399450183, 3594573.109007766470313 ], [ -9792301.616536255925894, 3594466.758970589376986 ], [ -9792336.75259473733604, 3594372.640844190027565 ], [ -9792346.04777123965323, 3594210.482903785072267 ], [ -9792320.100718442350626, 3594149.203820757567883 ], [ -9792267.351206922903657, 3594080.733867675997317 ], [ -9792120.740154160186648, 3593990.474953185766935 ], [ -9791967.939804036170244, 3593866.303188492078334 ], [ -9791929.612633671611547, 3593737.20195789495483 ], [ -9791945.960883289575577, 3593554.878401196561754 ], [ -9791955.902989102527499, 3593352.16807206440717 ], [ -9791957.081749213859439, 3593277.802271099761128 ], [ -9791883.728114200755954, 3593236.054471893701702 ], [ -9791810.911150645464659, 3593160.504153457935899 ], [ -9791745.35826594568789, 3593051.25975751504302 ], [ -9791767.576615920290351, 3592923.136557787191123 ], [ -9791897.957896862179041, 3592762.937199570704252 ], [ -9792452.434412367641926, 3592589.231440480332822 ], [ -9792648.04069403372705, 3592558.543783846776932 ], [ -9792823.892985185608268, 3592500.490981143433601 ], [ -9792939.311214588582516, 3592434.711733638308942 ], [ -9793075.440502602607012, 3592335.452633726876229 ], [ -9793123.91060926578939, 3592248.321668135933578 ], [ -9793044.471423827111721, 3592165.917406715452671 ], [ -9792702.491288440302014, 3592092.853041108231992 ], [ -9792507.533353304490447, 3592082.981364694889635 ], [ -9792317.698323698714375, 3592174.612678926438093 ], [ -9792203.028489822521806, 3592193.065112215932459 ], [ -9792101.918247895315289, 3592204.97172182938084 ], [ -9791969.532294295728207, 3592067.621439042966813 ], [ -9791931.424021134153008, 3591925.019203680101782 ], [ -9791881.149972604587674, 3591701.086895694490522 ], [ -9791638.504897315055132, 3591305.046284966636449 ], [ -9791432.256429919973016, 3591159.755362290889025 ], [ -9791332.872888799756765, 3591063.505707021337003 ], [ -9791293.914960362017155, 3590974.987235381267965 ], [ -9791288.585968393832445, 3590887.009205899201334 ], [ -9791315.703550945967436, 3590873.922659535426646 ], [ -9791382.315995318815112, 3590915.55739226937294 ], [ -9791656.139575865119696, 3591041.646206674631685 ], [ -9791736.956130927428603, 3591036.180015776306391 ], [ -9791852.258651351556182, 3590977.177381263114512 ], [ -9791972.572663296014071, 3591026.429983987472951 ], [ -9792046.021074179559946, 3591061.410075880587101 ], [ -9792333.306852519512177, 3591187.701016117352992 ], [ -9792448.501420095562935, 3591135.451460669748485 ], [ -9792436.118007509037852, 3591067.643103710375726 ], [ -9792390.212663773447275, 3590992.538926171604544 ], [ -9792468.041211342439055, 3590750.387186969164759 ], [ -9792931.89851913228631, 3590771.302913825493306 ], [ -9792977.239559296518564, 3590561.473531582858413 ], [ -9791192.637555334717035, 3590173.00509551493451 ], [ -9791027.649274675175548, 3590293.441713957581669 ], [ -9790991.440534045919776, 3590455.115465866867453 ], [ -9790969.435037916526198, 3590569.694105661008507 ], [ -9790933.547472562640905, 3590711.093805051874369 ], [ -9790837.881943434476852, 3590804.206970669329166 ], [ -9790500.668219428509474, 3591278.807916954159737 ], [ -9790403.484051790088415, 3591466.55408918345347 ], [ -9790319.856992036104202, 3591647.759617956820875 ], [ -9790270.29026110470295, 3591802.471205392852426 ], [ -9790281.474256869405508, 3591944.642082893755287 ], [ -9790311.541238797828555, 3592168.258278040681034 ], [ -9790232.473015734925866, 3592484.781365682836622 ], [ -9790064.223167767748237, 3592908.062376824207604 ], [ -9789835.635528843849897, 3593316.854367858264595 ], [ -9789740.049850264564157, 3593403.216429470106959 ], [ -9789630.575145617127419, 3593516.402573920320719 ], [ -9789459.360966701060534, 3593702.974266275763512 ], [ -9789261.232782255858183, 3593889.109453304670751 ], [ -9788984.875058019533753, 3593991.818192678038031 ], [ -9788514.18501109816134, 3593970.635032943915576 ], [ -9788424.257791424170136, 3593705.433767897076905 ], [ -9788050.476169506087899, 3592685.020195125136524 ], [ -9787828.007401183247566, 3592295.968302108347416 ], [ -9787724.652930034324527, 3592030.578468299470842 ], [ -9787665.977591836825013, 3591914.674504585564137 ], [ -9787494.775848839432001, 3591269.555473678279668 ], [ -9787448.854644026607275, 3590782.015820287633687 ], [ -9787466.904159946367145, 3590498.359947205521166 ], [ -9787552.204535271972418, 3590215.810263501945883 ], [ -9787601.41663814894855, 3589669.024691662751138 ], [ -9787536.68412702344358, 3589512.482155064120889 ], [ -9787510.644311800599098, 3588983.134522050153464 ], [ -9787733.008758815005422, 3587299.149322615936399 ] ], [ [ -9787987.55343153886497, 3589439.107454516924918 ], [ -9787989.649671576917171, 3589462.292759219650179 ], [ -9788051.179897412657738, 3590142.833567234687507 ], [ -9788148.238823119550943, 3590381.035743930377066 ], [ -9788153.65480775013566, 3590462.251699078828096 ], [ -9788125.007349178195, 3590569.955568102188408 ], [ -9787994.712995832785964, 3590723.327450212556869 ], [ -9787939.48904481343925, 3590810.316780764609575 ], [ -9787984.820307405665517, 3590919.230597491376102 ], [ -9788035.786018880084157, 3591095.846915564965457 ], [ -9788046.507568856701255, 3591265.047864745836705 ], [ -9788102.345259079709649, 3591556.688890582416207 ], [ -9788263.075225066393614, 3592019.082929878029972 ], [ -9788533.370810208842158, 3592780.796749162022024 ], [ -9788965.907408600673079, 3593497.852961134631187 ], [ -9789096.435218080878258, 3593257.536891944240779 ], [ -9789193.219007013365626, 3593096.817204933613539 ], [ -9789392.962985336780548, 3592809.291219866834581 ], [ -9789702.055256439372897, 3592415.3507807306014 ], [ -9789778.320528402924538, 3592274.589586405083537 ], [ -9789862.717552622780204, 3592046.060738194733858 ], [ -9789943.52276206202805, 3591621.397875650785863 ], [ -9790017.379798332229257, 3591210.15846347482875 ], [ -9790142.767024053260684, 3590941.74302300112322 ], [ -9790411.111421316862106, 3590567.465215534437448 ], [ -9790555.581243135035038, 3590366.972714963834733 ], [ -9790684.700423371046782, 3590062.389831439591944 ], [ -9788552.801390549167991, 3589597.883926836773753 ], [ -9787987.55343153886497, 3589439.107454516924918 ] ] ] ] } }
]
}
